"name","year","pop","id","continent"
"Afghanistan",1950,7776133,"AFG","Asia"
"Albania",1950,1247805,"ALB","Europe"
"Algeria",1950,9018372,"DZA","Africa"
"American Samoa",1950,19025,"ASM","Oceania"
"Andorra",1950,5979,"AND","Europe"
"Angola",1950,4551815,"AGO","Africa"
"Anguilla",1950,4981,"AIA","Americas"
"Antigua and Barbuda",1950,45421,"ATG","Americas"
"Argentina",1950,17017981,"ARG","Americas"
"Armenia",1950,1382852,"ARM","Asia"
"Aruba",1950,42718,"ABW","Americas"
"Australia",1950,8176704,"AUS","Oceania"
"Austria",1950,6936410,"AUT","Europe"
"Azerbaijan",1950,3131945,"AZE","Asia"
"Bahamas",1950,83468,"BHS","Americas"
"Bahrain",1950,117226,"BHR","Asia"
"Bangladesh",1950,41206802,"BGD","Asia"
"Barbados",1950,209878,"BRB","Americas"
"Belarus",1950,7127548,"BLR","Europe"
"Belgium",1950,8617394,"BEL","Europe"
"Belize",1950,69045,"BLZ","Americas"
"Benin",1950,2250436,"BEN","Africa"
"Bermuda",1950,37193,"BMU","Americas"
"Bhutan",1950,169947,"BTN","Asia"
"Bolivia",1950,3089932,"BOL","Americas"
"Bonaire Sint Eustatius and Saba",1950,6977,"BES","Americas"
"Bosnia and Herzegovina",1950,2690354,"BIH","Europe"
"Botswana",1950,413657,"BWA","Africa"
"Brazil",1950,53408501,"BRA","Americas"
"British Virgin Islands",1950,7346,"IOT","Africa"
"Brunei",1950,48277,"BRN","Asia"
"Bulgaria",1950,7248464,"BGR","Europe"
"Burkina Faso",1950,4213108,"BFA","Africa"
"Burundi",1950,2254890,"BDI","Africa"
"Cambodia",1950,4375201,"KHM","Asia"
"Cameroon",1950,4330036,"CMR","Africa"
"Canada",1950,13741686,"CAN","Americas"
"Cape Verde",1950,184939,"CPV","Africa"
"Cayman Islands",1950,6978,"CYM","Americas"
"Central African Republic",1950,1438018,"CAF","Africa"
"Chad",1950,2525413,"TCD","Africa"
"Chile",1950,6628527,"CHL","Americas"
"China",1950,544044304,"CHN","Asia"
"Colombia",1950,11766938,"COL","Americas"
"Comoros",1950,161905,"COM","Africa"
"Congo",1950,835225,"COG","Africa"
"Cook Islands",1950,14674,"COK","Oceania"
"Costa Rica",1950,926717,"CRI","Americas"
"Cote d'Ivoire",1950,2735138,"CIV","Africa"
"Croatia",1950,3864936,"HRV","Europe"
"Cuba",1950,5924465,"CUB","Americas"
"Cyprus",1950,493834,"CYP","Asia"
"Czechia",1950,8916664,"CZE","Europe"
"Democratic Republic of Congo",1950,12294248,"COD","Africa"
"Denmark",1950,4268360,"DNK","Europe"
"Djibouti",1950,62311,"DJI","Africa"
"Dominica",1950,50174,"DMA","Americas"
"Dominican Republic",1950,2379852,"DOM","Americas"
"East Timor",1950,414723,"TLS","Asia"
"Ecuador",1950,3516745,"ECU","Americas"
"Egypt",1950,21148127,"EGY","Africa"
"El Salvador",1950,2183456,"SLV","Americas"
"Equatorial Guinea",1950,226520,"GNQ","Africa"
"Eritrea",1950,814829,"ERI","Africa"
"Estonia",1950,1102004,"EST","Europe"
"Eswatini",1950,271629,"SWZ","Africa"
"Ethiopia",1950,17670379,"ETH","Africa"
"Falkland Islands",1950,2172,"FLK","Americas"
"Faroe Islands",1950,31651,"FRO","Europe"
"Fiji",1950,309481,"FJI","Oceania"
"Finland",1950,4008368,"FIN","Europe"
"France",1950,41883073,"FRA","Europe"
"French Guiana",1950,23362,"GUF","Americas"
"French Polynesia",1950,64320,"PYF","Oceania"
"Gabon",1950,472798,"GAB","Africa"
"Gambia",1950,306713,"GMB","Africa"
"Georgia",1950,3497401,"GEO","Asia"
"Germany",1950,69847722,"DEU","Europe"
"Ghana",1950,5080622,"GHA","Africa"
"Gibraltar",1950,21637,"GIB","Europe"
"Greece",1950,7651024,"GRC","Europe"
"Greenland",1950,23188,"GRL","Americas"
"Grenada",1950,77249,"GRD","Americas"
"Guadeloupe",1950,215470,"GLP","Americas"
"Guam",1950,60761,"GUM","Oceania"
"Guatemala",1950,3097158,"GTM","Americas"
"Guernsey",1950,44918,"GGY","Europe"
"Guinea",1950,3013130,"GIN","Africa"
"Guinea-Bissau",1950,543581,"GNB","Africa"
"Guyana",1950,418002,"GUY","Americas"
"Haiti",1950,3265671,"HTI","Americas"
"Honduras",1950,1558893,"HND","Americas"
"Hong Kong",1950,1978296,"HKG","Asia"
"Hungary",1950,9337826,"HUN","Europe"
"Iceland",1950,142629,"ISL","Europe"
"India",1950,346278765,"IND","Asia"
"Indonesia",1950,68798981,"IDN","Asia"
"Iran",1950,16510500,"IRN","Asia"
"Iraq",1950,5653309,"IRQ","Asia"
"Ireland",1950,2912607,"IRL","Europe"
"Isle of Man",1950,55079,"IMN","Europe"
"Israel",1950,1289196,"ISR","Asia"
"Italy",1950,46391630,"ITA","Europe"
"Jamaica",1950,1407175,"JAM","Americas"
"Japan",1950,86443232,"JPN","Asia"
"Jersey",1950,57081,"JEY","Europe"
"Jordan",1950,438759,"JOR","Asia"
"Kazakhstan",1950,6787099,"KAZ","Asia"
"Kenya",1950,5769145,"KEN","Africa"
"Kiribati",1950,37825,"KIR","Oceania"
"Kosovo",1950,778425,"XKX","Europe"
"Kuwait",1950,153929,"KWT","Asia"
"Kyrgyzstan",1950,1751096,"KGZ","Asia"
"Laos",1950,1684511,"LAO","Asia"
"Latvia",1950,1918675,"LVA","Europe"
"Lebanon",1950,1349304,"LBN","Asia"
"Lesotho",1950,579511,"LSO","Africa"
"Liberia",1950,918863,"LBR","Africa"
"Libya",1950,1131426,"LBY","Africa"
"Liechtenstein",1950,13747,"LIE","Europe"
"Lithuania",1950,2432951,"LTU","Europe"
"Luxembourg",1950,296536,"LUX","Europe"
"Macao",1950,196629,"MAC","Asia"
"Madagascar",1950,3956023,"MDG","Africa"
"Malawi",1950,2950254,"MWI","Africa"
"Malaysia",1950,6098237,"MYS","Asia"
"Maldives",1950,74421,"MDV","Asia"
"Mali",1950,4696872,"MLI","Africa"
"Malta",1950,294637,"MLT","Europe"
"Marshall Islands",1950,12975,"MHL","Oceania"
"Martinique",1950,232033,"MTQ","Americas"
"Mauritania",1950,657682,"MRT","Africa"
"Mauritius",1950,525520,"MUS","Africa"
"Mayotte",1950,20511,"MYT","Africa"
"Mexico",1950,27587893,"MEX","Americas"
"Micronesia (country)",1950,32086,"FSM","Oceania"
"Moldova",1950,2528320,"MDA","Europe"
"Monaco",1950,19645,"MCO","Europe"
"Mongolia",1950,781648,"MNG","Asia"
"Montenegro",1950,402476,"MNE","Europe"
"Montserrat",1950,12925,"MSR","Americas"
"Morocco",1950,8935407,"MAR","Africa"
"Mozambique",1950,5910198,"MOZ","Africa"
"Myanmar",1950,17737081,"MMR","Asia"
"Namibia",1950,514559,"NAM","Africa"
"Nauru",1950,3389,"NRU","Oceania"
"Nepal",1950,8396565,"NPL","Asia"
"Netherlands",1950,10113709,"NLD","Europe"
"New Caledonia",1950,63755,"NCL","Oceania"
"New Zealand",1950,1911212,"NZL","Oceania"
"Nicaragua",1950,1331400,"NIC","Americas"
"Niger",1950,2597773,"NER","Africa"
"Nigeria",1950,37282970,"NGA","Africa"
"Niue",1950,4490,"NIU","Oceania"
"North Korea",1950,11116683,"PRK","Asia"
"North Macedonia",1950,1248628,"MKD","Europe"
"Northern Mariana Islands",1950,7092,"MNP","Oceania"
"Norway",1950,3265145,"NOR","Europe"
"Oman",1950,456947,"OMN","Asia"
"Pakistan",1950,35849208,"PAK","Asia"
"Palau",1950,7448,"PLW","Oceania"
"Palestine",1950,944587,"PSX","Asia"
"Panama",1950,860801,"PAN","Americas"
"Papua New Guinea",1950,1543398,"PNG","Oceania"
"Paraguay",1950,1504304,"PRY","Americas"
"Peru",1950,7677360,"PER","Americas"
"Philippines",1950,18849480,"PHL","Asia"
"Poland",1950,24780120,"POL","Europe"
"Portugal",1950,8418820,"PRT","Europe"
"Puerto Rico",1950,2229048,"PRI","Americas"
"Qatar",1950,24266,"QAT","Asia"
"Reunion",1950,249183,"REU","Africa"
"Romania",1950,16397220,"ROU","Europe"
"Russia",1950,103392314,"RUS","Europe"
"Rwanda",1950,2157051,"RWA","Africa"
"Saint Barthelemy",1950,1994,"BLM","Americas"
"Saint Helena",1950,5215,"SHN","Africa"
"Saint Kitts and Nevis",1950,47213,"KNA","Americas"
"Saint Lucia",1950,92965,"LCA","Americas"
"Saint Martin (French part)",1950,2962,"MAF","Americas"
"Saint Pierre and Miquelon",1950,4470,"SPM","Americas"
"Saint Vincent and the Grenadines",1950,61640,"VCT","Americas"
"Samoa",1950,88247,"WSM","Oceania"
"San Marino",1950,12923,"SMR","Europe"
"Sao Tome and Principe",1950,60852,"STP","Africa"
"Saudi Arabia",1950,1703232,"SAU","Asia"
"Senegal",1950,2555329,"SEN","Africa"
"Serbia",1950,6009148,"SRB","Europe"
"Seychelles",1950,38266,"SYC","Africa"
"Sierra Leone",1950,1999578,"SLE","Africa"
"Singapore",1950,1013271,"SGP","Asia"
"Sint Maarten (Dutch part)",1950,1428,"SXM","Americas"
"Slovakia",1950,3465707,"SVK","Europe"
"Slovenia",1950,1446309,"SVN","Europe"
"Solomon Islands",1950,108610,"SLB","Oceania"
"Somalia",1950,2213095,"SOM","Africa"
"South Africa",1950,13038461,"ZAF","Africa"
"South Korea",1950,19757280,"KOR","Asia"
"South Sudan",1950,2493235,"SSD","Africa"
"Spain",1950,28077007,"ESP","Europe"
"Sri Lanka",1950,7811013,"LKA","Asia"
"Sudan",1950,6189859,"SDN","Africa"
"Suriname",1950,195523,"SUR","Americas"
"Sweden",1950,7016510,"SWE","Europe"
"Switzerland",1950,4692590,"CHE","Europe"
"Syria",1950,3612038,"SYR","Asia"
"Taiwan",1950,7596500,"TWN","Asia"
"Tajikistan",1950,1528265,"TJK","Asia"
"Tanzania",1950,7625104,"TZA","Africa"
"Thailand",1950,20428361,"THA","Asia"
"Togo",1950,1399556,"TGO","Africa"
"Tokelau",1950,1581,"TKL","Oceania"
"Tonga",1950,49640,"TON","Oceania"
"Trinidad and Tobago",1950,648729,"TTO","Americas"
"Tunisia",1950,3608948,"TUN","Africa"
"Turkey",1950,21021088,"TUR","Asia"
"Turkmenistan",1950,1269132,"TKM","Asia"
"Turks and Caicos Islands",1950,5029,"TCA","Americas"
"Tuvalu",1950,4734,"TUV","Oceania"
"Uganda",1950,5750874,"UGA","Africa"
"Ukraine",1950,37310845,"UKR","Europe"
"United Arab Emirates",1950,74489,"ARE","Asia"
"United Kingdom",1950,50120975,"GBR","Europe"
"United States",1950,154202632,"USA","Americas"
"United States Virgin Islands",1950,27057,"UMI","Oceania"
"Uruguay",1950,2234368,"URY","Americas"
"Uzbekistan",1950,6239857,"UZB","Asia"
"Vanuatu",1950,51509,"VUT","Oceania"
"Venezuela",1950,5488803,"VEN","Americas"
"Vietnam",1950,25100685,"VNM","Asia"
"Wallis and Futuna",1950,8516,"WLF","Oceania"
"Western Sahara",1950,12935,"ESH","Africa"
"Yemen",1950,4616730,"YEM","Asia"
"Zambia",1950,2321252,"ZMB","Africa"
"Zimbabwe",1950,2790863,"ZWE","Africa"
"Afghanistan",1951,7879295,"AFG","Asia"
"Albania",1951,1276310,"ALB","Europe"
"Algeria",1951,9269819,"DZA","Africa"
"American Samoa",1951,19409,"ASM","Oceania"
"Andorra",1951,5802,"AND","Europe"
"Angola",1951,4602514,"AGO","Africa"
"Anguilla",1951,5182,"AIA","Americas"
"Antigua and Barbuda",1951,46408,"ATG","Americas"
"Argentina",1951,17356414,"ARG","Americas"
"Armenia",1951,1417233,"ARM","Asia"
"Aruba",1951,43840,"ABW","Americas"
"Australia",1951,8418566,"AUS","Oceania"
"Austria",1951,6930436,"AUT","Europe"
"Azerbaijan",1951,3187111,"AZE","Asia"
"Bahamas",1951,84565,"BHS","Americas"
"Bahrain",1951,120718,"BHR","Asia"
"Bangladesh",1951,42022262,"BGD","Asia"
"Barbados",1951,213360,"BRB","Americas"
"Belarus",1951,7189378,"BLR","Europe"
"Belgium",1951,8655711,"BEL","Europe"
"Belize",1951,71090,"BLZ","Americas"
"Benin",1951,2267259,"BEN","Africa"
"Bermuda",1951,37779,"BMU","Americas"
"Bhutan",1951,174570,"BTN","Asia"
"Bolivia",1951,3137246,"BOL","Americas"
"Bonaire Sint Eustatius and Saba",1951,7015,"BES","Americas"
"Bosnia and Herzegovina",1951,2730187,"BIH","Europe"
"Botswana",1951,423522,"BWA","Africa"
"Brazil",1951,55018796,"BRA","Americas"
"British Virgin Islands",1951,7364,"IOT","Africa"
"Brunei",1951,51166,"BRN","Asia"
"Bulgaria",1951,7314387,"BGR","Europe"
"Burkina Faso",1951,4260351,"BFA","Africa"
"Burundi",1951,2305699,"BDI","Africa"
"Cambodia",1951,4475651,"KHM","Asia"
"Cameroon",1951,4395318,"CMR","Africa"
"Canada",1951,14083250,"CAN","Americas"
"Cape Verde",1951,187160,"CPV","Africa"
"Cayman Islands",1951,7120,"CYM","Americas"
"Central African Republic",1951,1461210,"CAF","Africa"
"Chad",1951,2570368,"TCD","Africa"
"Chile",1951,6756618,"CHL","Americas"
"China",1951,553758189,"CHN","Asia"
"Colombia",1951,12078760,"COL","Americas"
"Comoros",1951,165500,"COM","Africa"
"Congo",1951,853595,"COG","Africa"
"Cook Islands",1951,15036,"COK","Oceania"
"Costa Rica",1951,958364,"CRI","Americas"
"Cote d'Ivoire",1951,2809320,"CIV","Africa"
"Croatia",1951,3911626,"HRV","Europe"
"Cuba",1951,6042153,"CUB","Americas"
"Cyprus",1951,501020,"CYP","Asia"
"Czechia",1951,8997191,"CZE","Europe"
"Democratic Republic of Congo",1951,12542603,"COD","Africa"
"Denmark",1951,4300208,"DNK","Europe"
"Djibouti",1951,64287,"DJI","Africa"
"Dominica",1951,50421,"DMA","Americas"
"Dominican Republic",1951,2450102,"DOM","Americas"
"East Timor",1951,418221,"TLS","Asia"
"Ecuador",1951,3607782,"ECU","Americas"
"Egypt",1951,21605871,"EGY","Africa"
"El Salvador",1951,2235260,"SLV","Americas"
"Equatorial Guinea",1951,230582,"GNQ","Africa"
"Eritrea",1951,826990,"ERI","Africa"
"Estonia",1951,1116139,"EST","Europe"
"Eswatini",1951,278576,"SWZ","Africa"
"Ethiopia",1951,17989003,"ETH","Africa"
"Falkland Islands",1951,2191,"FLK","Americas"
"Faroe Islands",1951,31883,"FRO","Europe"
"Fiji",1951,316089,"FJI","Oceania"
"Finland",1951,4047602,"FIN","Europe"
"France",1951,42333613,"FRA","Europe"
"French Guiana",1951,23675,"GUF","Americas"
"French Polynesia",1951,65878,"PYF","Oceania"
"Gabon",1951,475594,"GAB","Africa"
"Gambia",1951,314450,"GMB","Africa"
"Georgia",1951,3541194,"GEO","Asia"
"Germany",1951,69782000,"DEU","Europe"
"Ghana",1951,5229084,"GHA","Africa"
"Gibraltar",1951,21446,"GIB","Europe"
"Greece",1951,7712818,"GRC","Europe"
"Greenland",1951,23648,"GRL","Americas"
"Grenada",1951,77899,"GRD","Americas"
"Guadeloupe",1951,219529,"GLP","Americas"
"Guam",1951,61273,"GUM","Oceania"
"Guatemala",1951,3177322,"GTM","Americas"
"Guernsey",1951,45799,"GGY","Europe"
"Guinea",1951,3061925,"GIN","Africa"
"Guinea-Bissau",1951,549696,"GNB","Africa"
"Guyana",1951,429066,"GUY","Americas"
"Haiti",1951,3314873,"HTI","Americas"
"Honduras",1951,1601443,"HND","Americas"
"Hong Kong",1951,2069435,"HKG","Asia"
"Hungary",1951,9423131,"HUN","Europe"
"Iceland",1951,145386,"ISL","Europe"
"India",1951,353870007,"IND","Asia"
"Indonesia",1951,70286268,"IDN","Asia"
"Iran",1951,16921229,"IRN","Asia"
"Iraq",1951,5774085,"IRQ","Asia"
"Ireland",1951,2936815,"IRL","Europe"
"Isle of Man",1951,55046,"IMN","Europe"
"Israel",1951,1351774,"ISR","Asia"
"Italy",1951,46751842,"ITA","Europe"
"Jamaica",1951,1447422,"JAM","Americas"
"Japan",1951,87849881,"JPN","Asia"
"Jersey",1951,57989,"JEY","Europe"
"Jordan",1951,471115,"JOR","Asia"
"Kazakhstan",1951,7020859,"KAZ","Asia"
"Kenya",1951,5893537,"KEN","Africa"
"Kiribati",1951,38605,"KIR","Oceania"
"Kosovo",1951,794275,"XKX","Europe"
"Kuwait",1951,158422,"KWT","Asia"
"Kyrgyzstan",1951,1787466,"KGZ","Asia"
"Laos",1951,1725206,"LAO","Asia"
"Latvia",1951,1933868,"LVA","Europe"
"Lebanon",1951,1387523,"LBN","Asia"
"Lesotho",1951,590223,"LSO","Africa"
"Liberia",1951,936370,"LBR","Africa"
"Libya",1951,1145342,"LBY","Africa"
"Liechtenstein",1951,13978,"LIE","Europe"
"Lithuania",1951,2458777,"LTU","Europe"
"Luxembourg",1951,298106,"LUX","Europe"
"Macao",1951,200071,"MAC","Asia"
"Madagascar",1951,4057158,"MDG","Africa"
"Malawi",1951,3002842,"MWI","Africa"
"Malaysia",1951,6257372,"MYS","Asia"
"Maldives",1951,75680,"MDV","Asia"
"Mali",1951,4766653,"MLI","Africa"
"Malta",1951,300413,"MLT","Europe"
"Marshall Islands",1951,13091,"MHL","Oceania"
"Martinique",1951,237450,"MTQ","Americas"
"Mauritania",1951,670851,"MRT","Africa"
"Mauritius",1951,541122,"MUS","Africa"
"Mayotte",1951,20902,"MYT","Africa"
"Mexico",1951,28320443,"MEX","Americas"
"Micronesia (country)",1951,32985,"FSM","Oceania"
"Moldova",1951,2572687,"MDA","Europe"
"Monaco",1951,20324,"MCO","Europe"
"Mongolia",1951,794281,"MNG","Asia"
"Montenegro",1951,410024,"MNE","Europe"
"Montserrat",1951,12827,"MSR","Americas"
"Morocco",1951,9159244,"MAR","Africa"
"Mozambique",1951,5978112,"MOZ","Africa"
"Myanmar",1951,18070369,"MMR","Asia"
"Namibia",1951,520354,"NAM","Africa"
"Nauru",1951,3499,"NRU","Oceania"
"Nepal",1951,8572611,"NPL","Asia"
"Netherlands",1951,10264492,"NLD","Europe"
"New Caledonia",1951,64695,"NCL","Oceania"
"New Zealand",1951,1951162,"NZL","Oceania"
"Nicaragua",1951,1369609,"NIC","Americas"
"Niger",1951,2684702,"NER","Africa"
"Nigeria",1951,37994042,"NGA","Africa"
"Niue",1951,4530,"NIU","Oceania"
"North Korea",1951,10583524,"PRK","Asia"
"North Macedonia",1951,1270990,"MKD","Europe"
"Northern Mariana Islands",1951,7219,"MNP","Oceania"
"Norway",1951,3295917,"NOR","Europe"
"Oman",1951,462713,"OMN","Asia"
"Pakistan",1951,36581860,"PAK","Asia"
"Palau",1951,7634,"PLW","Oceania"
"Palestine",1951,952903,"PSX","Asia"
"Panama",1951,881967,"PAN","Americas"
"Papua New Guinea",1951,1574882,"PNG","Oceania"
"Paraguay",1951,1537894,"PRY","Americas"
"Peru",1951,7893569,"PER","Americas"
"Philippines",1951,19568040,"PHL","Asia"
"Poland",1951,25222639,"POL","Europe"
"Portugal",1951,8474150,"PRT","Europe"
"Puerto Rico",1951,2247479,"PRI","Americas"
"Qatar",1951,25049,"QAT","Asia"
"Reunion",1951,258473,"REU","Africa"
"Romania",1951,16625556,"ROU","Europe"
"Russia",1951,104844598,"RUS","Europe"
"Rwanda",1951,2236000,"RWA","Africa"
"Saint Barthelemy",1951,2046,"BLM","Americas"
"Saint Helena",1951,5261,"SHN","Africa"
"Saint Kitts and Nevis",1951,48296,"KNA","Americas"
"Saint Lucia",1951,93947,"LCA","Americas"
"Saint Martin (French part)",1951,3094,"MAF","Americas"
"Saint Pierre and Miquelon",1951,4515,"SPM","Americas"
"Saint Vincent and the Grenadines",1951,63327,"VCT","Americas"
"Samoa",1951,90479,"WSM","Oceania"
"San Marino",1951,13097,"SMR","Europe"
"Sao Tome and Principe",1951,61734,"STP","Africa"
"Saudi Arabia",1951,1763563,"SAU","Asia"
"Senegal",1951,2619595,"SEN","Africa"
"Serbia",1951,6067002,"SRB","Europe"
"Seychelles",1951,38655,"SYC","Africa"
"Sierra Leone",1951,2023241,"SLE","Africa"
"Singapore",1951,1067993,"SGP","Asia"
"Sint Maarten (Dutch part)",1951,1535,"SXM","Americas"
"Slovakia",1951,3525338,"SVK","Europe"
"Slovenia",1951,1462680,"SVN","Europe"
"Solomon Islands",1951,110926,"SLB","Oceania"
"Somalia",1951,2276638,"SOM","Africa"
"South Africa",1951,13308974,"ZAF","Africa"
"South Korea",1951,19868939,"KOR","Asia"
"South Sudan",1951,2529575,"SSD","Africa"
"Spain",1951,28214807,"ESP","Europe"
"Sri Lanka",1951,7956289,"LKA","Asia"
"Sudan",1951,6376017,"SDN","Africa"
"Suriname",1951,200476,"SUR","Americas"
"Sweden",1951,7072839,"SWE","Europe"
"Switzerland",1951,4748035,"CHE","Europe"
"Syria",1951,3684814,"SYR","Asia"
"Taiwan",1951,7862760,"TWN","Asia"
"Tajikistan",1951,1588286,"TJK","Asia"
"Tanzania",1951,7812924,"TZA","Africa"
"Thailand",1951,20965131,"THA","Asia"
"Togo",1951,1424357,"TGO","Africa"
"Tokelau",1951,1548,"TKL","Oceania"
"Tonga",1951,50930,"TON","Oceania"
"Trinidad and Tobago",1951,665703,"TTO","Americas"
"Tunisia",1951,3682051,"TUN","Africa"
"Turkey",1951,21643819,"TUR","Asia"
"Turkmenistan",1951,1294030,"TKM","Asia"
"Turks and Caicos Islands",1951,5036,"TCA","Americas"
"Tuvalu",1951,4911,"TUV","Oceania"
"Uganda",1951,5911131,"UGA","Africa"
"Ukraine",1951,37807712,"UKR","Europe"
"United Arab Emirates",1951,79522,"ARE","Asia"
"United Kingdom",1951,50346783,"GBR","Europe"
"United States",1951,156481263,"USA","Americas"
"United States Virgin Islands",1951,27721,"UMI","Oceania"
"Uruguay",1951,2256361,"URY","Americas"
"Uzbekistan",1951,6384953,"UZB","Asia"
"Vanuatu",1951,52337,"VUT","Oceania"
"Venezuela",1951,5732553,"VEN","Americas"
"Vietnam",1951,25600226,"VNM","Asia"
"Wallis and Futuna",1951,8794,"WLF","Oceania"
"Western Sahara",1951,14186,"ESH","Africa"
"Yemen",1951,4684104,"YEM","Asia"
"Zambia",1951,2393260,"ZMB","Africa"
"Zimbabwe",1951,2880852,"ZWE","Africa"
"Afghanistan",1952,7987737,"AFG","Asia"
"Albania",1952,1308316,"ALB","Europe"
"Algeria",1952,9521159,"DZA","Africa"
"American Samoa",1952,19527,"ASM","Oceania"
"Andorra",1952,5429,"AND","Europe"
"Angola",1952,4651645,"AGO","Africa"
"Anguilla",1952,5347,"AIA","Americas"
"Antigua and Barbuda",1952,47377,"ATG","Americas"
"Argentina",1952,17698837,"ARG","Americas"
"Armenia",1952,1454062,"ARM","Asia"
"Aruba",1952,45011,"ABW","Americas"
"Australia",1952,8630647,"AUS","Oceania"
"Austria",1952,6927208,"AUT","Europe"
"Azerbaijan",1952,3246954,"AZE","Asia"
"Bahamas",1952,86134,"BHS","Americas"
"Bahrain",1952,124420,"BHR","Asia"
"Bangladesh",1952,42892968,"BGD","Asia"
"Barbados",1952,216471,"BRB","Americas"
"Belarus",1952,7264560,"BLR","Europe"
"Belgium",1952,8696594,"BEL","Europe"
"Belize",1952,73322,"BLZ","Americas"
"Benin",1952,2285739,"BEN","Africa"
"Bermuda",1952,38321,"BMU","Americas"
"Bhutan",1952,179349,"BTN","Asia"
"Bolivia",1952,3187487,"BOL","Americas"
"Bonaire Sint Eustatius and Saba",1952,7099,"BES","Americas"
"Bosnia and Herzegovina",1952,2774647,"BIH","Europe"
"Botswana",1952,433672,"BWA","Africa"
"Brazil",1952,56694832,"BRA","Americas"
"British Virgin Islands",1952,7359,"IOT","Africa"
"Brunei",1952,54205,"BRN","Asia"
"Bulgaria",1952,7361901,"BGR","Europe"
"Burkina Faso",1952,4310303,"BFA","Africa"
"Burundi",1952,2355757,"BDI","Africa"
"Cambodia",1952,4577905,"KHM","Asia"
"Cameroon",1952,4464668,"CMR","Africa"
"Canada",1952,14482744,"CAN","Americas"
"Cape Verde",1952,189398,"CPV","Africa"
"Cayman Islands",1952,7240,"CYM","Americas"
"Central African Republic",1952,1484777,"CAF","Africa"
"Chad",1952,2616253,"TCD","Africa"
"Chile",1952,6891938,"CHL","Americas"
"China",1952,565131382,"CHN","Asia"
"Colombia",1952,12405805,"COL","Americas"
"Comoros",1952,168942,"COM","Africa"
"Congo",1952,872634,"COG","Africa"
"Cook Islands",1952,15319,"COK","Oceania"
"Costa Rica",1952,991752,"CRI","Americas"
"Cote d'Ivoire",1952,2885678,"CIV","Africa"
"Croatia",1952,3957359,"HRV","Europe"
"Cuba",1952,6162136,"CUB","Americas"
"Cyprus",1952,508641,"CYP","Asia"
"Czechia",1952,9077167,"CZE","Europe"
"Democratic Republic of Congo",1952,12803588,"COD","Africa"
"Denmark",1952,4332188,"DNK","Europe"
"Djibouti",1952,66332,"DJI","Africa"
"Dominica",1952,50816,"DMA","Americas"
"Dominican Republic",1952,2524999,"DOM","Americas"
"East Timor",1952,422374,"TLS","Asia"
"Ecuador",1952,3702351,"ECU","Americas"
"Egypt",1952,22104896,"EGY","Africa"
"El Salvador",1952,2287918,"SLV","Americas"
"Equatorial Guinea",1952,234647,"GNQ","Africa"
"Eritrea",1952,840303,"ERI","Africa"
"Estonia",1952,1129830,"EST","Europe"
"Eswatini",1952,285599,"SWZ","Africa"
"Ethiopia",1952,18326133,"ETH","Africa"
"Falkland Islands",1952,2194,"FLK","Americas"
"Faroe Islands",1952,31997,"FRO","Europe"
"Fiji",1952,323333,"FJI","Oceania"
"Finland",1952,4090785,"FIN","Europe"
"France",1952,42780229,"FRA","Europe"
"French Guiana",1952,23977,"GUF","Americas"
"French Polynesia",1952,67592,"PYF","Oceania"
"Gabon",1952,478540,"GAB","Africa"
"Gambia",1952,322597,"GMB","Africa"
"Georgia",1952,3586748,"GEO","Asia"
"Germany",1952,69826891,"DEU","Europe"
"Ghana",1952,5387440,"GHA","Africa"
"Gibraltar",1952,21447,"GIB","Europe"
"Greece",1952,7775492,"GRC","Europe"
"Greenland",1952,24153,"GRL","Americas"
"Grenada",1952,78912,"GRD","Americas"
"Guadeloupe",1952,225604,"GLP","Americas"
"Guam",1952,61851,"GUM","Oceania"
"Guatemala",1952,3261605,"GTM","Americas"
"Guernsey",1952,46069,"GGY","Europe"
"Guinea",1952,3111644,"GIN","Africa"
"Guinea-Bissau",1952,553876,"GNB","Africa"
"Guyana",1952,441194,"GUY","Americas"
"Haiti",1952,3366227,"HTI","Americas"
"Honduras",1952,1645788,"HND","Americas"
"Hong Kong",1952,2164752,"HKG","Asia"
"Hungary",1952,9503880,"HUN","Europe"
"Iceland",1952,147731,"ISL","Europe"
"India",1952,361874845,"IND","Asia"
"Indonesia",1952,71876387,"IDN","Asia"
"Iran",1952,17344387,"IRN","Asia"
"Iraq",1952,5912957,"IRQ","Asia"
"Ireland",1952,2941414,"IRL","Europe"
"Isle of Man",1952,54615,"IMN","Europe"
"Israel",1952,1414178,"ISR","Asia"
"Italy",1952,47018129,"ITA","Europe"
"Jamaica",1952,1481294,"JAM","Americas"
"Japan",1952,89135090,"JPN","Asia"
"Jersey",1952,58694,"JEY","Europe"
"Jordan",1952,506396,"JOR","Asia"
"Kazakhstan",1952,7258747,"KAZ","Asia"
"Kenya",1952,6033240,"KEN","Africa"
"Kiribati",1952,39398,"KIR","Oceania"
"Kosovo",1952,810981,"XKX","Europe"
"Kuwait",1952,163135,"KWT","Asia"
"Kyrgyzstan",1952,1824541,"KGZ","Asia"
"Laos",1952,1766148,"LAO","Asia"
"Latvia",1952,1949493,"LVA","Europe"
"Lebanon",1952,1427043,"LBN","Asia"
"Lesotho",1952,601898,"LSO","Africa"
"Liberia",1952,954940,"LBR","Africa"
"Libya",1952,1162431,"LBY","Africa"
"Liechtenstein",1952,14201,"LIE","Europe"
"Lithuania",1952,2486359,"LTU","Europe"
"Luxembourg",1952,299863,"LUX","Europe"
"Macao",1952,200378,"MAC","Asia"
"Madagascar",1952,4160796,"MDG","Africa"
"Malawi",1952,3059345,"MWI","Africa"
"Malaysia",1952,6422805,"MYS","Asia"
"Maldives",1952,77040,"MDV","Asia"
"Mali",1952,4836321,"MLI","Africa"
"Malta",1952,304873,"MLT","Europe"
"Marshall Islands",1952,13196,"MHL","Oceania"
"Martinique",1952,242780,"MTQ","Americas"
"Mauritania",1952,684769,"MRT","Africa"
"Mauritius",1952,557156,"MUS","Africa"
"Mayotte",1952,21314,"MYT","Africa"
"Mexico",1952,29090112,"MEX","Americas"
"Micronesia (country)",1952,33901,"FSM","Oceania"
"Moldova",1952,2619728,"MDA","Europe"
"Monaco",1952,20531,"MCO","Europe"
"Mongolia",1952,807052,"MNG","Asia"
"Montenegro",1952,418859,"MNE","Europe"
"Montserrat",1952,12724,"MSR","Americas"
"Morocco",1952,9394838,"MAR","Africa"
"Mozambique",1952,6050716,"MOZ","Africa"
"Myanmar",1952,18417961,"MMR","Asia"
"Namibia",1952,526602,"NAM","Africa"
"Nauru",1952,3597,"NRU","Oceania"
"Nepal",1952,8747252,"NPL","Asia"
"Netherlands",1952,10382245,"NLD","Europe"
"New Caledonia",1952,65710,"NCL","Oceania"
"New Zealand",1952,1997703,"NZL","Oceania"
"Nicaragua",1952,1408973,"NIC","Americas"
"Niger",1952,2771850,"NER","Africa"
"Nigeria",1952,38716155,"NGA","Africa"
"Niue",1952,4539,"NIU","Oceania"
"North Korea",1952,10253593,"PRK","Asia"
"North Macedonia",1952,1294492,"MKD","Europe"
"Northern Mariana Islands",1952,7308,"MNP","Oceania"
"Norway",1952,3327796,"NOR","Europe"
"Oman",1952,468788,"OMN","Asia"
"Pakistan",1952,37376953,"PAK","Asia"
"Palau",1952,7799,"PLW","Oceania"
"Palestine",1952,962266,"PSX","Asia"
"Panama",1952,904419,"PAN","Americas"
"Papua New Guinea",1952,1609490,"PNG","Oceania"
"Paraguay",1952,1572556,"PRY","Americas"
"Peru",1952,8116618,"PER","Americas"
"Philippines",1952,20328706,"PHL","Asia"
"Poland",1952,25672408,"POL","Europe"
"Portugal",1952,8523376,"PRT","Europe"
"Puerto Rico",1952,2263619,"PRI","Americas"
"Qatar",1952,25866,"QAT","Asia"
"Reunion",1952,268145,"REU","Africa"
"Romania",1952,16846003,"ROU","Europe"
"Russia",1952,106326325,"RUS","Europe"
"Rwanda",1952,2316463,"RWA","Africa"
"Saint Barthelemy",1952,2069,"BLM","Americas"
"Saint Helena",1952,5282,"SHN","Africa"
"Saint Kitts and Nevis",1952,49366,"KNA","Americas"
"Saint Lucia",1952,94379,"LCA","Americas"
"Saint Martin (French part)",1952,3214,"MAF","Americas"
"Saint Pierre and Miquelon",1952,4568,"SPM","Americas"
"Saint Vincent and the Grenadines",1952,65156,"VCT","Americas"
"Samoa",1952,92676,"WSM","Oceania"
"San Marino",1952,13258,"SMR","Europe"
"Sao Tome and Principe",1952,62562,"STP","Africa"
"Saudi Arabia",1952,1826476,"SAU","Asia"
"Senegal",1952,2686964,"SEN","Africa"
"Serbia",1952,6127217,"SRB","Europe"
"Seychelles",1952,38963,"SYC","Africa"
"Sierra Leone",1952,2047150,"SLE","Africa"
"Singapore",1952,1126048,"SGP","Asia"
"Sint Maarten (Dutch part)",1952,1631,"SXM","Americas"
"Slovakia",1952,3591799,"SVK","Europe"
"Slovenia",1952,1479622,"SVN","Europe"
"Solomon Islands",1952,113453,"SLB","Oceania"
"Somalia",1952,2340212,"SOM","Africa"
"South Africa",1952,13595492,"ZAF","Africa"
"South Korea",1952,20229831,"KOR","Asia"
"South Sudan",1952,2569159,"SSD","Africa"
"Spain",1952,28405996,"ESP","Europe"
"Sri Lanka",1952,8111524,"LKA","Asia"
"Sudan",1952,6568566,"SDN","Africa"
"Suriname",1952,206314,"SUR","Americas"
"Sweden",1952,7124628,"SWE","Europe"
"Switzerland",1952,4811567,"CHE","Europe"
"Syria",1952,3765198,"SYR","Asia"
"Taiwan",1952,8148946,"TWN","Asia"
"Tajikistan",1952,1645546,"TJK","Asia"
"Tanzania",1952,8009033,"TZA","Africa"
"Thailand",1952,21527526,"THA","Asia"
"Togo",1952,1449880,"TGO","Africa"
"Tokelau",1952,1544,"TKL","Oceania"
"Tonga",1952,52328,"TON","Oceania"
"Trinidad and Tobago",1952,683396,"TTO","Americas"
"Tunisia",1952,3758133,"TUN","Africa"
"Turkey",1952,22290049,"TUR","Asia"
"Turkmenistan",1952,1320496,"TKM","Asia"
"Turks and Caicos Islands",1952,4998,"TCA","Americas"
"Tuvalu",1952,5034,"TUV","Oceania"
"Uganda",1952,6076990,"UGA","Africa"
"Ukraine",1952,38306675,"UKR","Europe"
"United Arab Emirates",1952,84732,"ARE","Asia"
"United Kingdom",1952,50496184,"GBR","Europe"
"United States",1952,158794170,"USA","Americas"
"United States Virgin Islands",1952,28180,"UMI","Oceania"
"Uruguay",1952,2281065,"URY","Americas"
"Uzbekistan",1952,6536475,"UZB","Asia"
"Vanuatu",1952,53247,"VUT","Oceania"
"Venezuela",1952,5981325,"VEN","Americas"
"Vietnam",1952,26143866,"VNM","Asia"
"Wallis and Futuna",1952,9175,"WLF","Oceania"
"Western Sahara",1952,15516,"ESH","Africa"
"Yemen",1952,4758126,"YEM","Asia"
"Zambia",1952,2467223,"ZMB","Africa"
"Zimbabwe",1952,2972864,"ZWE","Africa"
"Afghanistan",1953,8096656,"AFG","Asia"
"Albania",1953,1343538,"ALB","Europe"
"Algeria",1953,9772605,"DZA","Africa"
"American Samoa",1953,19660,"ASM","Oceania"
"Andorra",1953,5311,"AND","Europe"
"Angola",1953,4706304,"AGO","Africa"
"Anguilla",1953,5477,"AIA","Americas"
"Antigua and Barbuda",1953,48353,"ATG","Americas"
"Argentina",1953,18041250,"ARG","Americas"
"Armenia",1953,1493522,"ARM","Asia"
"Aruba",1953,46220,"ABW","Americas"
"Australia",1953,8816034,"AUS","Oceania"
"Austria",1953,6932036,"AUT","Europe"
"Azerbaijan",1953,3312560,"AZE","Asia"
"Bahamas",1953,88213,"BHS","Americas"
"Bahrain",1953,128353,"BHR","Asia"
"Bangladesh",1953,43791337,"BGD","Asia"
"Barbados",1953,219189,"BRB","Americas"
"Belarus",1953,7350594,"BLR","Europe"
"Belgium",1953,8741817,"BEL","Europe"
"Belize",1953,75486,"BLZ","Americas"
"Benin",1953,2306166,"BEN","Africa"
"Bermuda",1953,38799,"BMU","Americas"
"Bhutan",1953,184304,"BTN","Asia"
"Bolivia",1953,3240922,"BOL","Americas"
"Bonaire Sint Eustatius and Saba",1953,7204,"BES","Americas"
"Bosnia and Herzegovina",1953,2829177,"BIH","Europe"
"Botswana",1953,443933,"BWA","Africa"
"Brazil",1953,58433700,"BRA","Americas"
"British Virgin Islands",1953,7369,"IOT","Africa"
"Brunei",1953,57538,"BRN","Asia"
"Bulgaria",1953,7415866,"BGR","Europe"
"Burkina Faso",1953,4361277,"BFA","Africa"
"Burundi",1953,2405140,"BDI","Africa"
"Cambodia",1953,4680425,"KHM","Asia"
"Cameroon",1953,4538402,"CMR","Africa"
"Canada",1953,14897828,"CAN","Americas"
"Cape Verde",1953,191516,"CPV","Africa"
"Cayman Islands",1953,7388,"CYM","Americas"
"Central African Republic",1953,1508907,"CAF","Africa"
"Chad",1953,2663733,"TCD","Africa"
"Chile",1953,7033491,"CHL","Americas"
"China",1953,577557087,"CHN","Asia"
"Colombia",1953,12746001,"COL","Americas"
"Comoros",1953,172568,"COM","Africa"
"Congo",1953,892413,"COG","Africa"
"Cook Islands",1953,15589,"COK","Oceania"
"Costa Rica",1953,1026963,"CRI","Americas"
"Cote d'Ivoire",1953,2965087,"CIV","Africa"
"Croatia",1953,4006078,"HRV","Europe"
"Cuba",1953,6285708,"CUB","Americas"
"Cyprus",1953,516679,"CYP","Asia"
"Czechia",1953,9152549,"CZE","Europe"
"Democratic Republic of Congo",1953,13069404,"COD","Africa"
"Denmark",1953,4369054,"DNK","Europe"
"Djibouti",1953,68465,"DJI","Africa"
"Dominica",1953,51351,"DMA","Americas"
"Dominican Republic",1953,2604776,"DOM","Americas"
"East Timor",1953,426946,"TLS","Asia"
"Ecuador",1953,3800247,"ECU","Americas"
"Egypt",1953,22644095,"EGY","Africa"
"El Salvador",1953,2341943,"SLV","Americas"
"Equatorial Guinea",1953,238761,"GNQ","Africa"
"Eritrea",1953,854661,"ERI","Africa"
"Estonia",1953,1142601,"EST","Europe"
"Eswatini",1953,292702,"SWZ","Africa"
"Ethiopia",1953,18674725,"ETH","Africa"
"Falkland Islands",1953,2199,"FLK","Americas"
"Faroe Islands",1953,32010,"FRO","Europe"
"Fiji",1953,331173,"FJI","Oceania"
"Finland",1953,4139717,"FIN","Europe"
"France",1953,43227822,"FRA","Europe"
"French Guiana",1953,24308,"GUF","Americas"
"French Polynesia",1953,69468,"PYF","Oceania"
"Gabon",1953,481718,"GAB","Africa"
"Gambia",1953,331052,"GMB","Africa"
"Georgia",1953,3633925,"GEO","Asia"
"Germany",1953,69935067,"DEU","Europe"
"Ghana",1953,5553918,"GHA","Africa"
"Gibraltar",1953,21575,"GIB","Europe"
"Greece",1953,7841224,"GRC","Europe"
"Greenland",1953,24795,"GRL","Americas"
"Grenada",1953,80179,"GRD","Americas"
"Guadeloupe",1953,231933,"GLP","Americas"
"Guam",1953,62521,"GUM","Oceania"
"Guatemala",1953,3348759,"GTM","Americas"
"Guernsey",1953,46176,"GGY","Europe"
"Guinea",1953,3162477,"GIN","Africa"
"Guinea-Bissau",1953,557584,"GNB","Africa"
"Guyana",1953,454514,"GUY","Americas"
"Haiti",1953,3419798,"HTI","Americas"
"Honduras",1953,1691913,"HND","Americas"
"Hong Kong",1953,2264282,"HKG","Asia"
"Hungary",1953,9594432,"HUN","Europe"
"Iceland",1953,150706,"ISL","Europe"
"India",1953,370104517,"IND","Asia"
"Indonesia",1953,73569096,"IDN","Asia"
"Iran",1953,17778059,"IRN","Asia"
"Iraq",1953,6064201,"IRQ","Asia"
"Ireland",1953,2929038,"IRL","Europe"
"Isle of Man",1953,54043,"IMN","Europe"
"Israel",1953,1476281,"ISR","Asia"
"Italy",1953,47410844,"ITA","Europe"
"Jamaica",1953,1509698,"JAM","Americas"
"Japan",1953,90324131,"JPN","Asia"
"Jersey",1953,59342,"JEY","Europe"
"Jordan",1953,544060,"JOR","Asia"
"Kazakhstan",1953,7498427,"KAZ","Asia"
"Kenya",1953,6183844,"KEN","Africa"
"Kiribati",1953,40245,"KIR","Oceania"
"Kosovo",1953,828765,"XKX","Europe"
"Kuwait",1953,168052,"KWT","Asia"
"Kyrgyzstan",1953,1862487,"KGZ","Asia"
"Laos",1953,1807770,"LAO","Asia"
"Latvia",1953,1965150,"LVA","Europe"
"Lebanon",1953,1467975,"LBN","Asia"
"Lesotho",1953,614426,"LSO","Africa"
"Liberia",1953,974347,"LBR","Africa"
"Libya",1953,1183252,"LBY","Africa"
"Liechtenstein",1953,14446,"LIE","Europe"
"Lithuania",1953,2515072,"LTU","Europe"
"Luxembourg",1953,301643,"LUX","Europe"
"Macao",1953,199558,"MAC","Asia"
"Madagascar",1953,4267485,"MDG","Africa"
"Malawi",1953,3119188,"MWI","Africa"
"Malaysia",1953,6593886,"MYS","Asia"
"Maldives",1953,78458,"MDV","Asia"
"Mali",1953,4904765,"MLI","Africa"
"Malta",1953,309308,"MLT","Europe"
"Marshall Islands",1953,13289,"MHL","Oceania"
"Martinique",1953,248628,"MTQ","Americas"
"Mauritania",1953,699353,"MRT","Africa"
"Mauritius",1953,571869,"MUS","Africa"
"Mayotte",1953,21763,"MYT","Africa"
"Mexico",1953,29899194,"MEX","Americas"
"Micronesia (country)",1953,34898,"FSM","Oceania"
"Moldova",1953,2669450,"MDA","Europe"
"Monaco",1953,20638,"MCO","Europe"
"Mongolia",1953,820230,"MNG","Asia"
"Montenegro",1953,427440,"MNE","Europe"
"Montserrat",1953,12640,"MSR","Americas"
"Morocco",1953,9639525,"MAR","Africa"
"Mozambique",1953,6123066,"MOZ","Africa"
"Myanmar",1953,18779853,"MMR","Asia"
"Namibia",1953,533192,"NAM","Africa"
"Nauru",1953,3686,"NRU","Oceania"
"Nepal",1953,8918179,"NPL","Asia"
"Netherlands",1953,10493476,"NLD","Europe"
"New Caledonia",1953,66780,"NCL","Oceania"
"New Zealand",1953,2047702,"NZL","Oceania"
"Nicaragua",1953,1449863,"NIC","Americas"
"Niger",1953,2859147,"NER","Africa"
"Nigeria",1953,39439763,"NGA","Africa"
"Niue",1953,4559,"NIU","Oceania"
"North Korea",1953,10177373,"PRK","Asia"
"North Macedonia",1953,1319425,"MKD","Europe"
"Northern Mariana Islands",1953,7418,"MNP","Oceania"
"Norway",1953,3360983,"NOR","Europe"
"Oman",1953,475125,"OMN","Asia"
"Pakistan",1953,38229614,"PAK","Asia"
"Palau",1953,7987,"PLW","Oceania"
"Palestine",1953,972618,"PSX","Asia"
"Panama",1953,928163,"PAN","Americas"
"Papua New Guinea",1953,1650200,"PNG","Oceania"
"Paraguay",1953,1608258,"PRY","Americas"
"Peru",1953,8344858,"PER","Americas"
"Philippines",1953,21132456,"PHL","Asia"
"Poland",1953,26126408,"POL","Europe"
"Portugal",1953,8572691,"PRT","Europe"
"Puerto Rico",1953,2277833,"PRI","Americas"
"Qatar",1953,26721,"QAT","Asia"
"Reunion",1953,278266,"REU","Africa"
"Romania",1953,17057656,"ROU","Europe"
"Russia",1953,107851622,"RUS","Europe"
"Rwanda",1953,2398314,"RWA","Africa"
"Saint Barthelemy",1953,2088,"BLM","Americas"
"Saint Helena",1953,5293,"SHN","Africa"
"Saint Kitts and Nevis",1953,50420,"KNA","Americas"
"Saint Lucia",1953,94306,"LCA","Americas"
"Saint Martin (French part)",1953,3338,"MAF","Americas"
"Saint Pierre and Miquelon",1953,4614,"SPM","Americas"
"Saint Vincent and the Grenadines",1953,67132,"VCT","Americas"
"Samoa",1953,94737,"WSM","Oceania"
"San Marino",1953,13421,"SMR","Europe"
"Sao Tome and Principe",1953,63311,"STP","Africa"
"Saudi Arabia",1953,1892130,"SAU","Asia"
"Senegal",1953,2757513,"SEN","Africa"
"Serbia",1953,6192368,"SRB","Europe"
"Seychelles",1953,39278,"SYC","Africa"
"Sierra Leone",1953,2070766,"SLE","Africa"
"Singapore",1953,1187471,"SGP","Asia"
"Sint Maarten (Dutch part)",1953,1726,"SXM","Americas"
"Slovakia",1953,3660026,"SVK","Europe"
"Slovenia",1953,1497517,"SVN","Europe"
"Solomon Islands",1953,116182,"SLB","Oceania"
"Somalia",1953,2403532,"SOM","Africa"
"South Africa",1953,13892858,"ZAF","Africa"
"South Korea",1953,20775277,"KOR","Asia"
"South Sudan",1953,2611687,"SSD","Africa"
"Spain",1953,28632656,"ESP","Europe"
"Sri Lanka",1953,8275086,"LKA","Asia"
"Sudan",1953,6765862,"SDN","Africa"
"Suriname",1953,212329,"SUR","Americas"
"Sweden",1953,7171370,"SWE","Europe"
"Switzerland",1953,4875613,"CHE","Europe"
"Syria",1953,3852781,"SYR","Asia"
"Taiwan",1953,8451334,"TWN","Asia"
"Tajikistan",1953,1701007,"TJK","Asia"
"Tanzania",1953,8213075,"TZA","Africa"
"Thailand",1953,22109280,"THA","Asia"
"Togo",1953,1476023,"TGO","Africa"
"Tokelau",1953,1558,"TKL","Oceania"
"Tonga",1953,53848,"TON","Oceania"
"Trinidad and Tobago",1953,701821,"TTO","Americas"
"Tunisia",1953,3837355,"TUN","Africa"
"Turkey",1953,22958508,"TUR","Asia"
"Turkmenistan",1953,1349634,"TKM","Asia"
"Turks and Caicos Islands",1953,4970,"TCA","Americas"
"Tuvalu",1953,5155,"TUV","Oceania"
"Uganda",1953,6249399,"UGA","Africa"
"Ukraine",1953,38806038,"UKR","Europe"
"United Arab Emirates",1953,90121,"ARE","Asia"
"United Kingdom",1953,50726986,"GBR","Europe"
"United States",1953,161168268,"USA","Americas"
"United States Virgin Islands",1953,28624,"UMI","Oceania"
"Uruguay",1953,2307992,"URY","Americas"
"Uzbekistan",1953,6698076,"UZB","Asia"
"Vanuatu",1953,54272,"VUT","Oceania"
"Venezuela",1953,6234727,"VEN","Americas"
"Vietnam",1953,26757916,"VNM","Asia"
"Wallis and Futuna",1953,9534,"WLF","Oceania"
"Western Sahara",1953,16955,"ESH","Africa"
"Yemen",1953,4837244,"YEM","Asia"
"Zambia",1953,2543500,"ZMB","Africa"
"Zimbabwe",1953,3067121,"ZWE","Africa"
"Afghanistan",1954,8207910,"AFG","Asia"
"Albania",1954,1381040,"ALB","Europe"
"Algeria",1954,10014341,"DZA","Africa"
"American Samoa",1954,19734,"ASM","Oceania"
"Andorra",1954,5592,"AND","Europe"
"Angola",1954,4766662,"AGO","Africa"
"Anguilla",1954,5624,"AIA","Americas"
"Antigua and Barbuda",1954,49352,"ATG","Americas"
"Argentina",1954,18381159,"ARG","Americas"
"Armenia",1954,1535933,"ARM","Asia"
"Aruba",1954,47469,"ABW","Americas"
"Australia",1954,8999335,"AUS","Oceania"
"Austria",1954,6939834,"AUT","Europe"
"Azerbaijan",1954,3384663,"AZE","Asia"
"Bahamas",1954,90797,"BHS","Americas"
"Bahrain",1954,132532,"BHR","Asia"
"Bangladesh",1954,44741247,"BGD","Asia"
"Barbados",1954,221512,"BRB","Americas"
"Belarus",1954,7448835,"BLR","Europe"
"Belgium",1954,8788342,"BEL","Europe"
"Belize",1954,77644,"BLZ","Americas"
"Benin",1954,2328739,"BEN","Africa"
"Bermuda",1954,39318,"BMU","Americas"
"Bhutan",1954,189419,"BTN","Asia"
"Bolivia",1954,3297802,"BOL","Americas"
"Bonaire Sint Eustatius and Saba",1954,7424,"BES","Americas"
"Bosnia and Herzegovina",1954,2890165,"BIH","Europe"
"Botswana",1954,454008,"BWA","Africa"
"Brazil",1954,60235068,"BRA","Americas"
"British Virgin Islands",1954,7429,"IOT","Africa"
"Brunei",1954,61184,"BRN","Asia"
"Bulgaria",1954,7476218,"BGR","Europe"
"Burkina Faso",1954,4413832,"BFA","Africa"
"Burundi",1954,2454549,"BDI","Africa"
"Cambodia",1954,4783785,"KHM","Asia"
"Cameroon",1954,4616834,"CMR","Africa"
"Canada",1954,15318941,"CAN","Americas"
"Cape Verde",1954,193521,"CPV","Africa"
"Cayman Islands",1954,7538,"CYM","Americas"
"Central African Republic",1954,1533718,"CAF","Africa"
"Chad",1954,2712954,"TCD","Africa"
"Chile",1954,7180520,"CHL","Americas"
"China",1954,590113816,"CHN","Asia"
"Colombia",1954,13100788,"COL","Americas"
"Comoros",1954,176115,"COM","Africa"
"Congo",1954,912975,"COG","Africa"
"Cook Islands",1954,15863,"COK","Oceania"
"Costa Rica",1954,1064060,"CRI","Americas"
"Cote d'Ivoire",1954,3048486,"CIV","Africa"
"Croatia",1954,4048075,"HRV","Europe"
"Cuba",1954,6412793,"CUB","Americas"
"Cyprus",1954,525058,"CYP","Asia"
"Czechia",1954,9221134,"CZE","Europe"
"Democratic Republic of Congo",1954,13342994,"COD","Africa"
"Denmark",1954,4406361,"DNK","Europe"
"Djibouti",1954,70677,"DJI","Africa"
"Dominica",1954,52061,"DMA","Americas"
"Dominican Republic",1954,2689049,"DOM","Americas"
"East Timor",1954,431860,"TLS","Asia"
"Ecuador",1954,3901469,"ECU","Americas"
"Egypt",1954,23212516,"EGY","Africa"
"El Salvador",1954,2397783,"SLV","Americas"
"Equatorial Guinea",1954,242949,"GNQ","Africa"
"Eritrea",1954,869985,"ERI","Africa"
"Estonia",1954,1154763,"EST","Europe"
"Eswatini",1954,299895,"SWZ","Africa"
"Ethiopia",1954,19037989,"ETH","Africa"
"Falkland Islands",1954,2163,"FLK","Americas"
"Faroe Islands",1954,32048,"FRO","Europe"
"Fiji",1954,339701,"FJI","Oceania"
"Finland",1954,4187205,"FIN","Europe"
"France",1954,43676841,"FRA","Europe"
"French Guiana",1954,24701,"GUF","Americas"
"French Polynesia",1954,71527,"PYF","Oceania"
"Gabon",1954,485118,"GAB","Africa"
"Gambia",1954,339767,"GMB","Africa"
"Georgia",1954,3682687,"GEO","Asia"
"Germany",1954,70104574,"DEU","Europe"
"Ghana",1954,5729381,"GHA","Africa"
"Gibraltar",1954,21680,"GIB","Europe"
"Greece",1954,7910822,"GRC","Europe"
"Greenland",1954,25486,"GRL","Americas"
"Grenada",1954,81742,"GRD","Americas"
"Guadeloupe",1954,238351,"GLP","Americas"
"Guam",1954,63241,"GUM","Oceania"
"Guatemala",1954,3439050,"GTM","Americas"
"Guernsey",1954,46294,"GGY","Europe"
"Guinea",1954,3214524,"GIN","Africa"
"Guinea-Bissau",1954,560933,"GNB","Africa"
"Guyana",1954,468951,"GUY","Americas"
"Haiti",1954,3475488,"HTI","Americas"
"Honduras",1954,1739774,"HND","Americas"
"Hong Kong",1954,2368563,"HKG","Asia"
"Hungary",1954,9704544,"HUN","Europe"
"Iceland",1954,154223,"ISL","Europe"
"India",1954,378687093,"IND","Asia"
"Indonesia",1954,75367323,"IDN","Asia"
"Iran",1954,18226156,"IRN","Asia"
"Iraq",1954,6219424,"IRQ","Asia"
"Ireland",1954,2915131,"IRL","Europe"
"Isle of Man",1954,53423,"IMN","Europe"
"Israel",1954,1537993,"ISR","Asia"
"Italy",1954,47832178,"ITA","Europe"
"Jamaica",1954,1533409,"JAM","Americas"
"Japan",1954,91407630,"JPN","Asia"
"Jersey",1954,59967,"JEY","Europe"
"Jordan",1954,583808,"JOR","Asia"
"Kazakhstan",1954,7741985,"KAZ","Asia"
"Kenya",1954,6348086,"KEN","Africa"
"Kiribati",1954,41104,"KIR","Oceania"
"Kosovo",1954,847833,"XKX","Europe"
"Kuwait",1954,173216,"KWT","Asia"
"Kyrgyzstan",1954,1902098,"KGZ","Asia"
"Laos",1954,1850088,"LAO","Asia"
"Latvia",1954,1981992,"LVA","Europe"
"Lebanon",1954,1510368,"LBN","Asia"
"Lesotho",1954,627846,"LSO","Africa"
"Liberia",1954,994725,"LBR","Africa"
"Libya",1954,1208130,"LBY","Africa"
"Liechtenstein",1954,14695,"LIE","Europe"
"Lithuania",1954,2544654,"LTU","Europe"
"Luxembourg",1954,303437,"LUX","Europe"
"Macao",1954,197844,"MAC","Asia"
"Madagascar",1954,4377280,"MDG","Africa"
"Malawi",1954,3181493,"MWI","Africa"
"Malaysia",1954,6772320,"MYS","Asia"
"Maldives",1954,79973,"MDV","Asia"
"Mali",1954,4972864,"MLI","Africa"
"Malta",1954,313710,"MLT","Europe"
"Marshall Islands",1954,13363,"MHL","Oceania"
"Martinique",1954,255104,"MTQ","Americas"
"Mauritania",1954,714633,"MRT","Africa"
"Mauritius",1954,585441,"MUS","Africa"
"Mayotte",1954,22274,"MYT","Africa"
"Mexico",1954,30752970,"MEX","Americas"
"Micronesia (country)",1954,35900,"FSM","Oceania"
"Moldova",1954,2721503,"MDA","Europe"
"Monaco",1954,20649,"MCO","Europe"
"Mongolia",1954,833975,"MNG","Asia"
"Montenegro",1954,434319,"MNE","Europe"
"Montserrat",1954,12524,"MSR","Americas"
"Morocco",1954,9893270,"MAR","Africa"
"Mozambique",1954,6196932,"MOZ","Africa"
"Myanmar",1954,19156610,"MMR","Asia"
"Namibia",1954,539967,"NAM","Africa"
"Nauru",1954,3764,"NRU","Oceania"
"Nepal",1954,9087719,"NPL","Asia"
"Netherlands",1954,10615691,"NLD","Europe"
"New Caledonia",1954,67924,"NCL","Oceania"
"New Zealand",1954,2095098,"NZL","Oceania"
"Nicaragua",1954,1492214,"NIC","Americas"
"Niger",1954,2946841,"NER","Africa"
"Nigeria",1954,40176276,"NGA","Africa"
"Niue",1954,4578,"NIU","Oceania"
"North Korea",1954,10242758,"PRK","Asia"
"North Macedonia",1954,1339956,"MKD","Europe"
"Northern Mariana Islands",1954,7548,"MNP","Oceania"
"Norway",1954,3394348,"NOR","Europe"
"Oman",1954,481776,"OMN","Asia"
"Pakistan",1954,39137019,"PAK","Asia"
"Palau",1954,8193,"PLW","Oceania"
"Palestine",1954,983981,"PSX","Asia"
"Panama",1954,953044,"PAN","Americas"
"Papua New Guinea",1954,1693466,"PNG","Oceania"
"Paraguay",1954,1644883,"PRY","Americas"
"Peru",1954,8579266,"PER","Americas"
"Philippines",1954,21982460,"PHL","Asia"
"Poland",1954,26590425,"POL","Europe"
"Portugal",1954,8616923,"PRT","Europe"
"Puerto Rico",1954,2291073,"PRI","Americas"
"Qatar",1954,27596,"QAT","Asia"
"Reunion",1954,289094,"REU","Africa"
"Romania",1954,17266617,"ROU","Europe"
"Russia",1954,109463199,"RUS","Europe"
"Rwanda",1954,2482091,"RWA","Africa"
"Saint Barthelemy",1954,2119,"BLM","Americas"
"Saint Helena",1954,5294,"SHN","Africa"
"Saint Kitts and Nevis",1954,51322,"KNA","Americas"
"Saint Lucia",1954,94074,"LCA","Americas"
"Saint Martin (French part)",1954,3462,"MAF","Americas"
"Saint Pierre and Miquelon",1954,4680,"SPM","Americas"
"Saint Vincent and the Grenadines",1954,69268,"VCT","Americas"
"Samoa",1954,96842,"WSM","Oceania"
"San Marino",1954,13591,"SMR","Europe"
"Sao Tome and Principe",1954,63965,"STP","Africa"
"Saudi Arabia",1954,1960587,"SAU","Asia"
"Senegal",1954,2831351,"SEN","Africa"
"Serbia",1954,6266844,"SRB","Europe"
"Seychelles",1954,39662,"SYC","Africa"
"Sierra Leone",1954,2095011,"SLE","Africa"
"Singapore",1954,1252238,"SGP","Asia"
"Sint Maarten (Dutch part)",1954,1827,"SXM","Americas"
"Slovakia",1954,3727994,"SVK","Europe"
"Slovenia",1954,1515552,"SVN","Europe"
"Solomon Islands",1954,119079,"SLB","Oceania"
"Somalia",1954,2467265,"SOM","Africa"
"South Africa",1954,14203738,"ZAF","Africa"
"South Korea",1954,21415533,"KOR","Asia"
"South Sudan",1954,2657052,"SSD","Africa"
"Spain",1954,28857784,"ESP","Europe"
"Sri Lanka",1954,8445891,"LKA","Asia"
"Sudan",1954,6969592,"SDN","Africa"
"Suriname",1954,218591,"SUR","Americas"
"Sweden",1954,7213412,"SWE","Europe"
"Switzerland",1954,4938703,"CHE","Europe"
"Syria",1954,3947825,"SYR","Asia"
"Taiwan",1954,8767725,"TWN","Asia"
"Tajikistan",1954,1755636,"TJK","Asia"
"Tanzania",1954,8424745,"TZA","Africa"
"Thailand",1954,22713296,"THA","Asia"
"Togo",1954,1502718,"TGO","Africa"
"Tokelau",1954,1580,"TKL","Oceania"
"Tonga",1954,55499,"TON","Oceania"
"Trinidad and Tobago",1954,721110,"TTO","Americas"
"Tunisia",1954,3919480,"TUN","Africa"
"Turkey",1954,23636059,"TUR","Asia"
"Turkmenistan",1954,1382313,"TKM","Asia"
"Turks and Caicos Islands",1954,5004,"TCA","Americas"
"Tuvalu",1954,5257,"TUV","Oceania"
"Uganda",1954,6428325,"UGA","Africa"
"Ukraine",1954,39319985,"UKR","Europe"
"United Arab Emirates",1954,95623,"ARE","Asia"
"United Kingdom",1954,50958197,"GBR","Europe"
"United States",1954,163636251,"USA","Americas"
"United States Virgin Islands",1954,29147,"UMI","Oceania"
"Uruguay",1954,2336819,"URY","Americas"
"Uzbekistan",1954,6869755,"UZB","Asia"
"Vanuatu",1954,55394,"VUT","Oceania"
"Venezuela",1954,6492763,"VEN","Americas"
"Vietnam",1954,27427867,"VNM","Asia"
"Wallis and Futuna",1954,9697,"WLF","Oceania"
"Western Sahara",1954,18516,"ESH","Africa"
"Yemen",1954,4921086,"YEM","Asia"
"Zambia",1954,2622224,"ZMB","Africa"
"Zimbabwe",1954,3163838,"ZWE","Africa"
"Afghanistan",1955,8326933,"AFG","Asia"
"Albania",1955,1418800,"ALB","Europe"
"Algeria",1955,10247375,"DZA","Africa"
"American Samoa",1955,19837,"ASM","Oceania"
"Andorra",1955,6139,"AND","Europe"
"Angola",1955,4832728,"AGO","Africa"
"Anguilla",1955,5726,"AIA","Americas"
"Antigua and Barbuda",1955,50350,"ATG","Americas"
"Argentina",1955,18715994,"ARG","Americas"
"Armenia",1955,1581455,"ARM","Asia"
"Aruba",1955,48751,"ABW","Americas"
"Australia",1955,9205143,"AUS","Oceania"
"Austria",1955,6946610,"AUT","Europe"
"Azerbaijan",1955,3464039,"AZE","Asia"
"Bahamas",1955,93883,"BHS","Americas"
"Bahrain",1955,137035,"BHR","Asia"
"Bangladesh",1955,45767635,"BGD","Asia"
"Barbados",1955,223258,"BRB","Americas"
"Belarus",1955,7560625,"BLR","Europe"
"Belgium",1955,8835446,"BEL","Europe"
"Belize",1955,79826,"BLZ","Americas"
"Benin",1955,2353610,"BEN","Africa"
"Bermuda",1955,39832,"BMU","Americas"
"Bhutan",1955,194719,"BTN","Asia"
"Bolivia",1955,3357965,"BOL","Americas"
"Bonaire Sint Eustatius and Saba",1955,7597,"BES","Americas"
"Bosnia and Herzegovina",1955,2952123,"BIH","Europe"
"Botswana",1955,463881,"BWA","Africa"
"Brazil",1955,62101343,"BRA","Americas"
"British Virgin Islands",1955,7483,"IOT","Africa"
"Brunei",1955,65178,"BRN","Asia"
"Bulgaria",1955,7533615,"BGR","Europe"
"Burkina Faso",1955,4469018,"BFA","Africa"
"Burundi",1955,2504608,"BDI","Africa"
"Cambodia",1955,4890335,"KHM","Asia"
"Cameroon",1955,4700213,"CMR","Africa"
"Canada",1955,15728228,"CAN","Americas"
"Cape Verde",1955,195573,"CPV","Africa"
"Cayman Islands",1955,7677,"CYM","Americas"
"Central African Republic",1955,1559326,"CAF","Africa"
"Chad",1955,2764201,"TCD","Africa"
"Chile",1955,7332262,"CHL","Americas"
"China",1955,603546968,"CHN","Asia"
"Colombia",1955,13473009,"COL","Americas"
"Comoros",1955,179553,"COM","Africa"
"Congo",1955,934393,"COG","Africa"
"Cook Islands",1955,16151,"COK","Oceania"
"Costa Rica",1955,1103000,"CRI","Americas"
"Cote d'Ivoire",1955,3136578,"CIV","Africa"
"Croatia",1955,4080681,"HRV","Europe"
"Cuba",1955,6543054,"CUB","Americas"
"Cyprus",1955,533820,"CYP","Asia"
"Czechia",1955,9289377,"CZE","Europe"
"Democratic Republic of Congo",1955,13630311,"COD","Africa"
"Denmark",1955,4438797,"DNK","Europe"
"Djibouti",1955,72983,"DJI","Africa"
"Dominica",1955,52930,"DMA","Americas"
"Dominican Republic",1955,2777582,"DOM","Americas"
"East Timor",1955,437112,"TLS","Asia"
"Ecuador",1955,4006148,"ECU","Americas"
"Egypt",1955,23795188,"EGY","Africa"
"El Salvador",1955,2456553,"SLV","Americas"
"Equatorial Guinea",1955,247172,"GNQ","Africa"
"Eritrea",1955,886200,"ERI","Africa"
"Estonia",1955,1166831,"EST","Europe"
"Eswatini",1955,307174,"SWZ","Africa"
"Ethiopia",1955,19419729,"ETH","Africa"
"Falkland Islands",1955,2165,"FLK","Americas"
"Faroe Islands",1955,32093,"FRO","Europe"
"Fiji",1955,349038,"FJI","Oceania"
"Finland",1955,4235151,"FIN","Europe"
"France",1955,44136050,"FRA","Europe"
"French Guiana",1955,25408,"GUF","Americas"
"French Polynesia",1955,73820,"PYF","Oceania"
"Gabon",1955,488773,"GAB","Africa"
"Gambia",1955,348757,"GMB","Africa"
"Georgia",1955,3733975,"GEO","Asia"
"Germany",1955,70334098,"DEU","Europe"
"Ghana",1955,5914883,"GHA","Africa"
"Gibraltar",1955,21761,"GIB","Europe"
"Greece",1955,7984656,"GRC","Europe"
"Greenland",1955,26244,"GRL","Americas"
"Grenada",1955,83611,"GRD","Americas"
"Guadeloupe",1955,244745,"GLP","Americas"
"Guam",1955,64060,"GUM","Oceania"
"Guatemala",1955,3533274,"GTM","Americas"
"Guernsey",1955,46366,"GGY","Europe"
"Guinea",1955,3267813,"GIN","Africa"
"Guinea-Bissau",1955,564025,"GNB","Africa"
"Guyana",1955,484326,"GUY","Americas"
"Haiti",1955,3533698,"HTI","Americas"
"Honduras",1955,1789352,"HND","Americas"
"Hong Kong",1955,2478152,"HKG","Asia"
"Hungary",1955,9823171,"HUN","Europe"
"Iceland",1955,157705,"ISL","Europe"
"India",1955,387700839,"IND","Asia"
"Indonesia",1955,77273447,"IDN","Asia"
"Iran",1955,18700756,"IRN","Asia"
"Iraq",1955,6366224,"IRQ","Asia"
"Ireland",1955,2899481,"IRL","Europe"
"Isle of Man",1955,52748,"IMN","Europe"
"Israel",1955,1599443,"ISR","Asia"
"Italy",1955,48130772,"ITA","Europe"
"Jamaica",1955,1553664,"JAM","Americas"
"Japan",1955,92425430,"JPN","Asia"
"Jersey",1955,60580,"JEY","Europe"
"Jordan",1955,625521,"JOR","Asia"
"Kazakhstan",1955,7993590,"KAZ","Asia"
"Kenya",1955,6529261,"KEN","Africa"
"Kiribati",1955,42014,"KIR","Oceania"
"Kosovo",1955,868004,"XKX","Europe"
"Kuwait",1955,186078,"KWT","Asia"
"Kyrgyzstan",1955,1944364,"KGZ","Asia"
"Laos",1955,1893179,"LAO","Asia"
"Latvia",1955,2000413,"LVA","Europe"
"Lebanon",1955,1554022,"LBN","Asia"
"Lesotho",1955,642141,"LSO","Africa"
"Liberia",1955,1016347,"LBR","Africa"
"Libya",1955,1241342,"LBY","Africa"
"Liechtenstein",1955,14953,"LIE","Europe"
"Lithuania",1955,2575257,"LTU","Europe"
"Luxembourg",1955,305274,"LUX","Europe"
"Macao",1955,195414,"MAC","Asia"
"Madagascar",1955,4490075,"MDG","Africa"
"Malawi",1955,3246497,"MWI","Africa"
"Malaysia",1955,6959913,"MYS","Asia"
"Maldives",1955,81567,"MDV","Asia"
"Mali",1955,5041885,"MLI","Africa"
"Malta",1955,318102,"MLT","Europe"
"Marshall Islands",1955,13463,"MHL","Oceania"
"Martinique",1955,261009,"MTQ","Americas"
"Mauritania",1955,730695,"MRT","Africa"
"Mauritius",1955,599550,"MUS","Africa"
"Mayotte",1955,22805,"MYT","Africa"
"Mexico",1955,31650548,"MEX","Americas"
"Micronesia (country)",1955,36958,"FSM","Oceania"
"Moldova",1955,2775509,"MDA","Europe"
"Monaco",1955,20562,"MCO","Europe"
"Mongolia",1955,848638,"MNG","Asia"
"Montenegro",1955,440548,"MNE","Europe"
"Montserrat",1955,12459,"MSR","Americas"
"Morocco",1955,10158077,"MAR","Africa"
"Mozambique",1955,6274428,"MOZ","Africa"
"Myanmar",1955,19550444,"MMR","Asia"
"Namibia",1955,547037,"NAM","Africa"
"Nauru",1955,3861,"NRU","Oceania"
"Nepal",1955,9257941,"NPL","Asia"
"Netherlands",1955,10751178,"NLD","Europe"
"New Caledonia",1955,69130,"NCL","Oceania"
"New Zealand",1955,2139616,"NZL","Oceania"
"Nicaragua",1955,1536200,"NIC","Americas"
"Niger",1955,3035244,"NER","Africa"
"Nigeria",1955,40935586,"NGA","Africa"
"Niue",1955,4612,"NIU","Oceania"
"North Korea",1955,10403271,"PRK","Asia"
"North Macedonia",1955,1355630,"MKD","Europe"
"Northern Mariana Islands",1955,7713,"MNP","Oceania"
"Norway",1955,3428477,"NOR","Europe"
"Oman",1955,488762,"OMN","Asia"
"Pakistan",1955,40098017,"PAK","Asia"
"Palau",1955,8398,"PLW","Oceania"
"Palestine",1955,996344,"PSX","Asia"
"Panama",1955,978933,"PAN","Americas"
"Papua New Guinea",1955,1739177,"PNG","Oceania"
"Paraguay",1955,1682247,"PRY","Americas"
"Peru",1955,8821968,"PER","Americas"
"Philippines",1955,22880530,"PHL","Asia"
"Poland",1955,27063591,"POL","Europe"
"Portugal",1955,8662840,"PRT","Europe"
"Puerto Rico",1955,2303439,"PRI","Americas"
"Qatar",1955,28518,"QAT","Asia"
"Reunion",1955,300393,"REU","Africa"
"Romania",1955,17475222,"ROU","Europe"
"Russia",1955,111160938,"RUS","Europe"
"Rwanda",1955,2568256,"RWA","Africa"
"Saint Barthelemy",1955,2129,"BLM","Americas"
"Saint Helena",1955,5283,"SHN","Africa"
"Saint Kitts and Nevis",1955,52119,"KNA","Americas"
"Saint Lucia",1955,93778,"LCA","Americas"
"Saint Martin (French part)",1955,3588,"MAF","Americas"
"Saint Pierre and Miquelon",1955,4752,"SPM","Americas"
"Saint Vincent and the Grenadines",1955,71577,"VCT","Americas"
"Samoa",1955,99001,"WSM","Oceania"
"San Marino",1955,13771,"SMR","Europe"
"Sao Tome and Principe",1955,64578,"STP","Africa"
"Saudi Arabia",1955,2031914,"SAU","Asia"
"Senegal",1955,2908467,"SEN","Africa"
"Serbia",1955,6346283,"SRB","Europe"
"Seychelles",1955,40076,"SYC","Africa"
"Sierra Leone",1955,2120840,"SLE","Africa"
"Singapore",1955,1320181,"SGP","Asia"
"Sint Maarten (Dutch part)",1955,1940,"SXM","Americas"
"Slovakia",1955,3797306,"SVK","Europe"
"Slovenia",1955,1532588,"SVN","Europe"
"Solomon Islands",1955,122150,"SLB","Oceania"
"Somalia",1955,2532200,"SOM","Africa"
"South Africa",1955,14533312,"ZAF","Africa"
"South Korea",1955,22125060,"KOR","Asia"
"South Sudan",1955,2705037,"SSD","Africa"
"Spain",1955,29089728,"ESP","Europe"
"Sri Lanka",1955,8623279,"LKA","Asia"
"Sudan",1955,7181643,"SDN","Africa"
"Suriname",1955,225152,"SUR","Americas"
"Sweden",1955,7262277,"SWE","Europe"
"Switzerland",1955,5002077,"CHE","Europe"
"Syria",1955,4050552,"SYR","Asia"
"Taiwan",1955,9104094,"TWN","Asia"
"Tajikistan",1955,1810187,"TJK","Asia"
"Tanzania",1955,8644807,"TZA","Africa"
"Thailand",1955,23343130,"THA","Asia"
"Togo",1955,1529892,"TGO","Africa"
"Tokelau",1955,1582,"TKL","Oceania"
"Tonga",1955,57236,"TON","Oceania"
"Trinidad and Tobago",1955,741203,"TTO","Americas"
"Tunisia",1955,4005088,"TUN","Africa"
"Turkey",1955,24310462,"TUR","Asia"
"Turkmenistan",1955,1418125,"TKM","Asia"
"Turks and Caicos Islands",1955,5111,"TCA","Americas"
"Tuvalu",1955,5324,"TUV","Oceania"
"Uganda",1955,6613726,"UGA","Africa"
"Ukraine",1955,39859666,"UKR","Europe"
"United Arab Emirates",1955,101231,"ARE","Asia"
"United Kingdom",1955,51176702,"GBR","Europe"
"United States",1955,166199979,"USA","Americas"
"United States Virgin Islands",1955,29631,"UMI","Oceania"
"Uruguay",1955,2366980,"URY","Americas"
"Uzbekistan",1955,7053989,"UZB","Asia"
"Vanuatu",1955,56607,"VUT","Oceania"
"Venezuela",1955,6755777,"VEN","Americas"
"Vietnam",1955,28166396,"VNM","Asia"
"Wallis and Futuna",1955,9634,"WLF","Oceania"
"Western Sahara",1955,20200,"ESH","Africa"
"Yemen",1955,5009621,"YEM","Asia"
"Zambia",1955,2703491,"ZMB","Africa"
"Zimbabwe",1955,3263179,"ZWE","Africa"
"Afghanistan",1956,8454265,"AFG","Asia"
"Albania",1956,1456773,"ALB","Europe"
"Algeria",1956,10482131,"DZA","Africa"
"American Samoa",1956,19915,"ASM","Oceania"
"Andorra",1956,6750,"AND","Europe"
"Angola",1956,4904220,"AGO","Africa"
"Anguilla",1956,5761,"AIA","Americas"
"Antigua and Barbuda",1956,51354,"ATG","Americas"
"Argentina",1956,19049926,"ARG","Americas"
"Armenia",1956,1630767,"ARM","Asia"
"Aruba",1956,50050,"ABW","Americas"
"Australia",1956,9424616,"AUS","Oceania"
"Austria",1956,6952225,"AUT","Europe"
"Azerbaijan",1956,3551338,"AZE","Asia"
"Bahamas",1956,97469,"BHS","Americas"
"Bahrain",1956,141884,"BHR","Asia"
"Bangladesh",1956,46854365,"BGD","Asia"
"Barbados",1956,224469,"BRB","Americas"
"Belarus",1956,7682823,"BLR","Europe"
"Belgium",1956,8882106,"BEL","Europe"
"Belize",1956,82049,"BLZ","Americas"
"Benin",1956,2380847,"BEN","Africa"
"Bermuda",1956,40319,"BMU","Americas"
"Bhutan",1956,200202,"BTN","Asia"
"Bolivia",1956,3421304,"BOL","Americas"
"Bonaire Sint Eustatius and Saba",1956,7599,"BES","Americas"
"Bosnia and Herzegovina",1956,3015515,"BIH","Europe"
"Botswana",1956,473737,"BWA","Africa"
"Brazil",1956,64033951,"BRA","Americas"
"British Virgin Islands",1956,7512,"IOT","Africa"
"Brunei",1956,69519,"BRN","Asia"
"Bulgaria",1956,7587120,"BGR","Europe"
"Burkina Faso",1956,4526612,"BFA","Africa"
"Burundi",1956,2555264,"BDI","Africa"
"Cambodia",1956,4999435,"KHM","Asia"
"Cameroon",1956,4788296,"CMR","Africa"
"Canada",1956,16159573,"CAN","Americas"
"Cape Verde",1956,197805,"CPV","Africa"
"Cayman Islands",1956,7827,"CYM","Americas"
"Central African Republic",1956,1585800,"CAF","Africa"
"Chad",1956,2817613,"TCD","Africa"
"Chile",1956,7489485,"CHL","Americas"
"China",1956,616558539,"CHN","Asia"
"Colombia",1956,13861760,"COL","Americas"
"Comoros",1956,182919,"COM","Africa"
"Congo",1956,956774,"COG","Africa"
"Cook Islands",1956,16412,"COK","Oceania"
"Costa Rica",1956,1143798,"CRI","Americas"
"Cote d'Ivoire",1956,3229973,"CIV","Africa"
"Croatia",1956,4110087,"HRV","Europe"
"Cuba",1956,6676023,"CUB","Americas"
"Cyprus",1956,543020,"CYP","Asia"
"Czechia",1956,9357977,"CZE","Europe"
"Democratic Republic of Congo",1956,13929900,"COD","Africa"
"Denmark",1956,4466295,"DNK","Europe"
"Djibouti",1956,75363,"DJI","Africa"
"Dominica",1956,53958,"DMA","Americas"
"Dominican Republic",1956,2869982,"DOM","Americas"
"East Timor",1956,442658,"TLS","Asia"
"Ecuador",1956,4114492,"ECU","Americas"
"Egypt",1956,24387311,"EGY","Africa"
"El Salvador",1956,2518129,"SLV","Americas"
"Equatorial Guinea",1956,251491,"GNQ","Africa"
"Eritrea",1956,903369,"ERI","Africa"
"Estonia",1956,1178110,"EST","Europe"
"Eswatini",1956,314572,"SWZ","Africa"
"Ethiopia",1956,19818837,"ETH","Africa"
"Falkland Islands",1956,2173,"FLK","Americas"
"Faroe Islands",1956,32303,"FRO","Europe"
"Fiji",1956,359176,"FJI","Oceania"
"Finland",1956,4281887,"FIN","Europe"
"France",1956,44588468,"FRA","Europe"
"French Guiana",1956,26432,"GUF","Americas"
"French Polynesia",1956,76297,"PYF","Oceania"
"Gabon",1956,492744,"GAB","Africa"
"Gambia",1956,358001,"GMB","Africa"
"Georgia",1956,3789530,"GEO","Asia"
"Germany",1956,70613853,"DEU","Europe"
"Ghana",1956,6109563,"GHA","Africa"
"Gibraltar",1956,21824,"GIB","Europe"
"Greece",1956,8060948,"GRC","Europe"
"Greenland",1956,27162,"GRL","Americas"
"Grenada",1956,85778,"GRD","Americas"
"Guadeloupe",1956,251248,"GLP","Americas"
"Guam",1956,64946,"GUM","Oceania"
"Guatemala",1956,3631133,"GTM","Americas"
"Guernsey",1956,46465,"GGY","Europe"
"Guinea",1956,3322457,"GIN","Africa"
"Guinea-Bissau",1956,566933,"GNB","Africa"
"Guyana",1956,500528,"GUY","Americas"
"Haiti",1956,3594764,"HTI","Americas"
"Honduras",1956,1840617,"HND","Americas"
"Hong Kong",1956,2594213,"HKG","Asia"
"Hungary",1956,9853943,"HUN","Europe"
"Iceland",1956,161044,"ISL","Europe"
"India",1956,396988852,"IND","Asia"
"Indonesia",1956,79282508,"IDN","Asia"
"Iran",1956,19204339,"IRN","Asia"
"Iraq",1956,6507454,"IRQ","Asia"
"Ireland",1956,2883697,"IRL","Europe"
"Isle of Man",1956,52039,"IMN","Europe"
"Israel",1956,1660596,"ISR","Asia"
"Italy",1956,48401891,"ITA","Europe"
"Jamaica",1956,1571927,"JAM","Americas"
"Japan",1956,93341952,"JPN","Asia"
"Jersey",1956,61161,"JEY","Europe"
"Jordan",1956,669062,"JOR","Asia"
"Kazakhstan",1956,8256643,"KAZ","Asia"
"Kenya",1956,6727630,"KEN","Africa"
"Kiribati",1956,42971,"KIR","Oceania"
"Kosovo",1956,888682,"XKX","Europe"
"Kuwait",1956,207182,"KWT","Asia"
"Kyrgyzstan",1956,1989576,"KGZ","Asia"
"Laos",1956,1937188,"LAO","Asia"
"Latvia",1956,2019461,"LVA","Europe"
"Lebanon",1956,1599096,"LBN","Asia"
"Lesotho",1956,657264,"LSO","Africa"
"Liberia",1956,1039107,"LBR","Africa"
"Libya",1956,1282910,"LBY","Africa"
"Liechtenstein",1956,15230,"LIE","Europe"
"Lithuania",1956,2607289,"LTU","Europe"
"Luxembourg",1956,306907,"LUX","Europe"
"Macao",1956,192143,"MAC","Asia"
"Madagascar",1956,4606376,"MDG","Africa"
"Malawi",1956,3315245,"MWI","Africa"
"Malaysia",1956,7156585,"MYS","Asia"
"Maldives",1956,83273,"MDV","Asia"
"Mali",1956,5111935,"MLI","Africa"
"Malta",1956,322413,"MLT","Europe"
"Marshall Islands",1956,13546,"MHL","Oceania"
"Martinique",1956,266205,"MTQ","Americas"
"Mauritania",1956,747571,"MRT","Africa"
"Mauritius",1956,614515,"MUS","Africa"
"Mayotte",1956,23368,"MYT","Africa"
"Mexico",1956,32587890,"MEX","Americas"
"Micronesia (country)",1956,38057,"FSM","Oceania"
"Moldova",1956,2831199,"MDA","Europe"
"Monaco",1956,20708,"MCO","Europe"
"Mongolia",1956,868431,"MNG","Asia"
"Montenegro",1956,446646,"MNE","Europe"
"Montserrat",1956,12371,"MSR","Americas"
"Morocco",1956,10433981,"MAR","Africa"
"Mozambique",1956,6354997,"MOZ","Africa"
"Myanmar",1956,19959173,"MMR","Asia"
"Namibia",1956,554511,"NAM","Africa"
"Nauru",1956,3997,"NRU","Oceania"
"Nepal",1956,9427843,"NPL","Asia"
"Netherlands",1956,10889711,"NLD","Europe"
"New Caledonia",1956,70584,"NCL","Oceania"
"New Zealand",1956,2184797,"NZL","Oceania"
"Nicaragua",1956,1581931,"NIC","Americas"
"Niger",1956,3124710,"NER","Africa"
"Nigeria",1956,41716017,"NGA","Africa"
"Niue",1956,4652,"NIU","Oceania"
"North Korea",1956,10600347,"PRK","Asia"
"North Macedonia",1956,1370869,"MKD","Europe"
"Northern Mariana Islands",1956,7879,"MNP","Oceania"
"Norway",1956,3461029,"NOR","Europe"
"Oman",1956,496133,"OMN","Asia"
"Pakistan",1956,41113880,"PAK","Asia"
"Palau",1956,8570,"PLW","Oceania"
"Palestine",1956,1009709,"PSX","Asia"
"Panama",1956,1005836,"PAN","Americas"
"Papua New Guinea",1956,1787398,"PNG","Oceania"
"Paraguay",1956,1720365,"PRY","Americas"
"Peru",1956,9073421,"PER","Americas"
"Philippines",1956,23825754,"PHL","Asia"
"Poland",1956,27535533,"POL","Europe"
"Portugal",1956,8704015,"PRT","Europe"
"Puerto Rico",1956,2314849,"PRI","Americas"
"Qatar",1956,29505,"QAT","Asia"
"Reunion",1956,311556,"REU","Africa"
"Romania",1956,17691451,"ROU","Europe"
"Russia",1956,112909053,"RUS","Europe"
"Rwanda",1956,2656768,"RWA","Africa"
"Saint Barthelemy",1956,2119,"BLM","Americas"
"Saint Helena",1956,5270,"SHN","Africa"
"Saint Kitts and Nevis",1956,52955,"KNA","Americas"
"Saint Lucia",1956,93423,"LCA","Americas"
"Saint Martin (French part)",1956,3709,"MAF","Americas"
"Saint Pierre and Miquelon",1956,4797,"SPM","Americas"
"Saint Vincent and the Grenadines",1956,74028,"VCT","Americas"
"Samoa",1956,101285,"WSM","Oceania"
"San Marino",1956,14028,"SMR","Europe"
"Sao Tome and Principe",1956,65200,"STP","Africa"
"Saudi Arabia",1956,2106180,"SAU","Asia"
"Senegal",1956,2988892,"SEN","Africa"
"Serbia",1956,6422706,"SRB","Europe"
"Seychelles",1956,40566,"SYC","Africa"
"Sierra Leone",1956,2147935,"SLE","Africa"
"Singapore",1956,1390908,"SGP","Asia"
"Sint Maarten (Dutch part)",1956,2060,"SXM","Americas"
"Slovakia",1956,3868216,"SVK","Europe"
"Slovenia",1956,1548714,"SVN","Europe"
"Solomon Islands",1956,125312,"SLB","Oceania"
"Somalia",1956,2598331,"SOM","Africa"
"South Africa",1956,14880635,"ZAF","Africa"
"South Korea",1956,22874396,"KOR","Asia"
"South Sudan",1956,2754551,"SSD","Africa"
"Spain",1956,29323627,"ESP","Europe"
"Sri Lanka",1956,8807176,"LKA","Asia"
"Sudan",1956,7401553,"SDN","Africa"
"Suriname",1956,232104,"SUR","Americas"
"Sweden",1956,7315475,"SWE","Europe"
"Switzerland",1956,5065574,"CHE","Europe"
"Syria",1956,4160582,"SYR","Asia"
"Taiwan",1956,9465663,"TWN","Asia"
"Tajikistan",1956,1865398,"TJK","Asia"
"Tanzania",1956,8874729,"TZA","Africa"
"Thailand",1956,23997214,"THA","Asia"
"Togo",1956,1557595,"TGO","Africa"
"Tokelau",1956,1589,"TKL","Oceania"
"Tonga",1956,59071,"TON","Oceania"
"Trinidad and Tobago",1956,761657,"TTO","Americas"
"Tunisia",1956,4082553,"TUN","Africa"
"Turkey",1956,25057552,"TUR","Asia"
"Turkmenistan",1956,1457157,"TKM","Asia"
"Turks and Caicos Islands",1956,5234,"TCA","Americas"
"Tuvalu",1956,5366,"TUV","Oceania"
"Uganda",1956,6805405,"UGA","Africa"
"Ukraine",1956,40419092,"UKR","Europe"
"United Arab Emirates",1956,106936,"ARE","Asia"
"United Kingdom",1956,51400408,"GBR","Europe"
"United States",1956,168824918,"USA","Americas"
"United States Virgin Islands",1956,30109,"UMI","Oceania"
"Uruguay",1956,2398324,"URY","Americas"
"Uzbekistan",1956,7251998,"UZB","Asia"
"Vanuatu",1956,57889,"VUT","Oceania"
"Venezuela",1956,7024269,"VEN","Americas"
"Vietnam",1956,28922269,"VNM","Asia"
"Wallis and Futuna",1956,9498,"WLF","Oceania"
"Western Sahara",1956,21987,"ESH","Africa"
"Yemen",1956,5103052,"YEM","Asia"
"Zambia",1956,2787366,"ZMB","Africa"
"Zimbabwe",1956,3365493,"ZWE","Africa"
"Afghanistan",1957,8588294,"AFG","Asia"
"Albania",1957,1497895,"ALB","Europe"
"Algeria",1957,10717453,"DZA","Africa"
"American Samoa",1957,19945,"ASM","Oceania"
"Andorra",1957,7373,"AND","Europe"
"Angola",1957,4980606,"AGO","Africa"
"Anguilla",1957,5796,"AIA","Americas"
"Antigua and Barbuda",1957,52380,"ATG","Americas"
"Argentina",1957,19382992,"ARG","Americas"
"Armenia",1957,1684098,"ARM","Asia"
"Aruba",1957,51336,"ABW","Americas"
"Australia",1957,9638721,"AUS","Oceania"
"Austria",1957,6965796,"AUT","Europe"
"Azerbaijan",1957,3646813,"AZE","Asia"
"Bahamas",1957,101499,"BHS","Americas"
"Bahrain",1957,147124,"BHR","Asia"
"Bangladesh",1957,48004616,"BGD","Asia"
"Barbados",1957,225758,"BRB","Americas"
"Belarus",1957,7811291,"BLR","Europe"
"Belgium",1957,8931814,"BEL","Europe"
"Belize",1957,84307,"BLZ","Americas"
"Benin",1957,2410720,"BEN","Africa"
"Bermuda",1957,40771,"BMU","Americas"
"Bhutan",1957,205868,"BTN","Asia"
"Bolivia",1957,3487526,"BOL","Americas"
"Bonaire Sint Eustatius and Saba",1957,7604,"BES","Americas"
"Bosnia and Herzegovina",1957,3079890,"BIH","Europe"
"Botswana",1957,483756,"BWA","Africa"
"Brazil",1957,66031450,"BRA","Americas"
"British Virgin Islands",1957,7566,"IOT","Africa"
"Brunei",1957,74145,"BRN","Asia"
"Bulgaria",1957,7649500,"BGR","Europe"
"Burkina Faso",1957,4586528,"BFA","Africa"
"Burundi",1957,2606432,"BDI","Africa"
"Cambodia",1957,5110397,"KHM","Asia"
"Cameroon",1957,4878888,"CMR","Africa"
"Canada",1957,16641283,"CAN","Americas"
"Cape Verde",1957,200252,"CPV","Africa"
"Cayman Islands",1957,7976,"CYM","Americas"
"Central African Republic",1957,1613233,"CAF","Africa"
"Chad",1957,2873051,"TCD","Africa"
"Chile",1957,7651256,"CHL","Americas"
"China",1957,630356163,"CHN","Asia"
"Colombia",1957,14270221,"COL","Americas"
"Comoros",1957,186539,"COM","Africa"
"Congo",1957,980160,"COG","Africa"
"Cook Islands",1957,16668,"COK","Oceania"
"Costa Rica",1957,1186588,"CRI","Americas"
"Cote d'Ivoire",1957,3329224,"CIV","Africa"
"Croatia",1957,4136655,"HRV","Europe"
"Cuba",1957,6811676,"CUB","Americas"
"Cyprus",1957,552785,"CYP","Asia"
"Czechia",1957,9418930,"CZE","Europe"
"Democratic Republic of Congo",1957,14242224,"COD","Africa"
"Denmark",1957,4489610,"DNK","Europe"
"Djibouti",1957,77844,"DJI","Africa"
"Dominica",1957,55163,"DMA","Americas"
"Dominican Republic",1957,2965733,"DOM","Americas"
"East Timor",1957,448521,"TLS","Asia"
"Ecuador",1957,4226813,"ECU","Americas"
"Egypt",1957,24994361,"EGY","Africa"
"El Salvador",1957,2582472,"SLV","Americas"
"Equatorial Guinea",1957,255888,"GNQ","Africa"
"Eritrea",1957,918764,"ERI","Africa"
"Estonia",1957,1188732,"EST","Europe"
"Eswatini",1957,322092,"SWZ","Africa"
"Ethiopia",1957,20173695,"ETH","Africa"
"Falkland Islands",1957,2184,"FLK","Americas"
"Faroe Islands",1957,32710,"FRO","Europe"
"Fiji",1957,369867,"FJI","Oceania"
"Finland",1957,4324144,"FIN","Europe"
"France",1957,45036312,"FRA","Europe"
"French Guiana",1957,27523,"GUF","Americas"
"French Polynesia",1957,78414,"PYF","Oceania"
"Gabon",1957,497022,"GAB","Africa"
"Gambia",1957,367507,"GMB","Africa"
"Georgia",1957,3849493,"GEO","Asia"
"Germany",1957,71088092,"DEU","Europe"
"Ghana",1957,6312452,"GHA","Africa"
"Gibraltar",1957,21860,"GIB","Europe"
"Greece",1957,8136927,"GRC","Europe"
"Greenland",1957,28245,"GRL","Americas"
"Grenada",1957,88118,"GRD","Americas"
"Guadeloupe",1957,257934,"GLP","Americas"
"Guam",1957,65919,"GUM","Oceania"
"Guatemala",1957,3732695,"GTM","Americas"
"Guernsey",1957,46634,"GGY","Europe"
"Guinea",1957,3378606,"GIN","Africa"
"Guinea-Bissau",1957,569707,"GNB","Africa"
"Guyana",1957,517468,"GUY","Americas"
"Haiti",1957,3657775,"HTI","Americas"
"Honduras",1957,1893532,"HND","Americas"
"Hong Kong",1957,2717140,"HKG","Asia"
"Hungary",1957,9837876,"HUN","Europe"
"Iceland",1957,164722,"ISL","Europe"
"India",1957,406253849,"IND","Asia"
"Indonesia",1957,81390784,"IDN","Asia"
"Iran",1957,19726796,"IRN","Asia"
"Iraq",1957,6633324,"IRQ","Asia"
"Ireland",1957,2869044,"IRL","Europe"
"Isle of Man",1957,51287,"IMN","Europe"
"Israel",1957,1720489,"ISR","Asia"
"Italy",1957,48656966,"ITA","Europe"
"Jamaica",1957,1589632,"JAM","Americas"
"Japan",1957,94108932,"JPN","Asia"
"Jersey",1957,61742,"JEY","Europe"
"Jordan",1957,714319,"JOR","Asia"
"Kazakhstan",1957,8533856,"KAZ","Asia"
"Kenya",1957,6944826,"KEN","Africa"
"Kiribati",1957,43944,"KIR","Oceania"
"Kosovo",1957,910410,"XKX","Europe"
"Kuwait",1957,227008,"KWT","Asia"
"Kyrgyzstan",1957,2038276,"KGZ","Asia"
"Laos",1957,1982096,"LAO","Asia"
"Latvia",1957,2040075,"LVA","Europe"
"Lebanon",1957,1645878,"LBN","Asia"
"Lesotho",1957,674623,"LSO","Africa"
"Liberia",1957,1062898,"LBR","Africa"
"Libya",1957,1328802,"LBY","Africa"
"Liechtenstein",1957,15518,"LIE","Europe"
"Lithuania",1957,2641711,"LTU","Europe"
"Luxembourg",1957,308398,"LUX","Europe"
"Macao",1957,188153,"MAC","Asia"
"Madagascar",1957,4726586,"MDG","Africa"
"Malawi",1957,3387702,"MWI","Africa"
"Malaysia",1957,7362763,"MYS","Asia"
"Maldives",1957,85092,"MDV","Asia"
"Mali",1957,5183087,"MLI","Africa"
"Malta",1957,326656,"MLT","Europe"
"Marshall Islands",1957,13615,"MHL","Oceania"
"Martinique",1957,271633,"MTQ","Americas"
"Mauritania",1957,765314,"MRT","Africa"
"Mauritius",1957,630366,"MUS","Africa"
"Mayotte",1957,23958,"MYT","Africa"
"Mexico",1957,33562666,"MEX","Americas"
"Micronesia (country)",1957,39196,"FSM","Oceania"
"Moldova",1957,2887945,"MDA","Europe"
"Monaco",1957,21074,"MCO","Europe"
"Mongolia",1957,893184,"MNG","Asia"
"Montenegro",1957,452697,"MNE","Europe"
"Montserrat",1957,12290,"MSR","Americas"
"Morocco",1957,10720511,"MAR","Africa"
"Mozambique",1957,6438137,"MOZ","Africa"
"Myanmar",1957,20382652,"MMR","Asia"
"Namibia",1957,562549,"NAM","Africa"
"Nauru",1957,4138,"NRU","Oceania"
"Nepal",1957,9597999,"NPL","Asia"
"Netherlands",1957,11026826,"NLD","Europe"
"New Caledonia",1957,72531,"NCL","Oceania"
"New Zealand",1957,2233642,"NZL","Oceania"
"Nicaragua",1957,1629415,"NIC","Americas"
"Niger",1957,3215797,"NER","Africa"
"Nigeria",1957,42517429,"NGA","Africa"
"Niue",1957,4705,"NIU","Oceania"
"North Korea",1957,10854635,"PRK","Asia"
"North Macedonia",1957,1385199,"MKD","Europe"
"Northern Mariana Islands",1957,8055,"MNP","Oceania"
"Norway",1957,3491935,"NOR","Europe"
"Oman",1957,503938,"OMN","Asia"
"Pakistan",1957,42185086,"PAK","Asia"
"Palau",1957,8730,"PLW","Oceania"
"Palestine",1957,1024087,"PSX","Asia"
"Panama",1957,1033867,"PAN","Americas"
"Papua New Guinea",1957,1837463,"PNG","Oceania"
"Paraguay",1957,1759439,"PRY","Americas"
"Peru",1957,9333825,"PER","Americas"
"Philippines",1957,24815806,"PHL","Asia"
"Poland",1957,28076445,"POL","Europe"
"Portugal",1957,8743227,"PRT","Europe"
"Puerto Rico",1957,2324690,"PRI","Americas"
"Qatar",1957,30609,"QAT","Asia"
"Reunion",1957,323195,"REU","Africa"
"Romania",1957,17887241,"ROU","Europe"
"Russia",1957,114730284,"RUS","Europe"
"Rwanda",1957,2747831,"RWA","Africa"
"Saint Barthelemy",1957,2107,"BLM","Americas"
"Saint Helena",1957,5287,"SHN","Africa"
"Saint Kitts and Nevis",1957,53799,"KNA","Americas"
"Saint Lucia",1957,93055,"LCA","Americas"
"Saint Martin (French part)",1957,3831,"MAF","Americas"
"Saint Pierre and Miquelon",1957,4828,"SPM","Americas"
"Saint Vincent and the Grenadines",1957,76591,"VCT","Americas"
"Samoa",1957,103860,"WSM","Oceania"
"San Marino",1957,14368,"SMR","Europe"
"Sao Tome and Principe",1957,65839,"STP","Africa"
"Saudi Arabia",1957,2183497,"SAU","Asia"
"Senegal",1957,3072326,"SEN","Africa"
"Serbia",1957,6496409,"SRB","Europe"
"Seychelles",1957,41151,"SYC","Africa"
"Sierra Leone",1957,2176218,"SLE","Africa"
"Singapore",1957,1458242,"SGP","Asia"
"Sint Maarten (Dutch part)",1957,2190,"SXM","Americas"
"Slovakia",1957,3936791,"SVK","Europe"
"Slovenia",1957,1564107,"SVN","Europe"
"Solomon Islands",1957,128650,"SLB","Oceania"
"Somalia",1957,2665669,"SOM","Africa"
"South Africa",1957,15244788,"ZAF","Africa"
"South Korea",1957,23660748,"KOR","Asia"
"South Sudan",1957,2804061,"SSD","Africa"
"Spain",1957,29569913,"ESP","Europe"
"Sri Lanka",1957,9000951,"LKA","Asia"
"Sudan",1957,7629418,"SDN","Africa"
"Suriname",1957,239439,"SUR","Americas"
"Sweden",1957,7366840,"SWE","Europe"
"Switzerland",1957,5130124,"CHE","Europe"
"Syria",1957,4277688,"SYR","Asia"
"Taiwan",1957,9850485,"TWN","Asia"
"Tajikistan",1957,1922081,"TJK","Asia"
"Tanzania",1957,9115747,"TZA","Africa"
"Thailand",1957,24674780,"THA","Asia"
"Togo",1957,1585837,"TGO","Africa"
"Tokelau",1957,1613,"TKL","Oceania"
"Tonga",1957,60861,"TON","Oceania"
"Trinidad and Tobago",1957,782463,"TTO","Americas"
"Tunisia",1957,4136556,"TUN","Africa"
"Turkey",1957,25880873,"TUR","Asia"
"Turkmenistan",1957,1499505,"TKM","Asia"
"Turks and Caicos Islands",1957,5348,"TCA","Americas"
"Tuvalu",1957,5419,"TUV","Oceania"
"Uganda",1957,7003845,"UGA","Africa"
"Ukraine",1957,40998719,"UKR","Europe"
"United Arab Emirates",1957,112755,"ARE","Asia"
"United Kingdom",1957,51655860,"GBR","Europe"
"United States",1957,171499183,"USA","Americas"
"United States Virgin Islands",1957,30585,"UMI","Oceania"
"Uruguay",1957,2430723,"URY","Americas"
"Uzbekistan",1957,7463019,"UZB","Asia"
"Vanuatu",1957,59350,"VUT","Oceania"
"Venezuela",1957,7299393,"VEN","Americas"
"Vietnam",1957,29754376,"VNM","Asia"
"Wallis and Futuna",1957,9323,"WLF","Oceania"
"Western Sahara",1957,23878,"ESH","Africa"
"Yemen",1957,5201565,"YEM","Asia"
"Zambia",1957,2874022,"ZMB","Africa"
"Zimbabwe",1957,3471101,"ZWE","Africa"
"Afghanistan",1958,8723366,"AFG","Asia"
"Albania",1958,1543926,"ALB","Europe"
"Algeria",1958,10953584,"DZA","Africa"
"American Samoa",1958,19915,"ASM","Oceania"
"Andorra",1958,8048,"AND","Europe"
"Angola",1958,5061086,"AGO","Africa"
"Anguilla",1958,5781,"AIA","Americas"
"Antigua and Barbuda",1958,53427,"ATG","Americas"
"Argentina",1958,19714205,"ARG","Americas"
"Armenia",1958,1740847,"ARM","Asia"
"Aruba",1958,52648,"ABW","Americas"
"Australia",1958,9847590,"AUS","Oceania"
"Austria",1958,6987292,"AUT","Europe"
"Azerbaijan",1958,3750647,"AZE","Asia"
"Bahamas",1958,105961,"BHS","Americas"
"Bahrain",1958,152780,"BHR","Asia"
"Bangladesh",1958,49184012,"BGD","Asia"
"Barbados",1958,227226,"BRB","Americas"
"Belarus",1958,7944044,"BLR","Europe"
"Belgium",1958,8986075,"BEL","Europe"
"Belize",1958,86627,"BLZ","Americas"
"Benin",1958,2443383,"BEN","Africa"
"Bermuda",1958,41190,"BMU","Americas"
"Bhutan",1958,211722,"BTN","Asia"
"Bolivia",1958,3556501,"BOL","Americas"
"Bonaire Sint Eustatius and Saba",1958,7658,"BES","Americas"
"Bosnia and Herzegovina",1958,3145372,"BIH","Europe"
"Botswana",1958,494058,"BWA","Africa"
"Brazil",1958,68092105,"BRA","Americas"
"British Virgin Islands",1958,7664,"IOT","Africa"
"Brunei",1958,78950,"BRN","Asia"
"Bulgaria",1958,7724834,"BGR","Europe"
"Burkina Faso",1958,4647242,"BFA","Africa"
"Burundi",1958,2657371,"BDI","Africa"
"Cambodia",1958,5220794,"KHM","Asia"
"Cameroon",1958,4972164,"CMR","Africa"
"Canada",1958,17104033,"CAN","Americas"
"Cape Verde",1958,203058,"CPV","Africa"
"Cayman Islands",1958,8118,"CYM","Americas"
"Central African Republic",1958,1641622,"CAF","Africa"
"Chad",1958,2930323,"TCD","Africa"
"Chile",1958,7815946,"CHL","Americas"
"China",1958,644219437,"CHN","Asia"
"Colombia",1958,14693246,"COL","Americas"
"Comoros",1958,190529,"COM","Africa"
"Congo",1958,1004582,"COG","Africa"
"Cook Islands",1958,16948,"COK","Oceania"
"Costa Rica",1958,1231518,"CRI","Americas"
"Cote d'Ivoire",1958,3435037,"CIV","Africa"
"Croatia",1958,4160650,"HRV","Europe"
"Cuba",1958,6950241,"CUB","Americas"
"Cyprus",1958,563242,"CYP","Asia"
"Czechia",1958,9469654,"CZE","Europe"
"Democratic Republic of Congo",1958,14557750,"COD","Africa"
"Denmark",1958,4516020,"DNK","Europe"
"Djibouti",1958,80413,"DJI","Africa"
"Dominica",1958,56559,"DMA","Americas"
"Dominican Republic",1958,3064299,"DOM","Americas"
"East Timor",1958,454708,"TLS","Asia"
"Ecuador",1958,4343445,"ECU","Americas"
"Egypt",1958,25600281,"EGY","Africa"
"El Salvador",1958,2648627,"SLV","Americas"
"Equatorial Guinea",1958,260350,"GNQ","Africa"
"Eritrea",1958,932546,"ERI","Africa"
"Estonia",1958,1200364,"EST","Europe"
"Eswatini",1958,329721,"SWZ","Africa"
"Ethiopia",1958,20480229,"ETH","Africa"
"Falkland Islands",1958,2204,"FLK","Americas"
"Faroe Islands",1958,33147,"FRO","Europe"
"Fiji",1958,381030,"FJI","Oceania"
"Finland",1958,4359821,"FIN","Europe"
"France",1958,45493445,"FRA","Europe"
"French Guiana",1958,28648,"GUF","Americas"
"French Polynesia",1958,80117,"PYF","Oceania"
"Gabon",1958,501688,"GAB","Africa"
"Gambia",1958,377335,"GMB","Africa"
"Georgia",1958,3913586,"GEO","Asia"
"Germany",1958,71694625,"DEU","Europe"
"Ghana",1958,6520096,"GHA","Africa"
"Gibraltar",1958,21857,"GIB","Europe"
"Greece",1958,8214938,"GRC","Europe"
"Greenland",1958,29421,"GRL","Americas"
"Grenada",1958,90387,"GRD","Americas"
"Guadeloupe",1958,264846,"GLP","Americas"
"Guam",1958,66963,"GUM","Oceania"
"Guatemala",1958,3836987,"GTM","Americas"
"Guernsey",1958,46793,"GGY","Europe"
"Guinea",1958,3436387,"GIN","Africa"
"Guinea-Bissau",1958,572382,"GNB","Africa"
"Guyana",1958,535026,"GUY","Americas"
"Haiti",1958,3722666,"HTI","Americas"
"Honduras",1958,1948106,"HND","Americas"
"Hong Kong",1958,2845448,"HKG","Asia"
"Hungary",1958,9880626,"HUN","Europe"
"Iceland",1958,168437,"ISL","Europe"
"India",1958,415777393,"IND","Asia"
"Indonesia",1958,83592706,"IDN","Asia"
"Iran",1958,20266448,"IRN","Asia"
"Iraq",1958,6741625,"IRQ","Asia"
"Ireland",1958,2853957,"IRL","Europe"
"Isle of Man",1958,50501,"IMN","Europe"
"Israel",1958,1778955,"ISR","Asia"
"Italy",1958,48927047,"ITA","Europe"
"Jamaica",1958,1608231,"JAM","Americas"
"Japan",1958,94846910,"JPN","Asia"
"Jersey",1958,62348,"JEY","Europe"
"Jordan",1958,760778,"JOR","Asia"
"Kazakhstan",1958,8822584,"KAZ","Asia"
"Kenya",1958,7174750,"KEN","Africa"
"Kiribati",1958,44958,"KIR","Oceania"
"Kosovo",1958,933598,"XKX","Europe"
"Kuwait",1958,250169,"KWT","Asia"
"Kyrgyzstan",1958,2090799,"KGZ","Asia"
"Laos",1958,2027987,"LAO","Asia"
"Latvia",1958,2063251,"LVA","Europe"
"Lebanon",1958,1693504,"LBN","Asia"
"Lesotho",1958,694285,"LSO","Africa"
"Liberia",1958,1087211,"LBR","Africa"
"Libya",1958,1379163,"LBY","Africa"
"Liechtenstein",1958,15827,"LIE","Europe"
"Lithuania",1958,2678892,"LTU","Europe"
"Luxembourg",1958,309993,"LUX","Europe"
"Macao",1958,183631,"MAC","Asia"
"Madagascar",1958,4850808,"MDG","Africa"
"Malawi",1958,3463888,"MWI","Africa"
"Malaysia",1958,7562837,"MYS","Asia"
"Maldives",1958,87018,"MDV","Asia"
"Mali",1958,5253414,"MLI","Africa"
"Malta",1958,329374,"MLT","Europe"
"Marshall Islands",1958,13783,"MHL","Oceania"
"Martinique",1958,277176,"MTQ","Americas"
"Mauritania",1958,783950,"MRT","Africa"
"Mauritius",1958,647113,"MUS","Africa"
"Mayotte",1958,24595,"MYT","Africa"
"Mexico",1958,34575024,"MEX","Americas"
"Micronesia (country)",1958,40382,"FSM","Oceania"
"Moldova",1958,2944516,"MDA","Europe"
"Monaco",1958,21381,"MCO","Europe"
"Mongolia",1958,919255,"MNG","Asia"
"Montenegro",1958,458759,"MNE","Europe"
"Montserrat",1958,12188,"MSR","Americas"
"Morocco",1958,11013691,"MAR","Africa"
"Mozambique",1958,6521517,"MOZ","Africa"
"Myanmar",1958,20816370,"MMR","Asia"
"Namibia",1958,571297,"NAM","Africa"
"Nauru",1958,4277,"NRU","Oceania"
"Nepal",1958,9766206,"NPL","Asia"
"Netherlands",1958,11187324,"NLD","Europe"
"New Caledonia",1958,74812,"NCL","Oceania"
"New Zealand",1958,2284941,"NZL","Oceania"
"Nicaragua",1958,1678698,"NIC","Americas"
"Niger",1958,3309181,"NER","Africa"
"Nigeria",1958,43324607,"NGA","Africa"
"Niue",1958,4748,"NIU","Oceania"
"North Korea",1958,11163709,"PRK","Asia"
"North Macedonia",1958,1400068,"MKD","Europe"
"Northern Mariana Islands",1958,8271,"MNP","Oceania"
"Norway",1958,3522952,"NOR","Europe"
"Oman",1958,512290,"OMN","Asia"
"Pakistan",1958,43312015,"PAK","Asia"
"Palau",1958,8877,"PLW","Oceania"
"Palestine",1958,1039474,"PSX","Asia"
"Panama",1958,1063124,"PAN","Americas"
"Papua New Guinea",1958,1888928,"PNG","Oceania"
"Paraguay",1958,1799607,"PRY","Americas"
"Peru",1958,9603602,"PER","Americas"
"Philippines",1958,25842471,"PHL","Asia"
"Poland",1958,28643594,"POL","Europe"
"Portugal",1958,8792724,"PRT","Europe"
"Puerto Rico",1958,2333163,"PRI","Americas"
"Qatar",1958,31951,"QAT","Asia"
"Reunion",1958,335026,"REU","Africa"
"Romania",1958,18046078,"ROU","Europe"
"Russia",1958,116588722,"RUS","Europe"
"Rwanda",1958,2840083,"RWA","Africa"
"Saint Barthelemy",1958,2129,"BLM","Americas"
"Saint Helena",1958,5308,"SHN","Africa"
"Saint Kitts and Nevis",1958,54613,"KNA","Americas"
"Saint Lucia",1958,92680,"LCA","Americas"
"Saint Martin (French part)",1958,3959,"MAF","Americas"
"Saint Pierre and Miquelon",1958,4890,"SPM","Americas"
"Saint Vincent and the Grenadines",1958,79283,"VCT","Americas"
"Samoa",1958,106658,"WSM","Oceania"
"San Marino",1958,14700,"SMR","Europe"
"Sao Tome and Principe",1958,66525,"STP","Africa"
"Saudi Arabia",1958,2264056,"SAU","Asia"
"Senegal",1958,3158723,"SEN","Africa"
"Serbia",1958,6567199,"SRB","Europe"
"Seychelles",1958,41769,"SYC","Africa"
"Sierra Leone",1958,2204791,"SLE","Africa"
"Singapore",1958,1515687,"SGP","Asia"
"Sint Maarten (Dutch part)",1958,2340,"SXM","Americas"
"Slovakia",1958,4002652,"SVK","Europe"
"Slovenia",1958,1578490,"SVN","Europe"
"Solomon Islands",1958,132273,"SLB","Oceania"
"Somalia",1958,2733361,"SOM","Africa"
"South Africa",1958,15620370,"ZAF","Africa"
"South Korea",1958,24473883,"KOR","Asia"
"South Sudan",1958,2848318,"SSD","Africa"
"Spain",1958,29849614,"ESP","Europe"
"Sri Lanka",1958,9208759,"LKA","Asia"
"Sudan",1958,7862988,"SDN","Africa"
"Suriname",1958,247201,"SUR","Americas"
"Sweden",1958,7414302,"SWE","Europe"
"Switzerland",1958,5196405,"CHE","Europe"
"Syria",1958,4401949,"SYR","Asia"
"Taiwan",1958,10246114,"TWN","Asia"
"Tajikistan",1958,1981619,"TJK","Asia"
"Tanzania",1958,9367551,"TZA","Africa"
"Thailand",1958,25366957,"THA","Asia"
"Togo",1958,1614584,"TGO","Africa"
"Tokelau",1958,1659,"TKL","Oceania"
"Tonga",1958,62555,"TON","Oceania"
"Trinidad and Tobago",1958,803789,"TTO","Americas"
"Tunisia",1958,4177663,"TUN","Africa"
"Turkey",1958,26704921,"TUR","Asia"
"Turkmenistan",1958,1545135,"TKM","Asia"
"Turks and Caicos Islands",1958,5426,"TCA","Americas"
"Tuvalu",1958,5480,"TUV","Oceania"
"Uganda",1958,7209714,"UGA","Africa"
"Ukraine",1958,41627020,"UKR","Europe"
"United Arab Emirates",1958,118728,"ARE","Asia"
"United Kingdom",1958,51935592,"GBR","Europe"
"United States",1958,174215249,"USA","Americas"
"United States Virgin Islands",1958,31112,"UMI","Oceania"
"Uruguay",1958,2463825,"URY","Americas"
"Uzbekistan",1958,7689122,"UZB","Asia"
"Vanuatu",1958,60944,"VUT","Oceania"
"Venezuela",1958,7581930,"VEN","Americas"
"Vietnam",1958,30658399,"VNM","Asia"
"Wallis and Futuna",1958,9120,"WLF","Oceania"
"Western Sahara",1958,25895,"ESH","Africa"
"Yemen",1958,5305693,"YEM","Asia"
"Zambia",1958,2963817,"ZMB","Africa"
"Zimbabwe",1958,3580131,"ZWE","Africa"
"Afghanistan",1959,8869225,"AFG","Asia"
"Albania",1959,1594983,"ALB","Europe"
"Algeria",1959,11189572,"DZA","Africa"
"American Samoa",1959,19895,"ASM","Oceania"
"Andorra",1959,8753,"AND","Europe"
"Angola",1959,5145059,"AGO","Africa"
"Anguilla",1959,5761,"AIA","Americas"
"Antigua and Barbuda",1959,54506,"ATG","Americas"
"Argentina",1959,20049554,"ARG","Americas"
"Armenia",1959,1800970,"ARM","Asia"
"Aruba",1959,53964,"ABW","Americas"
"Australia",1959,10059986,"AUS","Oceania"
"Austria",1959,7014220,"AUT","Europe"
"Azerbaijan",1959,3862776,"AZE","Asia"
"Bahamas",1959,110881,"BHS","Americas"
"Bahrain",1959,158891,"BHR","Asia"
"Bangladesh",1959,50441720,"BGD","Asia"
"Barbados",1959,228741,"BRB","Americas"
"Belarus",1959,8081274,"BLR","Europe"
"Belgium",1959,9045691,"BEL","Europe"
"Belize",1959,88968,"BLZ","Americas"
"Benin",1959,2478876,"BEN","Africa"
"Bermuda",1959,41610,"BMU","Americas"
"Bhutan",1959,217784,"BTN","Asia"
"Bolivia",1959,3628138,"BOL","Americas"
"Bonaire Sint Eustatius and Saba",1959,7719,"BES","Americas"
"Bosnia and Herzegovina",1959,3212329,"BIH","Europe"
"Botswana",1959,504848,"BWA","Africa"
"Brazil",1959,70214424,"BRA","Americas"
"British Virgin Islands",1959,7788,"IOT","Africa"
"Brunei",1959,83811,"BRN","Asia"
"Bulgaria",1959,7794129,"BGR","Europe"
"Burkina Faso",1959,4710807,"BFA","Africa"
"Burundi",1959,2709559,"BDI","Africa"
"Cambodia",1959,5332885,"KHM","Asia"
"Cameroon",1959,5070034,"CMR","Africa"
"Canada",1959,17515473,"CAN","Americas"
"Cape Verde",1959,206314,"CPV","Africa"
"Cayman Islands",1959,8254,"CYM","Americas"
"Central African Republic",1959,1671289,"CAF","Africa"
"Chad",1959,2989277,"TCD","Africa"
"Chile",1959,7983376,"CHL","Americas"
"China",1959,652708165,"CHN","Asia"
"Colombia",1959,15136174,"COL","Americas"
"Comoros",1959,194254,"COM","Africa"
"Congo",1959,1030119,"COG","Africa"
"Cook Islands",1959,17277,"COK","Oceania"
"Costa Rica",1959,1278539,"CRI","Americas"
"Cote d'Ivoire",1959,3548902,"CIV","Africa"
"Croatia",1959,4182036,"HRV","Europe"
"Cuba",1959,7092289,"CUB","Americas"
"Cyprus",1959,574529,"CYP","Asia"
"Czechia",1959,9508343,"CZE","Europe"
"Democratic Republic of Congo",1959,14891542,"COD","Africa"
"Denmark",1959,4548425,"DNK","Europe"
"Djibouti",1959,83064,"DJI","Africa"
"Dominica",1959,58077,"DMA","Americas"
"Dominican Republic",1959,3165253,"DOM","Americas"
"East Timor",1959,461234,"TLS","Asia"
"Ecuador",1959,4464717,"ECU","Americas"
"Egypt",1959,26226822,"EGY","Africa"
"El Salvador",1959,2717496,"SLV","Americas"
"Equatorial Guinea",1959,264962,"GNQ","Africa"
"Eritrea",1959,950505,"ERI","Africa"
"Estonia",1959,1209893,"EST","Europe"
"Eswatini",1959,337468,"SWZ","Africa"
"Ethiopia",1959,20878044,"ETH","Africa"
"Falkland Islands",1959,2229,"FLK","Americas"
"Faroe Islands",1959,33640,"FRO","Europe"
"Fiji",1959,392716,"FJI","Oceania"
"Finland",1959,4394708,"FIN","Europe"
"France",1959,45963710,"FRA","Europe"
"French Guiana",1959,29828,"GUF","Americas"
"French Polynesia",1959,81870,"PYF","Oceania"
"Gabon",1959,506763,"GAB","Africa"
"Gambia",1959,387502,"GMB","Africa"
"Georgia",1959,3981643,"GEO","Asia"
"Germany",1959,72241676,"DEU","Europe"
"Ghana",1959,6735487,"GHA","Africa"
"Gibraltar",1959,21849,"GIB","Europe"
"Greece",1959,8297663,"GRC","Europe"
"Greenland",1959,30715,"GRL","Americas"
"Grenada",1959,92411,"GRD","Americas"
"Guadeloupe",1959,271993,"GLP","Americas"
"Guam",1959,68066,"GUM","Oceania"
"Guatemala",1959,3946454,"GTM","Americas"
"Guernsey",1959,46954,"GGY","Europe"
"Guinea",1959,3495724,"GIN","Africa"
"Guinea-Bissau",1959,574989,"GNB","Africa"
"Guyana",1959,553015,"GUY","Americas"
"Haiti",1959,3789641,"HTI","Americas"
"Honduras",1959,2004275,"HND","Americas"
"Hong Kong",1959,2974498,"HKG","Asia"
"Hungary",1959,9936799,"HUN","Europe"
"Iceland",1959,171964,"ISL","Europe"
"India",1959,425780636,"IND","Asia"
"Indonesia",1959,85892821,"IDN","Asia"
"Iran",1959,20846726,"IRN","Asia"
"Iraq",1959,6870338,"IRQ","Asia"
"Ireland",1959,2839170,"IRL","Europe"
"Isle of Man",1959,49687,"IMN","Europe"
"Israel",1959,1836305,"ISR","Asia"
"Italy",1959,49219400,"ITA","Europe"
"Jamaica",1959,1628191,"JAM","Americas"
"Japan",1959,95622923,"JPN","Asia"
"Jersey",1959,62976,"JEY","Europe"
"Jordan",1959,807562,"JOR","Asia"
"Kazakhstan",1959,9122120,"KAZ","Asia"
"Kenya",1959,7422694,"KEN","Africa"
"Kiribati",1959,46016,"KIR","Oceania"
"Kosovo",1959,958380,"XKX","Europe"
"Kuwait",1959,279488,"KWT","Asia"
"Kyrgyzstan",1959,2149259,"KGZ","Asia"
"Laos",1959,2074447,"LAO","Asia"
"Latvia",1959,2096937,"LVA","Europe"
"Lebanon",1959,1742737,"LBN","Asia"
"Lesotho",1959,714907,"LSO","Africa"
"Liberia",1959,1112512,"LBR","Africa"
"Libya",1959,1433916,"LBY","Africa"
"Liechtenstein",1959,16150,"LIE","Europe"
"Lithuania",1959,2722629,"LTU","Europe"
"Luxembourg",1959,312004,"LUX","Europe"
"Macao",1959,178393,"MAC","Asia"
"Madagascar",1959,4979045,"MDG","Africa"
"Malawi",1959,3544111,"MWI","Africa"
"Malaysia",1959,7755725,"MYS","Asia"
"Maldives",1959,89025,"MDV","Asia"
"Mali",1959,5325601,"MLI","Africa"
"Malta",1959,330312,"MLT","Europe"
"Marshall Islands",1959,14179,"MHL","Oceania"
"Martinique",1959,282852,"MTQ","Americas"
"Mauritania",1959,803570,"MRT","Africa"
"Mauritius",1959,664799,"MUS","Africa"
"Mayotte",1959,25278,"MYT","Africa"
"Mexico",1959,35627215,"MEX","Americas"
"Micronesia (country)",1959,41638,"FSM","Oceania"
"Moldova",1959,3007316,"MDA","Europe"
"Monaco",1959,21628,"MCO","Europe"
"Mongolia",1959,947371,"MNG","Asia"
"Montenegro",1959,464852,"MNE","Europe"
"Montserrat",1959,12099,"MSR","Americas"
"Morocco",1959,11316962,"MAR","Africa"
"Mozambique",1959,6610363,"MOZ","Africa"
"Myanmar",1959,21263969,"MMR","Asia"
"Namibia",1959,580886,"NAM","Africa"
"Nauru",1959,4435,"NRU","Oceania"
"Nepal",1959,9938867,"NPL","Asia"
"Netherlands",1959,11348049,"NLD","Europe"
"New Caledonia",1959,77232,"NCL","Oceania"
"New Zealand",1959,2333439,"NZL","Oceania"
"Nicaragua",1959,1729751,"NIC","Americas"
"Niger",1959,3405416,"NER","Africa"
"Nigeria",1959,44161639,"NGA","Africa"
"Niue",1959,4792,"NIU","Oceania"
"North Korea",1959,11452949,"PRK","Asia"
"North Macedonia",1959,1417037,"MKD","Europe"
"Northern Mariana Islands",1959,8475,"MNP","Oceania"
"Norway",1959,3552785,"NOR","Europe"
"Oman",1959,521273,"OMN","Asia"
"Pakistan",1959,44495119,"PAK","Asia"
"Palau",1959,9092,"PLW","Oceania"
"Palestine",1959,1055857,"PSX","Asia"
"Panama",1959,1093762,"PAN","Americas"
"Papua New Guinea",1959,1941451,"PNG","Oceania"
"Paraguay",1959,1840920,"PRY","Americas"
"Peru",1959,9883602,"PER","Americas"
"Philippines",1959,26907566,"PHL","Asia"
"Poland",1959,29132483,"POL","Europe"
"Portugal",1959,8840329,"PRT","Europe"
"Puerto Rico",1959,2342023,"PRI","Americas"
"Qatar",1959,33631,"QAT","Asia"
"Reunion",1959,347010,"REU","Africa"
"Romania",1959,18187646,"ROU","Europe"
"Russia",1959,118293848,"RUS","Europe"
"Rwanda",1959,2932358,"RWA","Africa"
"Saint Barthelemy",1959,2146,"BLM","Americas"
"Saint Helena",1959,5318,"SHN","Africa"
"Saint Kitts and Nevis",1959,55454,"KNA","Americas"
"Saint Lucia",1959,92323,"LCA","Americas"
"Saint Martin (French part)",1959,4099,"MAF","Americas"
"Saint Pierre and Miquelon",1959,4945,"SPM","Americas"
"Saint Vincent and the Grenadines",1959,82123,"VCT","Americas"
"Samoa",1959,109528,"WSM","Oceania"
"San Marino",1959,15058,"SMR","Europe"
"Sao Tome and Principe",1959,67260,"STP","Africa"
"Saudi Arabia",1959,2347970,"SAU","Asia"
"Senegal",1959,3248277,"SEN","Africa"
"Serbia",1959,6635168,"SRB","Europe"
"Seychelles",1959,42440,"SYC","Africa"
"Sierra Leone",1959,2234981,"SLE","Africa"
"Singapore",1959,1567707,"SGP","Asia"
"Sint Maarten (Dutch part)",1959,2503,"SXM","Americas"
"Slovakia",1959,4064629,"SVK","Europe"
"Slovenia",1959,1592075,"SVN","Europe"
"Solomon Islands",1959,136102,"SLB","Oceania"
"Somalia",1959,2803049,"SOM","Africa"
"South Africa",1959,16014918,"ZAF","Africa"
"South Korea",1959,25298180,"KOR","Asia"
"South Sudan",1959,2888738,"SSD","Africa"
"Spain",1959,30140655,"ESP","Europe"
"Sri Lanka",1959,9430109,"LKA","Asia"
"Sudan",1959,8106433,"SDN","Africa"
"Suriname",1959,255350,"SUR","Americas"
"Sweden",1959,7453507,"SWE","Europe"
"Switzerland",1959,5262768,"CHE","Europe"
"Syria",1959,4533726,"SYR","Asia"
"Taiwan",1959,10644132,"TWN","Asia"
"Tajikistan",1959,2045241,"TJK","Asia"
"Tanzania",1959,9629223,"TZA","Africa"
"Thailand",1959,26087970,"THA","Asia"
"Togo",1959,1643713,"TGO","Africa"
"Tokelau",1959,1708,"TKL","Oceania"
"Tonga",1959,64328,"TON","Oceania"
"Trinidad and Tobago",1959,824972,"TTO","Americas"
"Tunisia",1959,4220851,"TUN","Africa"
"Turkey",1959,27526283,"TUR","Asia"
"Turkmenistan",1959,1593376,"TKM","Asia"
"Turks and Caicos Islands",1959,5512,"TCA","Americas"
"Tuvalu",1959,5537,"TUV","Oceania"
"Uganda",1959,7423390,"UGA","Africa"
"Ukraine",1959,42244229,"UKR","Europe"
"United Arab Emirates",1959,124905,"ARE","Asia"
"United Kingdom",1959,52226419,"GBR","Europe"
"United States",1959,177145721,"USA","Americas"
"United States Virgin Islands",1959,31669,"UMI","Oceania"
"Uruguay",1959,2497109,"URY","Americas"
"Uzbekistan",1959,7935425,"UZB","Asia"
"Vanuatu",1959,62644,"VUT","Oceania"
"Venezuela",1959,7869179,"VEN","Americas"
"Vietnam",1959,31585499,"VNM","Asia"
"Wallis and Futuna",1959,8883,"WLF","Oceania"
"Western Sahara",1959,28045,"ESH","Africa"
"Yemen",1959,5415867,"YEM","Asia"
"Zambia",1959,3057013,"ZMB","Africa"
"Zimbabwe",1959,3692761,"ZWE","Africa"
"Afghanistan",1960,9034994,"AFG","Asia"
"Albania",1960,1649347,"ALB","Europe"
"Algeria",1960,11424876,"DZA","Africa"
"American Samoa",1960,20117,"ASM","Oceania"
"Andorra",1960,9498,"AND","Europe"
"Angola",1960,5231614,"AGO","Africa"
"Anguilla",1960,5759,"AIA","Americas"
"Antigua and Barbuda",1960,55582,"ATG","Americas"
"Argentina",1960,20386005,"ARG","Americas"
"Armenia",1960,1863664,"ARM","Asia"
"Aruba",1960,54891,"ABW","Americas"
"Australia",1960,10280765,"AUS","Oceania"
"Austria",1960,7047228,"AUT","Europe"
"Azerbaijan",1960,3982659,"AZE","Asia"
"Bahamas",1960,116284,"BHS","Americas"
"Bahrain",1960,165452,"BHR","Asia"
"Bangladesh",1960,51828616,"BGD","Asia"
"Barbados",1960,230851,"BRB","Americas"
"Belarus",1960,8207950,"BLR","Europe"
"Belgium",1960,9102115,"BEL","Europe"
"Belize",1960,91292,"BLZ","Americas"
"Benin",1960,2517239,"BEN","Africa"
"Bermuda",1960,42183,"BMU","Americas"
"Bhutan",1960,224064,"BTN","Asia"
"Bolivia",1960,3702263,"BOL","Americas"
"Bonaire Sint Eustatius and Saba",1960,7812,"BES","Americas"
"Bosnia and Herzegovina",1960,3281335,"BIH","Europe"
"Botswana",1960,516131,"BWA","Africa"
"Brazil",1960,72388071,"BRA","Americas"
"British Virgin Islands",1960,7931,"IOT","Africa"
"Brunei",1960,88318,"BRN","Asia"
"Bulgaria",1960,7862886,"BGR","Europe"
"Burkina Faso",1960,4778595,"BFA","Africa"
"Burundi",1960,2764222,"BDI","Africa"
"Cambodia",1960,5449909,"KHM","Asia"
"Cameroon",1960,5159005,"CMR","Africa"
"Canada",1960,17898743,"CAN","Americas"
"Cape Verde",1960,209985,"CPV","Africa"
"Cayman Islands",1960,8411,"CYM","Americas"
"Central African Republic",1960,1702307,"CAF","Africa"
"Chad",1960,3049786,"TCD","Africa"
"Chile",1960,8153307,"CHL","Americas"
"China",1960,654802013,"CHN","Asia"
"Colombia",1960,15606155,"COL","Americas"
"Comoros",1960,197666,"COM","Africa"
"Congo",1960,1056692,"COG","Africa"
"Cook Islands",1960,17639,"COK","Oceania"
"Costa Rica",1960,1327448,"CRI","Americas"
"Cote d'Ivoire",1960,3673622,"CIV","Africa"
"Croatia",1960,4200219,"HRV","Europe"
"Cuba",1960,7238044,"CUB","Americas"
"Cyprus",1960,586442,"CYP","Asia"
"Czechia",1960,9541555,"CZE","Europe"
"Democratic Republic of Congo",1960,15264804,"COD","Africa"
"Denmark",1960,4579292,"DNK","Europe"
"Djibouti",1960,85995,"DJI","Africa"
"Dominica",1960,59339,"DMA","Americas"
"Dominican Republic",1960,3268295,"DOM","Americas"
"East Timor",1960,468088,"TLS","Asia"
"Ecuador",1960,4590838,"ECU","Americas"
"Egypt",1960,26896428,"EGY","Africa"
"El Salvador",1960,2791387,"SLV","Americas"
"Equatorial Guinea",1960,269758,"GNQ","Africa"
"Eritrea",1960,972515,"ERI","Africa"
"Estonia",1960,1220412,"EST","Europe"
"Eswatini",1960,345292,"SWZ","Africa"
"Ethiopia",1960,21376637,"ETH","Africa"
"Falkland Islands",1960,2246,"FLK","Americas"
"Faroe Islands",1960,34109,"FRO","Europe"
"Fiji",1960,404845,"FJI","Oceania"
"Finland",1960,4429579,"FIN","Europe"
"France",1960,46428086,"FRA","Europe"
"French Guiana",1960,31063,"GUF","Americas"
"French Polynesia",1960,83646,"PYF","Oceania"
"Gabon",1960,512283,"GAB","Africa"
"Gambia",1960,398030,"GMB","Africa"
"Georgia",1960,4053753,"GEO","Asia"
"Germany",1960,72811591,"DEU","Europe"
"Ghana",1960,6961167,"GHA","Africa"
"Gibraltar",1960,21827,"GIB","Europe"
"Greece",1960,8384421,"GRC","Europe"
"Greenland",1960,32088,"GRL","Americas"
"Grenada",1960,94028,"GRD","Americas"
"Guadeloupe",1960,279391,"GLP","Americas"
"Guam",1960,69498,"GUM","Oceania"
"Guatemala",1960,4063608,"GTM","Americas"
"Guernsey",1960,47142,"GGY","Europe"
"Guinea",1960,3556704,"GIN","Africa"
"Guinea-Bissau",1960,577599,"GNB","Africa"
"Guyana",1960,569108,"GUY","Americas"
"Haiti",1960,3858401,"HTI","Americas"
"Honduras",1960,2062016,"HND","Americas"
"Hong Kong",1960,3094807,"HKG","Asia"
"Hungary",1960,9983335,"HUN","Europe"
"Iceland",1960,175524,"ISL","Europe"
"India",1960,435990289,"IND","Asia"
"Indonesia",1960,88296023,"IDN","Asia"
"Iran",1960,21470388,"IRN","Asia"
"Iraq",1960,7022010,"IRQ","Asia"
"Ireland",1960,2827644,"IRL","Europe"
"Isle of Man",1960,48845,"IMN","Europe"
"Israel",1960,1891895,"ISR","Asia"
"Italy",1960,49514502,"ITA","Europe"
"Jamaica",1960,1649962,"JAM","Americas"
"Japan",1960,96399711,"JPN","Asia"
"Jersey",1960,63624,"JEY","Europe"
"Jordan",1960,853426,"JOR","Asia"
"Kazakhstan",1960,9429929,"KAZ","Asia"
"Kenya",1960,7695258,"KEN","Africa"
"Kiribati",1960,47132,"KIR","Oceania"
"Kosovo",1960,984812,"XKX","Europe"
"Kuwait",1960,311026,"KWT","Asia"
"Kyrgyzstan",1960,2215471,"KGZ","Asia"
"Laos",1960,2121469,"LAO","Asia"
"Latvia",1960,2131119,"LVA","Europe"
"Lebanon",1960,1794359,"LBN","Asia"
"Lesotho",1960,736472,"LSO","Africa"
"Liberia",1960,1139478,"LBR","Africa"
"Libya",1960,1492852,"LBY","Africa"
"Liechtenstein",1960,16473,"LIE","Europe"
"Lithuania",1960,2769052,"LTU","Europe"
"Luxembourg",1960,313842,"LUX","Europe"
"Macao",1960,173290,"MAC","Asia"
"Madagascar",1960,5110982,"MDG","Africa"
"Malawi",1960,3628085,"MWI","Africa"
"Malaysia",1960,7956159,"MYS","Asia"
"Maldives",1960,91162,"MDV","Asia"
"Mali",1960,5402500,"MLI","Africa"
"Malta",1960,330781,"MLT","Europe"
"Marshall Islands",1960,14688,"MHL","Oceania"
"Martinique",1960,288733,"MTQ","Americas"
"Mauritania",1960,824264,"MRT","Africa"
"Mauritius",1960,680284,"MUS","Africa"
"Mayotte",1960,25975,"MYT","Africa"
"Mexico",1960,36724570,"MEX","Americas"
"Micronesia (country)",1960,43037,"FSM","Oceania"
"Moldova",1960,3076129,"MDA","Europe"
"Monaco",1960,21780,"MCO","Europe"
"Mongolia",1960,977549,"MNG","Asia"
"Montenegro",1960,471158,"MNE","Europe"
"Montserrat",1960,12015,"MSR","Americas"
"Morocco",1960,11624881,"MAR","Africa"
"Mozambique",1960,6713654,"MOZ","Africa"
"Myanmar",1960,21730205,"MMR","Asia"
"Namibia",1960,591411,"NAM","Africa"
"Nauru",1960,4589,"NRU","Oceania"
"Nepal",1960,10123617,"NPL","Asia"
"Netherlands",1960,11486870,"NLD","Europe"
"New Caledonia",1960,79790,"NCL","Oceania"
"New Zealand",1960,2379435,"NZL","Oceania"
"Nicaragua",1960,1782321,"NIC","Americas"
"Niger",1960,3505009,"NER","Africa"
"Nigeria",1960,45053744,"NGA","Africa"
"Niue",1960,4809,"NIU","Oceania"
"North Korea",1960,11722909,"PRK","Asia"
"North Macedonia",1960,1435019,"MKD","Europe"
"Northern Mariana Islands",1960,8716,"MNP","Oceania"
"Norway",1960,3581067,"NOR","Europe"
"Oman",1960,530449,"OMN","Asia"
"Pakistan",1960,45709272,"PAK","Asia"
"Palau",1960,9311,"PLW","Oceania"
"Palestine",1960,1073026,"PSX","Asia"
"Panama",1960,1125959,"PAN","Americas"
"Papua New Guinea",1960,1995076,"PNG","Oceania"
"Paraguay",1960,1883474,"PRY","Americas"
"Peru",1960,10174079,"PER","Americas"
"Philippines",1960,27891859,"PHL","Asia"
"Poland",1960,29575921,"POL","Europe"
"Portugal",1960,8873185,"PRT","Europe"
"Puerto Rico",1960,2363867,"PRI","Americas"
"Qatar",1960,35981,"QAT","Asia"
"Reunion",1960,359510,"REU","Africa"
"Romania",1960,18313450,"ROU","Europe"
"Russia",1960,119934094,"RUS","Europe"
"Rwanda",1960,3022249,"RWA","Africa"
"Saint Barthelemy",1960,2167,"BLM","Americas"
"Saint Helena",1960,5343,"SHN","Africa"
"Saint Kitts and Nevis",1960,55789,"KNA","Americas"
"Saint Lucia",1960,92559,"LCA","Americas"
"Saint Martin (French part)",1960,4239,"MAF","Americas"
"Saint Pierre and Miquelon",1960,4970,"SPM","Americas"
"Saint Vincent and the Grenadines",1960,84359,"VCT","Americas"
"Samoa",1960,112464,"WSM","Oceania"
"San Marino",1960,15407,"SMR","Europe"
"Sao Tome and Principe",1960,67989,"STP","Africa"
"Saudi Arabia",1960,2435361,"SAU","Asia"
"Senegal",1960,3340851,"SEN","Africa"
"Serbia",1960,6702911,"SRB","Europe"
"Seychelles",1960,43204,"SYC","Africa"
"Sierra Leone",1960,2268311,"SLE","Africa"
"Singapore",1960,1619267,"SGP","Asia"
"Sint Maarten (Dutch part)",1960,2688,"SXM","Americas"
"Slovakia",1960,4124396,"SVK","Europe"
"Slovenia",1960,1605033,"SVN","Europe"
"Solomon Islands",1960,139653,"SLB","Oceania"
"Somalia",1960,2876282,"SOM","Africa"
"South Africa",1960,16440132,"ZAF","Africa"
"South Korea",1960,26115344,"KOR","Asia"
"South Sudan",1960,2931518,"SSD","Africa"
"Spain",1960,30404890,"ESP","Europe"
"Sri Lanka",1960,9661342,"LKA","Asia"
"Sudan",1960,8364442,"SDN","Africa"
"Suriname",1960,263890,"SUR","Americas"
"Sweden",1960,7484546,"SWE","Europe"
"Switzerland",1960,5327725,"CHE","Europe"
"Syria",1960,4673451,"SYR","Asia"
"Taiwan",1960,11046219,"TWN","Asia"
"Tajikistan",1960,2112085,"TJK","Asia"
"Tanzania",1960,9901365,"TZA","Africa"
"Thailand",1960,26851697,"THA","Asia"
"Togo",1960,1673073,"TGO","Africa"
"Tokelau",1960,1764,"TKL","Oceania"
"Tonga",1960,66138,"TON","Oceania"
"Trinidad and Tobago",1960,844903,"TTO","Americas"
"Tunisia",1960,4267245,"TUN","Africa"
"Turkey",1960,28329854,"TUR","Asia"
"Turkmenistan",1960,1643419,"TKM","Asia"
"Turks and Caicos Islands",1960,5591,"TCA","Americas"
"Tuvalu",1960,5583,"TUV","Oceania"
"Uganda",1960,7640933,"UGA","Africa"
"Ukraine",1960,42824051,"UKR","Europe"
"United Arab Emirates",1960,131303,"ARE","Asia"
"United Kingdom",1960,52538492,"GBR","Europe"
"United States",1960,180274505,"USA","Americas"
"United States Virgin Islands",1960,33006,"UMI","Oceania"
"Uruguay",1960,2529916,"URY","Americas"
"Uzbekistan",1960,8209074,"UZB","Asia"
"Vanuatu",1960,64401,"VUT","Oceania"
"Venezuela",1960,8160039,"VEN","Americas"
"Vietnam",1960,32531879,"VNM","Asia"
"Wallis and Futuna",1960,8610,"WLF","Oceania"
"Western Sahara",1960,30312,"ESH","Africa"
"Yemen",1960,5532249,"YEM","Asia"
"Zambia",1960,3153682,"ZMB","Africa"
"Zimbabwe",1960,3809349,"ZWE","Africa"
"Afghanistan",1961,9214035,"AFG","Asia"
"Albania",1961,1698752,"ALB","Europe"
"Algeria",1961,11628830,"DZA","Africa"
"American Samoa",1961,20647,"ASM","Oceania"
"Andorra",1961,10266,"AND","Europe"
"Angola",1961,5301537,"AGO","Africa"
"Anguilla",1961,5800,"AIA","Americas"
"Antigua and Barbuda",1961,56518,"ATG","Americas"
"Argentina",1961,20726232,"ARG","Americas"
"Armenia",1961,1927443,"ARM","Asia"
"Aruba",1961,55554,"ABW","Americas"
"Australia",1961,10500383,"AUS","Oceania"
"Austria",1961,7086019,"AUT","Europe"
"Azerbaijan",1961,4108930,"AZE","Asia"
"Bahamas",1961,122167,"BHS","Americas"
"Bahrain",1961,172311,"BHR","Asia"
"Bangladesh",1961,53310300,"BGD","Asia"
"Barbados",1961,233110,"BRB","Americas"
"Belarus",1961,8320379,"BLR","Europe"
"Belgium",1961,9158154,"BEL","Europe"
"Belize",1961,93600,"BLZ","Americas"
"Benin",1961,2559182,"BEN","Africa"
"Bermuda",1961,43097,"BMU","Americas"
"Bhutan",1961,230571,"BTN","Asia"
"Bolivia",1961,3778686,"BOL","Americas"
"Bonaire Sint Eustatius and Saba",1961,7939,"BES","Americas"
"Bosnia and Herzegovina",1961,3347997,"BIH","Europe"
"Botswana",1961,527910,"BWA","Africa"
"Brazil",1961,74605393,"BRA","Americas"
"British Virgin Islands",1961,8017,"IOT","Africa"
"Brunei",1961,92484,"BRN","Asia"
"Bulgaria",1961,7938262,"BGR","Europe"
"Burkina Faso",1961,4848178,"BFA","Africa"
"Burundi",1961,2835076,"BDI","Africa"
"Cambodia",1961,5571127,"KHM","Asia"
"Cameroon",1961,5239226,"CMR","Africa"
"Canada",1961,18263022,"CAN","Americas"
"Cape Verde",1961,215046,"CPV","Africa"
"Cayman Islands",1961,8578,"CYM","Americas"
"Central African Republic",1961,1734534,"CAF","Africa"
"Chad",1961,3111912,"TCD","Africa"
"Chile",1961,8324760,"CHL","Americas"
"China",1961,655773420,"CHN","Asia"
"Colombia",1961,16095159,"COL","Americas"
"Comoros",1961,201166,"COM","Africa"
"Congo",1961,1084343,"COG","Africa"
"Cook Islands",1961,18020,"COK","Oceania"
"Costa Rica",1961,1377870,"CRI","Americas"
"Cote d'Ivoire",1961,3810102,"CIV","Africa"
"Croatia",1961,4223379,"HRV","Europe"
"Cuba",1961,7387071,"CUB","Americas"
"Cyprus",1961,595475,"CYP","Asia"
"Czechia",1961,9573342,"CZE","Europe"
"Democratic Republic of Congo",1961,15662328,"COD","Africa"
"Denmark",1961,4611303,"DNK","Europe"
"Djibouti",1961,89363,"DJI","Africa"
"Dominica",1961,60180,"DMA","Americas"
"Dominican Republic",1961,3373194,"DOM","Americas"
"East Timor",1961,475255,"TLS","Asia"
"Ecuador",1961,4722285,"ECU","Americas"
"Egypt",1961,27600853,"EGY","Africa"
"El Salvador",1961,2869978,"SLV","Americas"
"Equatorial Guinea",1961,274859,"GNQ","Africa"
"Eritrea",1961,995525,"ERI","Africa"
"Estonia",1961,1235125,"EST","Europe"
"Eswatini",1961,353213,"SWZ","Africa"
"Ethiopia",1961,21906053,"ETH","Africa"
"Falkland Islands",1961,2262,"FLK","Americas"
"Faroe Islands",1961,34537,"FRO","Europe"
"Fiji",1961,417369,"FJI","Oceania"
"Finland",1961,4460953,"FIN","Europe"
"France",1961,46893794,"FRA","Europe"
"French Guiana",1961,32359,"GUF","Americas"
"French Polynesia",1961,85401,"PYF","Oceania"
"Gabon",1961,518233,"GAB","Africa"
"Gambia",1961,408896,"GMB","Africa"
"Georgia",1961,4128984,"GEO","Asia"
"Germany",1961,73376062,"DEU","Europe"
"Ghana",1961,7162610,"GHA","Africa"
"Gibraltar",1961,21853,"GIB","Europe"
"Greece",1961,8446956,"GRC","Europe"
"Greenland",1961,33390,"GRL","Americas"
"Grenada",1961,95295,"GRD","Americas"
"Guadeloupe",1961,286357,"GLP","Americas"
"Guam",1961,71281,"GUM","Oceania"
"Guatemala",1961,4186158,"GTM","Americas"
"Guernsey",1961,47447,"GGY","Europe"
"Guinea",1961,3619506,"GIN","Africa"
"Guinea-Bissau",1961,582497,"GNB","Africa"
"Guyana",1961,582535,"GUY","Americas"
"Haiti",1961,3928981,"HTI","Americas"
"Honduras",1961,2121192,"HND","Americas"
"Hong Kong",1961,3076605,"HKG","Asia"
"Hungary",1961,10026470,"HUN","Europe"
"Iceland",1961,178962,"ISL","Europe"
"India",1961,446564674,"IND","Asia"
"Indonesia",1961,90791195,"IDN","Asia"
"Iran",1961,22125678,"IRN","Asia"
"Iraq",1961,7194521,"IRQ","Asia"
"Ireland",1961,2824647,"IRL","Europe"
"Isle of Man",1961,48420,"IMN","Europe"
"Israel",1961,1956850,"ISR","Asia"
"Italy",1961,49815198,"ITA","Europe"
"Jamaica",1961,1673219,"JAM","Americas"
"Japan",1961,97217546,"JPN","Asia"
"Jersey",1961,64269,"JEY","Europe"
"Jordan",1961,897551,"JOR","Asia"
"Kazakhstan",1961,9742037,"KAZ","Asia"
"Kenya",1961,7987719,"KEN","Africa"
"Kiribati",1961,48306,"KIR","Oceania"
"Kosovo",1961,1011380,"XKX","Europe"
"Kuwait",1961,345911,"KWT","Asia"
"Kyrgyzstan",1961,2288622,"KGZ","Asia"
"Laos",1961,2169750,"LAO","Asia"
"Latvia",1961,2157131,"LVA","Europe"
"Lebanon",1961,1850047,"LBN","Asia"
"Lesotho",1961,758791,"LSO","Africa"
"Liberia",1961,1167677,"LBR","Africa"
"Libya",1961,1555656,"LBY","Africa"
"Liechtenstein",1961,16835,"LIE","Europe"
"Lithuania",1961,2812551,"LTU","Europe"
"Luxembourg",1961,316299,"LUX","Europe"
"Macao",1961,173296,"MAC","Asia"
"Madagascar",1961,5246115,"MDG","Africa"
"Malawi",1961,3715495,"MWI","Africa"
"Malaysia",1961,8164398,"MYS","Asia"
"Maldives",1961,93421,"MDV","Asia"
"Mali",1961,5482237,"MLI","Africa"
"Malta",1961,330803,"MLT","Europe"
"Marshall Islands",1961,15199,"MHL","Oceania"
"Martinique",1961,294544,"MTQ","Americas"
"Mauritania",1961,846135,"MRT","Africa"
"Mauritius",1961,692492,"MUS","Africa"
"Mayotte",1961,26712,"MYT","Africa"
"Mexico",1961,37890078,"MEX","Americas"
"Micronesia (country)",1961,44583,"FSM","Oceania"
"Moldova",1961,3143838,"MDA","Europe"
"Monaco",1961,21883,"MCO","Europe"
"Mongolia",1961,1009249,"MNG","Asia"
"Montenegro",1961,477788,"MNE","Europe"
"Montserrat",1961,11943,"MSR","Americas"
"Morocco",1961,11931047,"MAR","Africa"
"Mozambique",1961,6834888,"MOZ","Africa"
"Myanmar",1961,22210530,"MMR","Asia"
"Namibia",1961,603033,"NAM","Africa"
"Nauru",1961,4763,"NRU","Oceania"
"Nepal",1961,10318353,"NPL","Asia"
"Netherlands",1961,11639321,"NLD","Europe"
"New Caledonia",1961,82489,"NCL","Oceania"
"New Zealand",1961,2429686,"NZL","Oceania"
"Nicaragua",1961,1836413,"NIC","Americas"
"Niger",1961,3608120,"NER","Africa"
"Nigeria",1961,45989253,"NGA","Africa"
"Niue",1961,4828,"NIU","Oceania"
"North Korea",1961,11990663,"PRK","Asia"
"North Macedonia",1961,1455129,"MKD","Europe"
"Northern Mariana Islands",1961,8976,"MNP","Oceania"
"Norway",1961,3609617,"NOR","Europe"
"Oman",1961,539812,"OMN","Asia"
"Pakistan",1961,46921229,"PAK","Asia"
"Palau",1961,9544,"PLW","Oceania"
"Palestine",1961,1090884,"PSX","Asia"
"Panama",1961,1159830,"PAN","Americas"
"Papua New Guinea",1961,2046091,"PNG","Oceania"
"Paraguay",1961,1927360,"PRY","Americas"
"Peru",1961,10475081,"PER","Americas"
"Philippines",1961,28792565,"PHL","Asia"
"Poland",1961,29979640,"POL","Europe"
"Portugal",1961,8888342,"PRT","Europe"
"Puerto Rico",1961,2401129,"PRI","Americas"
"Qatar",1961,39660,"QAT","Asia"
"Reunion",1961,372030,"REU","Africa"
"Romania",1961,18422476,"ROU","Europe"
"Russia",1961,121604257,"RUS","Europe"
"Rwanda",1961,3106736,"RWA","Africa"
"Saint Barthelemy",1961,2185,"BLM","Americas"
"Saint Helena",1961,5364,"SHN","Africa"
"Saint Kitts and Nevis",1961,55305,"KNA","Americas"
"Saint Lucia",1961,93461,"LCA","Americas"
"Saint Martin (French part)",1961,4377,"MAF","Americas"
"Saint Pierre and Miquelon",1961,4967,"SPM","Americas"
"Saint Vincent and the Grenadines",1961,85843,"VCT","Americas"
"Samoa",1961,115466,"WSM","Oceania"
"San Marino",1961,15778,"SMR","Europe"
"Sao Tome and Principe",1961,68676,"STP","Africa"
"Saudi Arabia",1961,2526302,"SAU","Asia"
"Senegal",1961,3436329,"SEN","Africa"
"Serbia",1961,6771344,"SRB","Europe"
"Seychelles",1961,44087,"SYC","Africa"
"Sierra Leone",1961,2304180,"SLE","Africa"
"Singapore",1961,1670427,"SGP","Asia"
"Sint Maarten (Dutch part)",1961,2943,"SXM","Americas"
"Slovakia",1961,4185297,"SVK","Europe"
"Slovenia",1961,1618516,"SVN","Europe"
"Solomon Islands",1961,142874,"SLB","Oceania"
"Somalia",1961,2952007,"SOM","Africa"
"South Africa",1961,16907992,"ZAF","Africa"
"South Korea",1961,26852912,"KOR","Asia"
"South Sudan",1961,2976684,"SSD","Africa"
"Spain",1961,30699526,"ESP","Europe"
"Sri Lanka",1961,9899317,"LKA","Asia"
"Sudan",1961,8634881,"SDN","Africa"
"Suriname",1961,272750,"SUR","Americas"
"Sweden",1961,7519941,"SWE","Europe"
"Switzerland",1961,5434068,"CHE","Europe"
"Syria",1961,4815408,"SYR","Asia"
"Taiwan",1961,11453473,"TWN","Asia"
"Tajikistan",1961,2181766,"TJK","Asia"
"Tanzania",1961,10187835,"TZA","Africa"
"Thailand",1961,27650280,"THA","Asia"
"Togo",1961,1702667,"TGO","Africa"
"Tokelau",1961,1819,"TKL","Oceania"
"Tonga",1961,68011,"TON","Oceania"
"Trinidad and Tobago",1961,863101,"TTO","Americas"
"Tunisia",1961,4316241,"TUN","Africa"
"Turkey",1961,29119190,"TUR","Asia"
"Turkmenistan",1961,1695351,"TKM","Asia"
"Turks and Caicos Islands",1961,5602,"TCA","Americas"
"Tuvalu",1961,5631,"TUV","Oceania"
"Uganda",1961,7862162,"UGA","Africa"
"Ukraine",1961,43399724,"UKR","Europe"
"United Arab Emirates",1961,137952,"ARE","Asia"
"United Kingdom",1961,52884902,"GBR","Europe"
"United States",1961,183489436,"USA","Americas"
"United States Virgin Islands",1961,35407,"UMI","Oceania"
"Uruguay",1961,2561998,"URY","Americas"
"Uzbekistan",1961,8517672,"UZB","Asia"
"Vanuatu",1961,66233,"VUT","Oceania"
"Venezuela",1961,8455868,"VEN","Americas"
"Vietnam",1961,33409006,"VNM","Asia"
"Wallis and Futuna",1961,8283,"WLF","Oceania"
"Western Sahara",1961,32696,"ESH","Africa"
"Yemen",1961,5655182,"YEM","Asia"
"Zambia",1961,3254031,"ZMB","Africa"
"Zimbabwe",1961,3930357,"ZWE","Africa"
"Afghanistan",1962,9404364,"AFG","Asia"
"Albania",1962,1743691,"ALB","Europe"
"Algeria",1962,11800720,"DZA","Africa"
"American Samoa",1962,21273,"ASM","Oceania"
"Andorra",1962,11062,"AND","Europe"
"Angola",1962,5354263,"AGO","Africa"
"Anguilla",1962,5859,"AIA","Americas"
"Antigua and Barbuda",1962,57304,"ATG","Americas"
"Argentina",1962,21072499,"ARG","Americas"
"Armenia",1962,1991632,"ARM","Asia"
"Aruba",1962,56289,"ABW","Americas"
"Australia",1962,10707194,"AUS","Oceania"
"Austria",1962,7129527,"AUT","Europe"
"Azerbaijan",1962,4239368,"AZE","Asia"
"Bahamas",1962,128455,"BHS","Americas"
"Bahrain",1962,179311,"BHR","Asia"
"Bangladesh",1962,54881103,"BGD","Asia"
"Barbados",1962,235190,"BRB","Americas"
"Belarus",1962,8424429,"BLR","Europe"
"Belgium",1962,9217620,"BEL","Europe"
"Belize",1962,96018,"BLZ","Americas"
"Benin",1962,2604619,"BEN","Africa"
"Bermuda",1962,44209,"BMU","Americas"
"Bhutan",1962,237607,"BTN","Asia"
"Bolivia",1962,3857444,"BOL","Americas"
"Bonaire Sint Eustatius and Saba",1962,8086,"BES","Americas"
"Bosnia and Herzegovina",1962,3407480,"BIH","Europe"
"Botswana",1962,540135,"BWA","Africa"
"Brazil",1962,76865270,"BRA","Americas"
"British Virgin Islands",1962,8052,"IOT","Africa"
"Brunei",1962,96694,"BRN","Asia"
"Bulgaria",1962,8008284,"BGR","Europe"
"Burkina Faso",1962,4919631,"BFA","Africa"
"Burundi",1962,2907897,"BDI","Africa"
"Cambodia",1962,5697511,"KHM","Asia"
"Cameroon",1962,5338565,"CMR","Africa"
"Canada",1962,18613545,"CAN","Americas"
"Cape Verde",1962,221885,"CPV","Africa"
"Cayman Islands",1962,8762,"CYM","Americas"
"Central African Republic",1962,1768073,"CAF","Africa"
"Chad",1962,3175551,"TCD","Africa"
"Chile",1962,8497007,"CHL","Americas"
"China",1962,665073645,"CHN","Asia"
"Colombia",1962,16598978,"COL","Americas"
"Comoros",1962,204668,"COM","Africa"
"Congo",1962,1113138,"COG","Africa"
"Cook Islands",1962,18267,"COK","Oceania"
"Costa Rica",1962,1429394,"CRI","Americas"
"Cote d'Ivoire",1962,3956904,"CIV","Africa"
"Croatia",1962,4254965,"HRV","Europe"
"Cuba",1962,7541057,"CUB","Americas"
"Cyprus",1962,601424,"CYP","Asia"
"Czechia",1962,9597413,"CZE","Europe"
"Democratic Republic of Congo",1962,16075684,"COD","Africa"
"Denmark",1962,4647415,"DNK","Europe"
"Djibouti",1962,93252,"DJI","Africa"
"Dominica",1962,60921,"DMA","Americas"
"Dominican Republic",1962,3479893,"DOM","Americas"
"East Timor",1962,482732,"TLS","Asia"
"Ecuador",1962,4859210,"ECU","Americas"
"Egypt",1962,28336969,"EGY","Africa"
"El Salvador",1962,2949162,"SLV","Americas"
"Equatorial Guinea",1962,280251,"GNQ","Africa"
"Eritrea",1962,1019740,"ERI","Africa"
"Estonia",1962,1249585,"EST","Europe"
"Eswatini",1962,361329,"SWZ","Africa"
"Ethiopia",1962,22465077,"ETH","Africa"
"Falkland Islands",1962,2285,"FLK","Americas"
"Faroe Islands",1962,34938,"FRO","Europe"
"Fiji",1962,430500,"FJI","Oceania"
"Finland",1962,4491697,"FIN","Europe"
"France",1962,47352571,"FRA","Europe"
"French Guiana",1962,33754,"GUF","Americas"
"French Polynesia",1962,87243,"PYF","Oceania"
"Gabon",1962,524613,"GAB","Africa"
"Gambia",1962,420126,"GMB","Africa"
"Georgia",1962,4205660,"GEO","Asia"
"Germany",1962,73996959,"DEU","Europe"
"Ghana",1962,7337328,"GHA","Africa"
"Gibraltar",1962,22170,"GIB","Europe"
"Greece",1962,8473324,"GRC","Europe"
"Greenland",1962,34623,"GRL","Americas"
"Grenada",1962,96351,"GRD","Americas"
"Guadeloupe",1962,291971,"GLP","Americas"
"Guam",1962,73160,"GUM","Oceania"
"Guatemala",1962,4312000,"GTM","Americas"
"Guernsey",1962,47974,"GGY","Europe"
"Guinea",1962,3684233,"GIN","Africa"
"Guinea-Bissau",1962,589430,"GNB","Africa"
"Guyana",1962,595413,"GUY","Americas"
"Haiti",1962,4001526,"HTI","Americas"
"Honduras",1962,2182022,"HND","Americas"
"Hong Kong",1962,2889045,"HKG","Asia"
"Hungary",1962,10058014,"HUN","Europe"
"Iceland",1962,182312,"ISL","Europe"
"India",1962,457283043,"IND","Asia"
"Indonesia",1962,93375809,"IDN","Asia"
"Iran",1962,22807854,"IRN","Asia"
"Iraq",1962,7413825,"IRQ","Asia"
"Ireland",1962,2831442,"IRL","Europe"
"Isle of Man",1962,48657,"IMN","Europe"
"Israel",1962,2040910,"ISR","Asia"
"Italy",1962,50170537,"ITA","Europe"
"Jamaica",1962,1696886,"JAM","Americas"
"Japan",1962,98076351,"JPN","Asia"
"Jersey",1962,64929,"JEY","Europe"
"Jordan",1962,940516,"JOR","Asia"
"Kazakhstan",1962,10058890,"KAZ","Asia"
"Kenya",1962,8299257,"KEN","Africa"
"Kiribati",1962,49523,"KIR","Oceania"
"Kosovo",1962,1036905,"XKX","Europe"
"Kuwait",1962,384960,"KWT","Asia"
"Kyrgyzstan",1962,2367245,"KGZ","Asia"
"Laos",1962,2219874,"LAO","Asia"
"Latvia",1962,2182242,"LVA","Europe"
"Lebanon",1962,1909537,"LBN","Asia"
"Lesotho",1962,781776,"LSO","Africa"
"Liberia",1962,1196998,"LBR","Africa"
"Libya",1962,1621904,"LBY","Africa"
"Liechtenstein",1962,17245,"LIE","Europe"
"Lithuania",1962,2853247,"LTU","Europe"
"Luxembourg",1962,319617,"LUX","Europe"
"Macao",1962,177776,"MAC","Asia"
"Madagascar",1962,5384114,"MDG","Africa"
"Malawi",1962,3806260,"MWI","Africa"
"Malaysia",1962,8380129,"MYS","Asia"
"Maldives",1962,95770,"MDV","Asia"
"Mali",1962,5563874,"MLI","Africa"
"Malta",1962,330459,"MLT","Europe"
"Marshall Islands",1962,15740,"MHL","Oceania"
"Martinique",1962,299705,"MTQ","Americas"
"Mauritania",1962,869147,"MRT","Africa"
"Mauritius",1962,705233,"MUS","Africa"
"Mayotte",1962,27489,"MYT","Africa"
"Mexico",1962,39129158,"MEX","Americas"
"Micronesia (country)",1962,46196,"FSM","Oceania"
"Moldova",1962,3209465,"MDA","Europe"
"Monaco",1962,22055,"MCO","Europe"
"Mongolia",1962,1041399,"MNG","Asia"
"Montenegro",1962,484398,"MNE","Europe"
"Montserrat",1962,11864,"MSR","Americas"
"Morocco",1962,12253046,"MAR","Africa"
"Mozambique",1962,6969317,"MOZ","Africa"
"Myanmar",1962,22704673,"MMR","Asia"
"Namibia",1962,615714,"NAM","Africa"
"Nauru",1962,4960,"NRU","Oceania"
"Nepal",1962,10521072,"NPL","Asia"
"Netherlands",1962,11807503,"NLD","Europe"
"New Caledonia",1962,85313,"NCL","Oceania"
"New Zealand",1962,2484363,"NZL","Oceania"
"Nicaragua",1962,1892270,"NIC","Americas"
"Niger",1962,3714474,"NER","Africa"
"Nigeria",1962,46965250,"NGA","Africa"
"Niue",1962,4898,"NIU","Oceania"
"North Korea",1962,12262839,"PRK","Asia"
"North Macedonia",1962,1471708,"MKD","Europe"
"Northern Mariana Islands",1962,9273,"MNP","Oceania"
"Norway",1962,3638786,"NOR","Europe"
"Oman",1962,549907,"OMN","Asia"
"Pakistan",1962,48156076,"PAK","Asia"
"Palau",1962,9774,"PLW","Oceania"
"Palestine",1962,1109297,"PSX","Asia"
"Panama",1962,1195268,"PAN","Americas"
"Papua New Guinea",1962,2093890,"PNG","Oceania"
"Paraguay",1962,1973080,"PRY","Americas"
"Peru",1962,10784578,"PER","Americas"
"Philippines",1962,29723485,"PHL","Asia"
"Poland",1962,30338047,"POL","Europe"
"Portugal",1962,8895723,"PRT","Europe"
"Puerto Rico",1962,2441206,"PRI","Americas"
"Qatar",1962,44607,"QAT","Asia"
"Reunion",1962,383811,"REU","Africa"
"Romania",1962,18511625,"ROU","Europe"
"Russia",1962,123111674,"RUS","Europe"
"Rwanda",1962,3185973,"RWA","Africa"
"Saint Barthelemy",1962,2216,"BLM","Americas"
"Saint Helena",1962,5404,"SHN","Africa"
"Saint Kitts and Nevis",1962,54441,"KNA","Americas"
"Saint Lucia",1962,94470,"LCA","Americas"
"Saint Martin (French part)",1962,4520,"MAF","Americas"
"Saint Pierre and Miquelon",1962,4988,"SPM","Americas"
"Saint Vincent and the Grenadines",1962,87219,"VCT","Americas"
"Samoa",1962,118562,"WSM","Oceania"
"San Marino",1962,16157,"SMR","Europe"
"Sao Tome and Principe",1962,69373,"STP","Africa"
"Saudi Arabia",1962,2620861,"SAU","Asia"
"Senegal",1962,3534637,"SEN","Africa"
"Serbia",1962,6838593,"SRB","Europe"
"Seychelles",1962,45042,"SYC","Africa"
"Sierra Leone",1962,2342196,"SLE","Africa"
"Singapore",1962,1721136,"SGP","Asia"
"Sint Maarten (Dutch part)",1962,3246,"SXM","Americas"
"Slovakia",1962,4235745,"SVK","Europe"
"Slovenia",1962,1633036,"SVN","Europe"
"Solomon Islands",1962,146158,"SLB","Oceania"
"Somalia",1962,3030048,"SOM","Africa"
"South Africa",1962,17418474,"ZAF","Africa"
"South Korea",1962,27509190,"KOR","Asia"
"South Sudan",1962,3024257,"SSD","Africa"
"Spain",1962,31040042,"ESP","Europe"
"Sri Lanka",1962,10143706,"LKA","Asia"
"Sudan",1962,8918978,"SDN","Africa"
"Suriname",1962,283878,"SUR","Americas"
"Sweden",1962,7561470,"SWE","Europe"
"Switzerland",1962,5573646,"CHE","Europe"
"Syria",1962,4959293,"SYR","Asia"
"Taiwan",1962,11866625,"TWN","Asia"
"Tajikistan",1962,2254983,"TJK","Asia"
"Tanzania",1962,10487703,"TZA","Africa"
"Thailand",1962,28480998,"THA","Asia"
"Togo",1962,1732917,"TGO","Africa"
"Tokelau",1962,1843,"TKL","Oceania"
"Tonga",1962,69909,"TON","Oceania"
"Trinidad and Tobago",1962,880153,"TTO","Americas"
"Tunisia",1962,4369097,"TUN","Africa"
"Turkey",1962,29916095,"TUR","Asia"
"Turkmenistan",1962,1749176,"TKM","Asia"
"Turks and Caicos Islands",1962,5617,"TCA","Americas"
"Tuvalu",1962,5677,"TUV","Oceania"
"Uganda",1962,8092183,"UGA","Africa"
"Ukraine",1962,43943625,"UKR","Europe"
"United Arab Emirates",1962,144921,"ARE","Asia"
"United Kingdom",1962,53272784,"GBR","Europe"
"United States",1962,186724236,"USA","Americas"
"United States Virgin Islands",1962,38299,"UMI","Oceania"
"Uruguay",1962,2593249,"URY","Americas"
"Uzbekistan",1962,8854317,"UZB","Asia"
"Vanuatu",1962,68149,"VUT","Oceania"
"Venezuela",1962,8756836,"VEN","Americas"
"Vietnam",1962,34288512,"VNM","Asia"
"Wallis and Futuna",1962,8133,"WLF","Oceania"
"Western Sahara",1962,35237,"ESH","Africa"
"Yemen",1962,5782184,"YEM","Asia"
"Zambia",1962,3358045,"ZMB","Africa"
"Zimbabwe",1962,4055920,"ZWE","Africa"
"Afghanistan",1963,9604447,"AFG","Asia"
"Albania",1963,1791245,"ALB","Europe"
"Algeria",1963,11982065,"DZA","Africa"
"American Samoa",1963,21952,"ASM","Oceania"
"Andorra",1963,11892,"AND","Europe"
"Angola",1963,5408282,"AGO","Africa"
"Anguilla",1963,5903,"AIA","Americas"
"Antigua and Barbuda",1963,58113,"ATG","Americas"
"Argentina",1963,21421656,"ARG","Americas"
"Armenia",1963,2055975,"ARM","Asia"
"Aruba",1963,56977,"ABW","Americas"
"Australia",1963,10913219,"AUS","Oceania"
"Austria",1963,7175455,"AUT","Europe"
"Azerbaijan",1963,4371998,"AZE","Asia"
"Bahamas",1963,135057,"BHS","Americas"
"Bahrain",1963,186460,"BHR","Asia"
"Bangladesh",1963,56504365,"BGD","Asia"
"Barbados",1963,237510,"BRB","Americas"
"Belarus",1963,8517653,"BLR","Europe"
"Belgium",1963,9275149,"BEL","Europe"
"Belize",1963,98672,"BLZ","Americas"
"Benin",1963,2652862,"BEN","Africa"
"Bermuda",1963,45313,"BMU","Americas"
"Bhutan",1963,245127,"BTN","Asia"
"Bolivia",1963,3938863,"BOL","Americas"
"Bonaire Sint Eustatius and Saba",1963,8240,"BES","Americas"
"Bosnia and Herzegovina",1963,3461893,"BIH","Europe"
"Botswana",1963,552930,"BWA","Africa"
"Brazil",1963,79164180,"BRA","Americas"
"British Virgin Islands",1963,8094,"IOT","Africa"
"Brunei",1963,101135,"BRN","Asia"
"Bulgaria",1963,8073685,"BGR","Europe"
"Burkina Faso",1963,4993581,"BFA","Africa"
"Burundi",1963,2969792,"BDI","Africa"
"Cambodia",1963,5822967,"KHM","Asia"
"Cameroon",1963,5456565,"CMR","Africa"
"Canada",1963,18964204,"CAN","Americas"
"Cape Verde",1963,229330,"CPV","Africa"
"Cayman Islands",1963,8949,"CYM","Americas"
"Central African Republic",1963,1803022,"CAF","Africa"
"Chad",1963,3240864,"TCD","Africa"
"Chile",1963,8670098,"CHL","Americas"
"China",1963,684552592,"CHN","Asia"
"Colombia",1963,17113769,"COL","Americas"
"Comoros",1963,208152,"COM","Africa"
"Congo",1963,1143227,"COG","Africa"
"Cook Islands",1963,18406,"COK","Oceania"
"Costa Rica",1963,1481559,"CRI","Americas"
"Cote d'Ivoire",1963,4112024,"CIV","Africa"
"Croatia",1963,4287223,"HRV","Europe"
"Cuba",1963,7701619,"CUB","Americas"
"Cyprus",1963,607197,"CYP","Asia"
"Czechia",1963,9627281,"CZE","Europe"
"Democratic Republic of Congo",1963,16507565,"COD","Africa"
"Denmark",1963,4684217,"DNK","Europe"
"Djibouti",1963,97843,"DJI","Africa"
"Dominica",1963,61718,"DMA","Americas"
"Dominican Republic",1963,3588246,"DOM","Americas"
"East Timor",1963,490531,"TLS","Asia"
"Ecuador",1963,5001683,"ECU","Americas"
"Egypt",1963,29091819,"EGY","Africa"
"El Salvador",1963,3028633,"SLV","Americas"
"Equatorial Guinea",1963,285925,"GNQ","Africa"
"Eritrea",1963,1045049,"ERI","Africa"
"Estonia",1963,1263701,"EST","Europe"
"Eswatini",1963,369719,"SWZ","Africa"
"Ethiopia",1963,23051593,"ETH","Africa"
"Falkland Islands",1963,2282,"FLK","Americas"
"Faroe Islands",1963,35366,"FRO","Europe"
"Fiji",1963,444240,"FJI","Oceania"
"Finland",1963,4523846,"FIN","Europe"
"France",1963,47817760,"FRA","Europe"
"French Guiana",1963,35292,"GUF","Americas"
"French Polynesia",1963,89711,"PYF","Oceania"
"Gabon",1963,531414,"GAB","Africa"
"Gambia",1963,431720,"GMB","Africa"
"Georgia",1963,4282749,"GEO","Asia"
"Germany",1963,74697959,"DEU","Europe"
"Ghana",1963,7514682,"GHA","Africa"
"Gibraltar",1963,22718,"GIB","Europe"
"Greece",1963,8488330,"GRC","Europe"
"Greenland",1963,35881,"GRL","Americas"
"Grenada",1963,97170,"GRD","Americas"
"Guadeloupe",1963,296492,"GLP","Americas"
"Guam",1963,75060,"GUM","Oceania"
"Guatemala",1963,4440230,"GTM","Americas"
"Guernsey",1963,48588,"GGY","Europe"
"Guinea",1963,3750907,"GIN","Africa"
"Guinea-Bissau",1963,594382,"GNB","Africa"
"Guyana",1963,608498,"GUY","Americas"
"Haiti",1963,4073028,"HTI","Americas"
"Honduras",1963,2244842,"HND","Americas"
"Hong Kong",1963,2662551,"HKG","Asia"
"Hungary",1963,10083794,"HUN","Europe"
"Iceland",1963,185609,"ISL","Europe"
"India",1963,468138526,"IND","Asia"
"Indonesia",1963,96051372,"IDN","Asia"
"Iran",1963,23518959,"IRN","Asia"
"Iraq",1963,7667882,"IRQ","Asia"
"Ireland",1963,2842986,"IRL","Europe"
"Isle of Man",1963,49126,"IMN","Europe"
"Israel",1963,2135004,"ISR","Asia"
"Italy",1963,50570926,"ITA","Europe"
"Jamaica",1963,1721051,"JAM","Americas"
"Japan",1963,98958177,"JPN","Asia"
"Jersey",1963,65592,"JEY","Europe"
"Jordan",1963,984673,"JOR","Asia"
"Kazakhstan",1963,10377426,"KAZ","Asia"
"Kenya",1963,8627918,"KEN","Africa"
"Kiribati",1963,50765,"KIR","Oceania"
"Kosovo",1963,1062691,"XKX","Europe"
"Kuwait",1963,427665,"KWT","Asia"
"Kyrgyzstan",1963,2449201,"KGZ","Asia"
"Laos",1963,2271016,"LAO","Asia"
"Latvia",1963,2205754,"LVA","Europe"
"Lebanon",1963,1970281,"LBN","Asia"
"Lesotho",1963,805328,"LSO","Africa"
"Liberia",1963,1227376,"LBR","Africa"
"Libya",1963,1690418,"LBY","Africa"
"Liechtenstein",1963,17675,"LIE","Europe"
"Lithuania",1963,2891037,"LTU","Europe"
"Luxembourg",1963,322811,"LUX","Europe"
"Macao",1963,182102,"MAC","Asia"
"Madagascar",1963,5525145,"MDG","Africa"
"Malawi",1963,3900464,"MWI","Africa"
"Malaysia",1963,8602118,"MYS","Asia"
"Maldives",1963,98189,"MDV","Asia"
"Mali",1963,5646557,"MLI","Africa"
"Malta",1963,329770,"MLT","Europe"
"Marshall Islands",1963,16283,"MHL","Oceania"
"Martinique",1963,304184,"MTQ","Americas"
"Mauritania",1963,893382,"MRT","Africa"
"Mauritius",1963,720313,"MUS","Africa"
"Mayotte",1963,28315,"MYT","Africa"
"Mexico",1963,40424014,"MEX","Americas"
"Micronesia (country)",1963,47722,"FSM","Oceania"
"Moldova",1963,3271743,"MDA","Europe"
"Monaco",1963,22358,"MCO","Europe"
"Mongolia",1963,1071322,"MNG","Asia"
"Montenegro",1963,490746,"MNE","Europe"
"Montserrat",1963,11790,"MSR","Americas"
"Morocco",1963,12577447,"MAR","Africa"
"Mozambique",1963,7109782,"MOZ","Africa"
"Myanmar",1963,23213360,"MMR","Asia"
"Namibia",1963,629553,"NAM","Africa"
"Nauru",1963,5214,"NRU","Oceania"
"Nepal",1963,10729779,"NPL","Asia"
"Netherlands",1963,11969111,"NLD","Europe"
"New Caledonia",1963,88019,"NCL","Oceania"
"New Zealand",1963,2538076,"NZL","Oceania"
"Nicaragua",1963,1950120,"NIC","Americas"
"Niger",1963,3823838,"NER","Africa"
"Nigeria",1963,47973529,"NGA","Africa"
"Niue",1963,5016,"NIU","Oceania"
"North Korea",1963,12567003,"PRK","Asia"
"North Macedonia",1963,1488698,"MKD","Europe"
"Northern Mariana Islands",1963,9574,"MNP","Oceania"
"Norway",1963,3666447,"NOR","Europe"
"Oman",1963,560781,"OMN","Asia"
"Pakistan",1963,49447741,"PAK","Asia"
"Palau",1963,10016,"PLW","Oceania"
"Palestine",1963,1127414,"PSX","Asia"
"Panama",1963,1232099,"PAN","Americas"
"Papua New Guinea",1963,2141347,"PNG","Oceania"
"Paraguay",1963,2021858,"PRY","Americas"
"Peru",1963,11102054,"PER","Americas"
"Philippines",1963,30674695,"PHL","Asia"
"Poland",1963,30673979,"POL","Europe"
"Portugal",1963,8898249,"PRT","Europe"
"Puerto Rico",1963,2480526,"PRI","Americas"
"Qatar",1963,50353,"QAT","Asia"
"Reunion",1963,395291,"REU","Africa"
"Romania",1963,18587371,"ROU","Europe"
"Russia",1963,124449700,"RUS","Europe"
"Rwanda",1963,3258863,"RWA","Africa"
"Saint Barthelemy",1963,2249,"BLM","Americas"
"Saint Helena",1963,5420,"SHN","Africa"
"Saint Kitts and Nevis",1963,53411,"KNA","Americas"
"Saint Lucia",1963,95494,"LCA","Americas"
"Saint Martin (French part)",1963,4667,"MAF","Americas"
"Saint Pierre and Miquelon",1963,5049,"SPM","Americas"
"Saint Vincent and the Grenadines",1963,88502,"VCT","Americas"
"Samoa",1963,121728,"WSM","Oceania"
"San Marino",1963,16564,"SMR","Europe"
"Sao Tome and Principe",1963,70087,"STP","Africa"
"Saudi Arabia",1963,2719296,"SAU","Asia"
"Senegal",1963,3635823,"SEN","Africa"
"Serbia",1963,6904122,"SRB","Europe"
"Seychelles",1963,46053,"SYC","Africa"
"Sierra Leone",1963,2382206,"SLE","Africa"
"Singapore",1963,1771469,"SGP","Asia"
"Sint Maarten (Dutch part)",1963,3571,"SXM","Americas"
"Slovakia",1963,4278421,"SVK","Europe"
"Slovenia",1963,1647399,"SVN","Europe"
"Solomon Islands",1963,149561,"SLB","Oceania"
"Somalia",1963,3110317,"SOM","Africa"
"South Africa",1963,17954514,"ZAF","Africa"
"South Korea",1963,28145499,"KOR","Asia"
"South Sudan",1963,3072627,"SSD","Africa"
"Spain",1963,31379779,"ESP","Europe"
"Sri Lanka",1963,10394993,"LKA","Asia"
"Sudan",1963,9218030,"SDN","Africa"
"Suriname",1963,296994,"SUR","Americas"
"Sweden",1963,7604158,"SWE","Europe"
"Switzerland",1963,5694111,"CHE","Europe"
"Syria",1963,5110417,"SYR","Asia"
"Taiwan",1963,12285681,"TWN","Asia"
"Tajikistan",1963,2331693,"TJK","Asia"
"Tanzania",1963,10799479,"TZA","Africa"
"Thailand",1963,29342265,"THA","Asia"
"Togo",1963,1765028,"TGO","Africa"
"Tokelau",1963,1860,"TKL","Oceania"
"Tonga",1963,71856,"TON","Oceania"
"Trinidad and Tobago",1963,896765,"TTO","Americas"
"Tunisia",1963,4427084,"TUN","Africa"
"Turkey",1963,30726798,"TUR","Asia"
"Turkmenistan",1963,1804220,"TKM","Asia"
"Turks and Caicos Islands",1963,5638,"TCA","Americas"
"Tuvalu",1963,5724,"TUV","Oceania"
"Uganda",1963,8333608,"UGA","Africa"
"Ukraine",1963,44462312,"UKR","Europe"
"United Arab Emirates",1963,152179,"ARE","Asia"
"United Kingdom",1963,53652890,"GBR","Europe"
"United States",1963,189825167,"USA","Americas"
"United States Virgin Islands",1963,41417,"UMI","Oceania"
"Uruguay",1963,2623721,"URY","Americas"
"Uzbekistan",1963,9202194,"UZB","Asia"
"Vanuatu",1963,70133,"VUT","Oceania"
"Venezuela",1963,9063964,"VEN","Americas"
"Vietnam",1963,35249058,"VNM","Asia"
"Wallis and Futuna",1963,8183,"WLF","Oceania"
"Western Sahara",1963,37865,"ESH","Africa"
"Yemen",1963,5911097,"YEM","Asia"
"Zambia",1963,3465863,"ZMB","Africa"
"Zimbabwe",1963,4185830,"ZWE","Africa"
"Afghanistan",1964,9814267,"AFG","Asia"
"Albania",1964,1841400,"ALB","Europe"
"Algeria",1964,12179764,"DZA","Africa"
"American Samoa",1964,22663,"ASM","Oceania"
"Andorra",1964,12744,"AND","Europe"
"Angola",1964,5464131,"AGO","Africa"
"Anguilla",1964,5955,"AIA","Americas"
"Antigua and Barbuda",1964,58987,"ATG","Americas"
"Argentina",1964,21769410,"ARG","Americas"
"Armenia",1964,2120089,"ARM","Asia"
"Aruba",1964,57596,"ABW","Americas"
"Australia",1964,11128215,"AUS","Oceania"
"Austria",1964,7223347,"AUT","Europe"
"Azerbaijan",1964,4503606,"AZE","Asia"
"Bahamas",1964,141486,"BHS","Americas"
"Bahrain",1964,193779,"BHR","Asia"
"Bangladesh",1964,58178318,"BGD","Asia"
"Barbados",1964,239919,"BRB","Americas"
"Belarus",1964,8602802,"BLR","Europe"
"Belgium",1964,9337627,"BEL","Europe"
"Belize",1964,101577,"BLZ","Americas"
"Benin",1964,2703952,"BEN","Africa"
"Bermuda",1964,46376,"BMU","Americas"
"Bhutan",1964,252950,"BTN","Asia"
"Bolivia",1964,4022961,"BOL","Americas"
"Bonaire Sint Eustatius and Saba",1964,8435,"BES","Americas"
"Bosnia and Herzegovina",1964,3513402,"BIH","Europe"
"Botswana",1964,566231,"BWA","Africa"
"Brazil",1964,81488546,"BRA","Americas"
"British Virgin Islands",1964,8148,"IOT","Africa"
"Brunei",1964,105883,"BRN","Asia"
"Bulgaria",1964,8140032,"BGR","Europe"
"Burkina Faso",1964,5070996,"BFA","Africa"
"Burundi",1964,3055606,"BDI","Africa"
"Cambodia",1964,5946139,"KHM","Asia"
"Cameroon",1964,5578210,"CMR","Africa"
"Canada",1964,19321627,"CAN","Americas"
"Cape Verde",1964,236972,"CPV","Africa"
"Cayman Islands",1964,9144,"CYM","Americas"
"Central African Republic",1964,1839541,"CAF","Africa"
"Chad",1964,3307441,"TCD","Africa"
"Chile",1964,8842487,"CHL","Americas"
"China",1964,704798214,"CHN","Asia"
"Colombia",1964,17637368,"COL","Americas"
"Comoros",1964,211601,"COM","Africa"
"Congo",1964,1174768,"COG","Africa"
"Cook Islands",1964,18565,"COK","Oceania"
"Costa Rica",1964,1533918,"CRI","Americas"
"Cote d'Ivoire",1964,4273902,"CIV","Africa"
"Croatia",1964,4317703,"HRV","Europe"
"Cuba",1964,7865963,"CUB","Americas"
"Cyprus",1964,612478,"CYP","Asia"
"Czechia",1964,9668699,"CZE","Europe"
"Democratic Republic of Congo",1964,16955281,"COD","Africa"
"Denmark",1964,4721835,"DNK","Europe"
"Djibouti",1964,103172,"DJI","Africa"
"Dominica",1964,62548,"DMA","Americas"
"Dominican Republic",1964,3698513,"DOM","Americas"
"East Timor",1964,498623,"TLS","Asia"
"Ecuador",1964,5149873,"ECU","Americas"
"Egypt",1964,29858867,"EGY","Africa"
"El Salvador",1964,3111845,"SLV","Americas"
"Equatorial Guinea",1964,291911,"GNQ","Africa"
"Eritrea",1964,1071254,"ERI","Africa"
"Estonia",1964,1278286,"EST","Europe"
"Eswatini",1964,378612,"SWZ","Africa"
"Ethiopia",1964,23666498,"ETH","Africa"
"Falkland Islands",1964,2282,"FLK","Americas"
"Faroe Islands",1964,35817,"FRO","Europe"
"Fiji",1964,458287,"FJI","Oceania"
"Finland",1964,4549039,"FIN","Europe"
"France",1964,48319041,"FRA","Europe"
"French Guiana",1964,36916,"GUF","Americas"
"French Polynesia",1964,92799,"PYF","Oceania"
"Gabon",1964,538616,"GAB","Africa"
"Gambia",1964,443650,"GMB","Africa"
"Georgia",1964,4358274,"GEO","Asia"
"Germany",1964,75313437,"DEU","Europe"
"Ghana",1964,7695688,"GHA","Africa"
"Gibraltar",1964,23306,"GIB","Europe"
"Greece",1964,8503948,"GRC","Europe"
"Greenland",1964,37182,"GRL","Americas"
"Grenada",1964,97739,"GRD","Americas"
"Guadeloupe",1964,300577,"GLP","Americas"
"Guam",1964,76970,"GUM","Oceania"
"Guatemala",1964,4571058,"GTM","Americas"
"Guernsey",1964,49261,"GGY","Europe"
"Guinea",1964,3819685,"GIN","Africa"
"Guinea-Bissau",1964,588505,"GNB","Africa"
"Guyana",1964,621719,"GUY","Americas"
"Haiti",1964,4146198,"HTI","Americas"
"Honduras",1964,2309814,"HND","Americas"
"Hong Kong",1964,3135991,"HKG","Asia"
"Hungary",1964,10114324,"HUN","Europe"
"Iceland",1964,188990,"ISL","Europe"
"India",1964,479229550,"IND","Asia"
"Indonesia",1964,98833698,"IDN","Asia"
"Iran",1964,24262815,"IRN","Asia"
"Iraq",1964,7929517,"IRQ","Asia"
"Ireland",1964,2857127,"IRL","Europe"
"Isle of Man",1964,49605,"IMN","Europe"
"Israel",1964,2231806,"ISR","Asia"
"Italy",1964,51019525,"ITA","Europe"
"Jamaica",1964,1745519,"JAM","Americas"
"Japan",1964,99890130,"JPN","Asia"
"Jersey",1964,66242,"JEY","Europe"
"Jordan",1964,1035600,"JOR","Asia"
"Kazakhstan",1964,10690256,"KAZ","Asia"
"Kenya",1964,8973480,"KEN","Africa"
"Kiribati",1964,52068,"KIR","Oceania"
"Kosovo",1964,1090233,"XKX","Europe"
"Kuwait",1964,473076,"KWT","Asia"
"Kyrgyzstan",1964,2532112,"KGZ","Asia"
"Laos",1964,2322788,"LAO","Asia"
"Latvia",1964,2229703,"LVA","Europe"
"Lebanon",1964,2030493,"LBN","Asia"
"Lesotho",1964,829386,"LSO","Africa"
"Liberia",1964,1258696,"LBR","Africa"
"Libya",1964,1753646,"LBY","Africa"
"Liechtenstein",1964,18127,"LIE","Europe"
"Lithuania",1964,2928809,"LTU","Europe"
"Luxembourg",1964,326181,"LUX","Europe"
"Macao",1964,225624,"MAC","Asia"
"Madagascar",1964,5669816,"MDG","Africa"
"Malawi",1964,3997271,"MWI","Africa"
"Malaysia",1964,8828366,"MYS","Asia"
"Maldives",1964,100627,"MDV","Asia"
"Mali",1964,5730085,"MLI","Africa"
"Malta",1964,328755,"MLT","Europe"
"Marshall Islands",1964,16837,"MHL","Oceania"
"Martinique",1964,308413,"MTQ","Americas"
"Mauritania",1964,918904,"MRT","Africa"
"Mauritius",1964,736492,"MUS","Africa"
"Mayotte",1964,29197,"MYT","Africa"
"Mexico",1964,41771999,"MEX","Americas"
"Micronesia (country)",1964,49150,"FSM","Oceania"
"Moldova",1964,3330190,"MDA","Europe"
"Monaco",1964,22659,"MCO","Europe"
"Mongolia",1964,1100187,"MNG","Asia"
"Montenegro",1964,496890,"MNE","Europe"
"Montserrat",1964,11707,"MSR","Americas"
"Morocco",1964,12898837,"MAR","Africa"
"Mozambique",1964,7255013,"MOZ","Africa"
"Myanmar",1964,23737260,"MMR","Asia"
"Namibia",1964,644491,"NAM","Africa"
"Nauru",1964,5492,"NRU","Oceania"
"Nepal",1964,10946339,"NPL","Asia"
"Netherlands",1964,12131840,"NLD","Europe"
"New Caledonia",1964,90569,"NCL","Oceania"
"New Zealand",1964,2588723,"NZL","Oceania"
"Nicaragua",1964,2010125,"NIC","Americas"
"Niger",1964,3935771,"NER","Africa"
"Nigeria",1964,49011970,"NGA","Africa"
"Niue",1964,5113,"NIU","Oceania"
"North Korea",1964,12889725,"PRK","Asia"
"North Macedonia",1964,1510852,"MKD","Europe"
"Northern Mariana Islands",1964,9915,"MNP","Oceania"
"Norway",1964,3694264,"NOR","Europe"
"Oman",1964,572532,"OMN","Asia"
"Pakistan",1964,50799950,"PAK","Asia"
"Palau",1964,10281,"PLW","Oceania"
"Palestine",1964,1140621,"PSX","Asia"
"Panama",1964,1270029,"PAN","Americas"
"Papua New Guinea",1964,2188280,"PNG","Oceania"
"Paraguay",1964,2073070,"PRY","Americas"
"Peru",1964,11427938,"PER","Americas"
"Philippines",1964,31642988,"PHL","Asia"
"Poland",1964,30993091,"POL","Europe"
"Portugal",1964,8895708,"PRT","Europe"
"Puerto Rico",1964,2518993,"PRI","Americas"
"Qatar",1964,56841,"QAT","Asia"
"Reunion",1964,407132,"REU","Africa"
"Romania",1964,18655350,"ROU","Europe"
"Russia",1964,125630106,"RUS","Europe"
"Rwanda",1964,3334797,"RWA","Africa"
"Saint Barthelemy",1964,2278,"BLM","Americas"
"Saint Helena",1964,5448,"SHN","Africa"
"Saint Kitts and Nevis",1964,52310,"KNA","Americas"
"Saint Lucia",1964,96485,"LCA","Americas"
"Saint Martin (French part)",1964,4823,"MAF","Americas"
"Saint Pierre and Miquelon",1964,5136,"SPM","Americas"
"Saint Vincent and the Grenadines",1964,89736,"VCT","Americas"
"Samoa",1964,124867,"WSM","Oceania"
"San Marino",1964,16950,"SMR","Europe"
"Sao Tome and Principe",1964,70835,"STP","Africa"
"Saudi Arabia",1964,2821922,"SAU","Asia"
"Senegal",1964,3740482,"SEN","Africa"
"Serbia",1964,6968173,"SRB","Europe"
"Seychelles",1964,47121,"SYC","Africa"
"Sierra Leone",1964,2424350,"SLE","Africa"
"Singapore",1964,1821418,"SGP","Asia"
"Sint Maarten (Dutch part)",1964,3908,"SXM","Americas"
"Slovakia",1964,4323247,"SVK","Europe"
"Slovenia",1964,1661305,"SVN","Europe"
"Solomon Islands",1964,153046,"SLB","Oceania"
"Somalia",1964,3192756,"SOM","Africa"
"South Africa",1964,18511322,"ZAF","Africa"
"South Korea",1964,28744931,"KOR","Asia"
"South Sudan",1964,3129878,"SSD","Africa"
"Spain",1964,31741537,"ESP","Europe"
"Sri Lanka",1964,10653351,"LKA","Asia"
"Sudan",1964,9531059,"SDN","Africa"
"Suriname",1964,308998,"SUR","Americas"
"Sweden",1964,7661143,"SWE","Europe"
"Switzerland",1964,5789106,"CHE","Europe"
"Syria",1964,5269049,"SYR","Asia"
"Taiwan",1964,12706635,"TWN","Asia"
"Tajikistan",1964,2411211,"TJK","Asia"
"Tanzania",1964,11127775,"TZA","Africa"
"Thailand",1964,30232087,"THA","Asia"
"Togo",1964,1803400,"TGO","Africa"
"Tokelau",1964,1868,"TKL","Oceania"
"Tonga",1964,73847,"TON","Oceania"
"Trinidad and Tobago",1964,912928,"TTO","Americas"
"Tunisia",1964,4489825,"TUN","Africa"
"Turkey",1964,31543026,"TUR","Asia"
"Turkmenistan",1964,1859949,"TKM","Asia"
"Turks and Caicos Islands",1964,5647,"TCA","Americas"
"Tuvalu",1964,5736,"TUV","Oceania"
"Uganda",1964,8586326,"UGA","Africa"
"Ukraine",1964,44951103,"UKR","Europe"
"United Arab Emirates",1964,159653,"ARE","Asia"
"United Kingdom",1964,54009087,"GBR","Europe"
"United States",1964,192819400,"USA","Americas"
"United States Virgin Islands",1964,44805,"UMI","Oceania"
"Uruguay",1964,2653134,"URY","Americas"
"Uzbekistan",1964,9557565,"UZB","Asia"
"Vanuatu",1964,72190,"VUT","Oceania"
"Venezuela",1964,9377666,"VEN","Americas"
"Vietnam",1964,36201519,"VNM","Asia"
"Wallis and Futuna",1964,8237,"WLF","Oceania"
"Western Sahara",1964,40633,"ESH","Africa"
"Yemen",1964,6047968,"YEM","Asia"
"Zambia",1964,3576968,"ZMB","Africa"
"Zimbabwe",1964,4319949,"ZWE","Africa"
"Afghanistan",1965,10035943,"AFG","Asia"
"Albania",1965,1894260,"ALB","Europe"
"Algeria",1965,12365928,"DZA","Africa"
"American Samoa",1965,23385,"ASM","Oceania"
"Andorra",1965,13618,"AND","Europe"
"Angola",1965,5521930,"AGO","Africa"
"Anguilla",1965,6012,"AIA","Americas"
"Antigua and Barbuda",1965,59945,"ATG","Americas"
"Argentina",1965,22112587,"ARG","Americas"
"Armenia",1965,2183588,"ARM","Asia"
"Aruba",1965,58163,"ABW","Americas"
"Australia",1965,11357428,"AUS","Oceania"
"Austria",1965,7270356,"AUT","Europe"
"Azerbaijan",1965,4630268,"AZE","Asia"
"Bahamas",1965,147923,"BHS","Americas"
"Bahrain",1965,200837,"BHR","Asia"
"Bangladesh",1965,59902477,"BGD","Asia"
"Barbados",1965,242379,"BRB","Americas"
"Belarus",1965,8679894,"BLR","Europe"
"Belgium",1965,9399795,"BEL","Europe"
"Belize",1965,104653,"BLZ","Americas"
"Benin",1965,2757888,"BEN","Africa"
"Bermuda",1965,47445,"BMU","Americas"
"Bhutan",1965,261170,"BTN","Asia"
"Bolivia",1965,4109750,"BOL","Americas"
"Bonaire Sint Eustatius and Saba",1965,8637,"BES","Americas"
"Bosnia and Herzegovina",1965,3562800,"BIH","Europe"
"Botswana",1965,574611,"BWA","Africa"
"Brazil",1965,83817535,"BRA","Americas"
"British Virgin Islands",1965,8246,"IOT","Africa"
"Brunei",1965,110812,"BRN","Asia"
"Bulgaria",1965,8202371,"BGR","Europe"
"Burkina Faso",1965,5152786,"BFA","Africa"
"Burundi",1965,3141333,"BDI","Africa"
"Cambodia",1965,6072244,"KHM","Asia"
"Cameroon",1965,5704631,"CMR","Africa"
"Canada",1965,19685472,"CAN","Americas"
"Cape Verde",1965,244820,"CPV","Africa"
"Cayman Islands",1965,9337,"CYM","Americas"
"Central African Republic",1965,1877805,"CAF","Africa"
"Chad",1965,3374170,"TCD","Africa"
"Chile",1965,9012896,"CHL","Americas"
"China",1965,723415690,"CHN","Asia"
"Colombia",1965,18169002,"COL","Americas"
"Comoros",1965,214933,"COM","Africa"
"Congo",1965,1207838,"COG","Africa"
"Cook Islands",1965,18763,"COK","Oceania"
"Costa Rica",1965,1586168,"CRI","Americas"
"Cote d'Ivoire",1965,4442335,"CIV","Africa"
"Croatia",1965,4346657,"HRV","Europe"
"Cuba",1965,8030755,"CUB","Americas"
"Cyprus",1965,617699,"CYP","Asia"
"Czechia",1965,9706802,"CZE","Europe"
"Democratic Republic of Congo",1965,17427753,"COD","Africa"
"Denmark",1965,4758793,"DNK","Europe"
"Djibouti",1965,109070,"DJI","Africa"
"Dominica",1965,63480,"DMA","Americas"
"Dominican Republic",1965,3808916,"DOM","Americas"
"East Timor",1965,506999,"TLS","Asia"
"Ecuador",1965,5303909,"ECU","Americas"
"Egypt",1965,30629127,"EGY","Africa"
"El Salvador",1965,3199432,"SLV","Americas"
"Equatorial Guinea",1965,298202,"GNQ","Africa"
"Eritrea",1965,1098288,"ERI","Africa"
"Estonia",1965,1292753,"EST","Europe"
"Eswatini",1965,388292,"SWZ","Africa"
"Ethiopia",1965,24310566,"ETH","Africa"
"Falkland Islands",1965,2278,"FLK","Americas"
"Faroe Islands",1965,36334,"FRO","Europe"
"Fiji",1965,472538,"FJI","Oceania"
"Finland",1965,4564101,"FIN","Europe"
"France",1965,48772780,"FRA","Europe"
"French Guiana",1965,38646,"GUF","Americas"
"French Polynesia",1965,95994,"PYF","Oceania"
"Gabon",1965,546277,"GAB","Africa"
"Gambia",1965,455909,"GMB","Africa"
"Georgia",1965,4429280,"GEO","Asia"
"Germany",1965,75966929,"DEU","Europe"
"Ghana",1965,7882554,"GHA","Africa"
"Gibraltar",1965,23860,"GIB","Europe"
"Greece",1965,8521324,"GRC","Europe"
"Greenland",1965,38545,"GRL","Americas"
"Grenada",1965,98042,"GRD","Americas"
"Guadeloupe",1965,304538,"GLP","Americas"
"Guam",1965,78902,"GUM","Oceania"
"Guatemala",1965,4704926,"GTM","Americas"
"Guernsey",1965,49948,"GGY","Europe"
"Guinea",1965,3890667,"GIN","Africa"
"Guinea-Bissau",1965,574974,"GNB","Africa"
"Guyana",1965,635085,"GUY","Americas"
"Haiti",1965,4223771,"HTI","Americas"
"Honduras",1965,2377114,"HND","Americas"
"Hong Kong",1965,3855381,"HKG","Asia"
"Hungary",1965,10141073,"HUN","Europe"
"Iceland",1965,192294,"ISL","Europe"
"India",1965,490140093,"IND","Asia"
"Indonesia",1965,101365083,"IDN","Asia"
"Iran",1965,25036937,"IRN","Asia"
"Iraq",1965,8202095,"IRQ","Asia"
"Ireland",1965,2873106,"IRL","Europe"
"Isle of Man",1965,50072,"IMN","Europe"
"Israel",1965,2331402,"ISR","Asia"
"Italy",1965,51480674,"ITA","Europe"
"Jamaica",1965,1769157,"JAM","Americas"
"Japan",1965,100915965,"JPN","Asia"
"Jersey",1965,66882,"JEY","Europe"
"Jordan",1965,1099400,"JOR","Asia"
"Kazakhstan",1965,10993144,"KAZ","Asia"
"Kenya",1965,9338038,"KEN","Africa"
"Kiribati",1965,53413,"KIR","Oceania"
"Kosovo",1965,1120133,"XKX","Europe"
"Kuwait",1965,521144,"KWT","Asia"
"Kyrgyzstan",1965,2615014,"KGZ","Asia"
"Laos",1965,2376149,"LAO","Asia"
"Latvia",1965,2252726,"LVA","Europe"
"Lebanon",1965,2088787,"LBN","Asia"
"Lesotho",1965,854040,"LSO","Africa"
"Liberia",1965,1291117,"LBR","Africa"
"Libya",1965,1803974,"LBY","Africa"
"Liechtenstein",1965,18586,"LIE","Europe"
"Lithuania",1965,2965212,"LTU","Europe"
"Luxembourg",1965,329660,"LUX","Europe"
"Macao",1965,265584,"MAC","Asia"
"Madagascar",1965,5819062,"MDG","Africa"
"Malawi",1965,4096111,"MWI","Africa"
"Malaysia",1965,9056368,"MYS","Asia"
"Maldives",1965,104076,"MDV","Asia"
"Mali",1965,5815440,"MLI","Africa"
"Malta",1965,327362,"MLT","Europe"
"Marshall Islands",1965,17386,"MHL","Oceania"
"Martinique",1965,312721,"MTQ","Americas"
"Mauritania",1965,945803,"MRT","Africa"
"Mauritius",1965,752616,"MUS","Africa"
"Mayotte",1965,30169,"MYT","Africa"
"Mexico",1965,43174422,"MEX","Americas"
"Micronesia (country)",1965,50655,"FSM","Oceania"
"Moldova",1965,3385923,"MDA","Europe"
"Monaco",1965,22920,"MCO","Europe"
"Mongolia",1965,1131132,"MNG","Asia"
"Montenegro",1965,502845,"MNE","Europe"
"Montserrat",1965,11624,"MSR","Americas"
"Morocco",1965,13239121,"MAR","Africa"
"Mozambique",1965,7406372,"MOZ","Africa"
"Myanmar",1965,24279391,"MMR","Asia"
"Namibia",1965,660514,"NAM","Africa"
"Nauru",1965,5819,"NRU","Oceania"
"Nepal",1965,11173356,"NPL","Asia"
"Netherlands",1965,12301083,"NLD","Europe"
"New Caledonia",1965,93125,"NCL","Oceania"
"New Zealand",1965,2636450,"NZL","Oceania"
"Nicaragua",1965,2072647,"NIC","Americas"
"Niger",1965,4049662,"NER","Africa"
"Nigeria",1965,50086713,"NGA","Africa"
"Niue",1965,5188,"NIU","Oceania"
"North Korea",1965,13219328,"PRK","Asia"
"North Macedonia",1965,1533422,"MKD","Europe"
"Northern Mariana Islands",1965,10236,"MNP","Oceania"
"Norway",1965,3723127,"NOR","Europe"
"Oman",1965,585202,"OMN","Asia"
"Pakistan",1965,52208954,"PAK","Asia"
"Palau",1965,10522,"PLW","Oceania"
"Palestine",1965,1147264,"PSX","Asia"
"Panama",1965,1308792,"PAN","Americas"
"Papua New Guinea",1965,2235778,"PNG","Oceania"
"Paraguay",1965,2125123,"PRY","Americas"
"Peru",1965,11761048,"PER","Americas"
"Philippines",1965,32625285,"PHL","Asia"
"Poland",1965,31288294,"POL","Europe"
"Portugal",1965,8889574,"PRT","Europe"
"Puerto Rico",1965,2556604,"PRI","Americas"
"Qatar",1965,64040,"QAT","Asia"
"Reunion",1965,418670,"REU","Africa"
"Romania",1965,18713016,"ROU","Europe"
"Russia",1965,126634148,"RUS","Europe"
"Rwanda",1965,3423163,"RWA","Africa"
"Saint Barthelemy",1965,2306,"BLM","Americas"
"Saint Helena",1965,5450,"SHN","Africa"
"Saint Kitts and Nevis",1965,51112,"KNA","Americas"
"Saint Lucia",1965,97469,"LCA","Americas"
"Saint Martin (French part)",1965,4984,"MAF","Americas"
"Saint Pierre and Miquelon",1965,5219,"SPM","Americas"
"Saint Vincent and the Grenadines",1965,90910,"VCT","Americas"
"Samoa",1965,127958,"WSM","Oceania"
"San Marino",1965,17275,"SMR","Europe"
"Sao Tome and Principe",1965,71645,"STP","Africa"
"Saudi Arabia",1965,2928727,"SAU","Asia"
"Senegal",1965,3849748,"SEN","Africa"
"Serbia",1965,7031084,"SRB","Europe"
"Seychelles",1965,48242,"SYC","Africa"
"Sierra Leone",1965,2468618,"SLE","Africa"
"Singapore",1965,1870777,"SGP","Asia"
"Sint Maarten (Dutch part)",1965,4261,"SXM","Americas"
"Slovakia",1965,4364999,"SVK","Europe"
"Slovenia",1965,1675272,"SVN","Europe"
"Solomon Islands",1965,156652,"SLB","Oceania"
"Somalia",1965,3277816,"SOM","Africa"
"South Africa",1965,19089334,"ZAF","Africa"
"South Korea",1965,29284289,"KOR","Asia"
"South Sudan",1965,3189790,"SSD","Africa"
"Spain",1965,32110623,"ESP","Europe"
"Sri Lanka",1965,10916919,"LKA","Asia"
"Sudan",1965,9857981,"SDN","Africa"
"Suriname",1965,319948,"SUR","Americas"
"Sweden",1965,7732959,"SWE","Europe"
"Switzerland",1965,5856369,"CHE","Europe"
"Syria",1965,5435221,"SYR","Asia"
"Taiwan",1965,13124765,"TWN","Asia"
"Tajikistan",1965,2492947,"TJK","Asia"
"Tanzania",1965,11470664,"TZA","Africa"
"Thailand",1965,31149288,"THA","Asia"
"Togo",1965,1853721,"TGO","Africa"
"Tokelau",1965,1880,"TKL","Oceania"
"Tonga",1965,75891,"TON","Oceania"
"Trinidad and Tobago",1965,928394,"TTO","Americas"
"Tunisia",1965,4561349,"TUN","Africa"
"Turkey",1965,32345163,"TUR","Asia"
"Turkmenistan",1965,1915872,"TKM","Asia"
"Turks and Caicos Islands",1965,5647,"TCA","Americas"
"Tuvalu",1965,5690,"TUV","Oceania"
"Uganda",1965,8849156,"UGA","Africa"
"Ukraine",1965,45386845,"UKR","Europe"
"United Arab Emirates",1965,167067,"ARE","Asia"
"United Kingdom",1965,54358980,"GBR","Europe"
"United States",1965,195653733,"USA","Americas"
"United States Virgin Islands",1965,48360,"UMI","Oceania"
"Uruguay",1965,2681116,"URY","Americas"
"Uzbekistan",1965,9921631,"UZB","Asia"
"Vanuatu",1965,74329,"VUT","Oceania"
"Venezuela",1965,9697750,"VEN","Americas"
"Vietnam",1965,37129616,"VNM","Asia"
"Wallis and Futuna",1965,8266,"WLF","Oceania"
"Western Sahara",1965,43506,"ESH","Africa"
"Yemen",1965,6195555,"YEM","Asia"
"Zambia",1965,3692043,"ZMB","Africa"
"Zimbabwe",1965,4458416,"ZWE","Africa"
"Afghanistan",1966,10266353,"AFG","Asia"
"Albania",1966,1949994,"ALB","Europe"
"Algeria",1966,12590021,"DZA","Africa"
"American Samoa",1966,24112,"ASM","Oceania"
"Andorra",1966,14609,"AND","Europe"
"Angola",1966,5581345,"AGO","Africa"
"Anguilla",1966,6063,"AIA","Americas"
"Antigua and Barbuda",1966,60864,"ATG","Americas"
"Argentina",1966,22453850,"ARG","Americas"
"Armenia",1966,2246113,"ARM","Asia"
"Aruba",1966,58660,"ABW","Americas"
"Australia",1966,11592444,"AUS","Oceania"
"Austria",1966,7321473,"AUT","Europe"
"Azerbaijan",1966,4751852,"AZE","Asia"
"Bahamas",1966,154840,"BHS","Americas"
"Bahrain",1966,207503,"BHR","Asia"
"Bangladesh",1966,61669760,"BGD","Asia"
"Barbados",1966,244967,"BRB","Americas"
"Belarus",1966,8752918,"BLR","Europe"
"Belgium",1966,9454947,"BEL","Europe"
"Belize",1966,107875,"BLZ","Americas"
"Benin",1966,2814268,"BEN","Africa"
"Bermuda",1966,48508,"BMU","Americas"
"Bhutan",1966,269776,"BTN","Asia"
"Bolivia",1966,4199493,"BOL","Americas"
"Bonaire Sint Eustatius and Saba",1966,8849,"BES","Americas"
"Bosnia and Herzegovina",1966,3610517,"BIH","Europe"
"Botswana",1966,577824,"BWA","Africa"
"Brazil",1966,86139306,"BRA","Americas"
"British Virgin Islands",1966,8400,"IOT","Africa"
"Brunei",1966,115855,"BRN","Asia"
"Bulgaria",1966,8258735,"BGR","Europe"
"Burkina Faso",1966,5237897,"BFA","Africa"
"Burundi",1966,3217915,"BDI","Africa"
"Cambodia",1966,6201188,"KHM","Asia"
"Cameroon",1966,5837267,"CMR","Africa"
"Canada",1966,20053620,"CAN","Americas"
"Cape Verde",1966,252942,"CPV","Africa"
"Cayman Islands",1966,9549,"CYM","Americas"
"Central African Republic",1966,1918043,"CAF","Africa"
"Chad",1966,3440856,"TCD","Africa"
"Chile",1966,9181680,"CHL","Americas"
"China",1966,742402158,"CHN","Asia"
"Colombia",1966,18702643,"COL","Americas"
"Comoros",1966,218624,"COM","Africa"
"Congo",1966,1242499,"COG","Africa"
"Cook Islands",1966,18995,"COK","Oceania"
"Costa Rica",1966,1638074,"CRI","Americas"
"Cote d'Ivoire",1966,4617472,"CIV","Africa"
"Croatia",1966,4374252,"HRV","Europe"
"Cuba",1966,8193401,"CUB","Americas"
"Cyprus",1966,623345,"CYP","Asia"
"Czechia",1966,9736193,"CZE","Europe"
"Democratic Republic of Congo",1966,17931876,"COD","Africa"
"Denmark",1966,4797153,"DNK","Europe"
"Djibouti",1966,115235,"DJI","Africa"
"Dominica",1966,64468,"DMA","Americas"
"Dominican Republic",1966,3921796,"DOM","Americas"
"East Timor",1966,515644,"TLS","Asia"
"Ecuador",1966,5463693,"ECU","Americas"
"Egypt",1966,31406494,"EGY","Africa"
"El Salvador",1966,3290916,"SLV","Americas"
"Equatorial Guinea",1966,304824,"GNQ","Africa"
"Eritrea",1966,1124912,"ERI","Africa"
"Estonia",1966,1306397,"EST","Europe"
"Eswatini",1966,398727,"SWZ","Africa"
"Ethiopia",1966,24952636,"ETH","Africa"
"Falkland Islands",1966,2276,"FLK","Americas"
"Faroe Islands",1966,36784,"FRO","Europe"
"Fiji",1966,486434,"FJI","Oceania"
"Finland",1966,4581399,"FIN","Europe"
"France",1966,49184596,"FRA","Europe"
"French Guiana",1966,40452,"GUF","Americas"
"French Polynesia",1966,99289,"PYF","Oceania"
"Gabon",1966,554420,"GAB","Africa"
"Gambia",1966,468472,"GMB","Africa"
"Georgia",1966,4502967,"GEO","Asia"
"Germany",1966,76610983,"DEU","Europe"
"Ghana",1966,8074477,"GHA","Africa"
"Gibraltar",1966,24424,"GIB","Europe"
"Greece",1966,8579941,"GRC","Europe"
"Greenland",1966,39943,"GRL","Americas"
"Grenada",1966,98096,"GRD","Americas"
"Guadeloupe",1966,308465,"GLP","Americas"
"Guam",1966,80822,"GUM","Oceania"
"Guatemala",1966,4840912,"GTM","Americas"
"Guernsey",1966,50638,"GGY","Europe"
"Guinea",1966,3964107,"GIN","Africa"
"Guinea-Bissau",1966,566869,"GNB","Africa"
"Guyana",1966,648608,"GUY","Americas"
"Haiti",1966,4302598,"HTI","Americas"
"Honduras",1966,2446714,"HND","Americas"
"Hong Kong",1966,4015256,"HKG","Asia"
"Hungary",1966,10170367,"HUN","Europe"
"Iceland",1966,195553,"ISL","Europe"
"India",1966,500740202,"IND","Asia"
"Indonesia",1966,103792710,"IDN","Asia"
"Iran",1966,25829222,"IRN","Asia"
"Iraq",1966,8485056,"IRQ","Asia"
"Ireland",1966,2888829,"IRL","Europe"
"Isle of Man",1966,50718,"IMN","Europe"
"Israel",1966,2433778,"ISR","Asia"
"Italy",1966,51919027,"ITA","Europe"
"Jamaica",1966,1791435,"JAM","Americas"
"Japan",1966,101887781,"JPN","Asia"
"Jersey",1966,67509,"JEY","Europe"
"Jordan",1966,1178330,"JOR","Asia"
"Kazakhstan",1966,11288944,"KAZ","Asia"
"Kenya",1966,9717777,"KEN","Africa"
"Kiribati",1966,54403,"KIR","Oceania"
"Kosovo",1966,1152539,"XKX","Europe"
"Kuwait",1966,572549,"KWT","Asia"
"Kyrgyzstan",1966,2697580,"KGZ","Asia"
"Laos",1966,2431043,"LAO","Asia"
"Latvia",1966,2274308,"LVA","Europe"
"Lebanon",1966,2148206,"LBN","Asia"
"Lesotho",1966,881838,"LSO","Africa"
"Liberia",1966,1324342,"LBR","Africa"
"Libya",1966,1849017,"LBY","Africa"
"Liechtenstein",1966,19055,"LIE","Europe"
"Lithuania",1966,3000307,"LTU","Europe"
"Luxembourg",1966,333033,"LUX","Europe"
"Macao",1966,262901,"MAC","Asia"
"Madagascar",1966,5974233,"MDG","Africa"
"Malawi",1966,4197879,"MWI","Africa"
"Malaysia",1966,9284645,"MYS","Asia"
"Maldives",1966,108487,"MDV","Asia"
"Mali",1966,5902164,"MLI","Africa"
"Malta",1966,325631,"MLT","Europe"
"Marshall Islands",1966,17910,"MHL","Oceania"
"Martinique",1966,317032,"MTQ","Americas"
"Mauritania",1966,974115,"MRT","Africa"
"Mauritius",1966,768613,"MUS","Africa"
"Mayotte",1966,31184,"MYT","Africa"
"Mexico",1966,44629058,"MEX","Americas"
"Micronesia (country)",1966,52238,"FSM","Oceania"
"Moldova",1966,3440627,"MDA","Europe"
"Monaco",1966,23099,"MCO","Europe"
"Mongolia",1966,1163722,"MNG","Asia"
"Montenegro",1966,508584,"MNE","Europe"
"Montserrat",1966,11557,"MSR","Americas"
"Morocco",1966,13597005,"MAR","Africa"
"Mozambique",1966,7562937,"MOZ","Africa"
"Myanmar",1966,24836455,"MMR","Asia"
"Namibia",1966,677619,"NAM","Africa"
"Nauru",1966,6026,"NRU","Oceania"
"Nepal",1966,11408669,"NPL","Asia"
"Netherlands",1966,12464234,"NLD","Europe"
"New Caledonia",1966,95788,"NCL","Oceania"
"New Zealand",1966,2682535,"NZL","Oceania"
"Nicaragua",1966,2137770,"NIC","Americas"
"Niger",1966,4165506,"NER","Africa"
"Nigeria",1966,51188187,"NGA","Africa"
"Niue",1966,5223,"NIU","Oceania"
"North Korea",1966,13569045,"PRK","Asia"
"North Macedonia",1966,1557305,"MKD","Europe"
"Northern Mariana Islands",1966,10601,"MNP","Oceania"
"Norway",1966,3752738,"NOR","Europe"
"Oman",1966,598770,"OMN","Asia"
"Pakistan",1966,53678620,"PAK","Asia"
"Palau",1966,10779,"PLW","Oceania"
"Palestine",1966,1146354,"PSX","Asia"
"Panama",1966,1348345,"PAN","Americas"
"Papua New Guinea",1966,2285734,"PNG","Oceania"
"Paraguay",1966,2177530,"PRY","Americas"
"Peru",1966,12101258,"PER","Americas"
"Philippines",1966,33617117,"PHL","Asia"
"Poland",1966,31568226,"POL","Europe"
"Portugal",1966,8872426,"PRT","Europe"
"Puerto Rico",1966,2593801,"PRI","Americas"
"Qatar",1966,72160,"QAT","Asia"
"Reunion",1966,429695,"REU","Africa"
"Romania",1966,18776209,"ROU","Europe"
"Russia",1966,127533583,"RUS","Europe"
"Rwanda",1966,3521575,"RWA","Africa"
"Saint Barthelemy",1966,2350,"BLM","Americas"
"Saint Helena",1966,5477,"SHN","Africa"
"Saint Kitts and Nevis",1966,49863,"KNA","Americas"
"Saint Lucia",1966,98444,"LCA","Americas"
"Saint Martin (French part)",1966,5202,"MAF","Americas"
"Saint Pierre and Miquelon",1966,5293,"SPM","Americas"
"Saint Vincent and the Grenadines",1966,92027,"VCT","Americas"
"Samoa",1966,131042,"WSM","Oceania"
"San Marino",1966,17502,"SMR","Europe"
"Sao Tome and Principe",1966,72554,"STP","Africa"
"Saudi Arabia",1966,3039841,"SAU","Asia"
"Senegal",1966,3964250,"SEN","Africa"
"Serbia",1966,7093182,"SRB","Europe"
"Seychelles",1966,49434,"SYC","Africa"
"Sierra Leone",1966,2514598,"SLE","Africa"
"Singapore",1966,1919041,"SGP","Asia"
"Sint Maarten (Dutch part)",1966,4645,"SXM","Americas"
"Slovakia",1966,4402156,"SVK","Europe"
"Slovenia",1966,1689595,"SVN","Europe"
"Solomon Islands",1966,160364,"SLB","Oceania"
"Somalia",1966,3365063,"SOM","Africa"
"South Africa",1966,19690028,"ZAF","Africa"
"South Korea",1966,29845885,"KOR","Asia"
"South Sudan",1966,3236376,"SSD","Africa"
"Spain",1966,32465832,"ESP","Europe"
"Sri Lanka",1966,11183880,"LKA","Asia"
"Sudan",1966,10197534,"SDN","Africa"
"Suriname",1966,331089,"SUR","Americas"
"Sweden",1966,7805532,"SWE","Europe"
"Switzerland",1966,5917922,"CHE","Europe"
"Syria",1966,5609003,"SYR","Asia"
"Taiwan",1966,13537665,"TWN","Asia"
"Tajikistan",1966,2577146,"TJK","Asia"
"Tanzania",1966,11827409,"TZA","Africa"
"Thailand",1966,32086029,"THA","Asia"
"Togo",1966,1918467,"TGO","Africa"
"Tokelau",1966,1878,"TKL","Oceania"
"Tonga",1966,77969,"TON","Oceania"
"Trinidad and Tobago",1966,942897,"TTO","Americas"
"Tunisia",1966,4652243,"TUN","Africa"
"Turkey",1966,33177623,"TUR","Asia"
"Turkmenistan",1966,1971690,"TKM","Asia"
"Turks and Caicos Islands",1966,5635,"TCA","Americas"
"Tuvalu",1966,5670,"TUV","Oceania"
"Uganda",1966,9122818,"UGA","Africa"
"Ukraine",1966,45802467,"UKR","Europe"
"United Arab Emirates",1966,173945,"ARE","Asia"
"United Kingdom",1966,54676292,"GBR","Europe"
"United States",1966,198265356,"USA","Americas"
"United States Virgin Islands",1966,51742,"UMI","Oceania"
"Uruguay",1966,2707603,"URY","Americas"
"Uzbekistan",1966,10289244,"UZB","Asia"
"Vanuatu",1966,76566,"VUT","Oceania"
"Venezuela",1966,10024810,"VEN","Americas"
"Vietnam",1966,38024779,"VNM","Asia"
"Wallis and Futuna",1966,8283,"WLF","Oceania"
"Western Sahara",1966,46497,"ESH","Africa"
"Yemen",1966,6351431,"YEM","Asia"
"Zambia",1966,3811956,"ZMB","Africa"
"Zimbabwe",1966,4601171,"ZWE","Africa"
"Afghanistan",1967,10505922,"AFG","Asia"
"Albania",1967,2008475,"ALB","Europe"
"Algeria",1967,12876068,"DZA","Africa"
"American Samoa",1967,24849,"ASM","Oceania"
"Andorra",1967,15814,"AND","Europe"
"Angola",1967,5641757,"AGO","Africa"
"Anguilla",1967,6112,"AIA","Americas"
"Antigua and Barbuda",1967,61810,"ATG","Americas"
"Argentina",1967,22799016,"ARG","Americas"
"Armenia",1967,2307445,"ARM","Asia"
"Aruba",1967,58963,"ABW","Americas"
"Australia",1967,11810475,"AUS","Oceania"
"Austria",1967,7376251,"AUT","Europe"
"Azerbaijan",1967,4867256,"AZE","Asia"
"Bahamas",1967,162239,"BHS","Americas"
"Bahrain",1967,214141,"BHR","Asia"
"Bangladesh",1967,63510878,"BGD","Asia"
"Barbados",1967,247050,"BRB","Americas"
"Belarus",1967,8823204,"BLR","Europe"
"Belgium",1967,9505876,"BEL","Europe"
"Belize",1967,111244,"BLZ","Americas"
"Benin",1967,2872953,"BEN","Africa"
"Bermuda",1967,49498,"BMU","Americas"
"Bhutan",1967,278807,"BTN","Asia"
"Bolivia",1967,4292521,"BOL","Americas"
"Bonaire Sint Eustatius and Saba",1967,9084,"BES","Americas"
"Bosnia and Herzegovina",1967,3656185,"BIH","Europe"
"Botswana",1967,580896,"BWA","Africa"
"Brazil",1967,88446075,"BRA","Americas"
"British Virgin Islands",1967,8635,"IOT","Africa"
"Brunei",1967,120993,"BRN","Asia"
"Bulgaria",1967,8311082,"BGR","Europe"
"Burkina Faso",1967,5326306,"BFA","Africa"
"Burundi",1967,3300648,"BDI","Africa"
"Cambodia",1967,6332895,"KHM","Asia"
"Cameroon",1967,5977266,"CMR","Africa"
"Canada",1967,20408732,"CAN","Americas"
"Cape Verde",1967,261356,"CPV","Africa"
"Cayman Islands",1967,9746,"CYM","Americas"
"Central African Republic",1967,1960401,"CAF","Africa"
"Chad",1967,3508474,"TCD","Africa"
"Chile",1967,9348888,"CHL","Americas"
"China",1967,761025974,"CHN","Asia"
"Colombia",1967,19235569,"COL","Americas"
"Comoros",1967,223820,"COM","Africa"
"Congo",1967,1278649,"COG","Africa"
"Cook Islands",1967,19309,"COK","Oceania"
"Costa Rica",1967,1689480,"CRI","Americas"
"Cote d'Ivoire",1967,4799692,"CIV","Africa"
"Croatia",1967,4400226,"HRV","Europe"
"Cuba",1967,8352581,"CUB","Americas"
"Cyprus",1967,629212,"CYP","Asia"
"Czechia",1967,9758935,"CZE","Europe"
"Democratic Republic of Congo",1967,18462745,"COD","Africa"
"Denmark",1967,4835180,"DNK","Europe"
"Djibouti",1967,121617,"DJI","Africa"
"Dominica",1967,65561,"DMA","Americas"
"Dominican Republic",1967,4038887,"DOM","Americas"
"East Timor",1967,524605,"TLS","Asia"
"Ecuador",1967,5629008,"ECU","Americas"
"Egypt",1967,32196319,"EGY","Africa"
"El Salvador",1967,3385147,"SLV","Americas"
"Equatorial Guinea",1967,311759,"GNQ","Africa"
"Eritrea",1967,1152295,"ERI","Africa"
"Estonia",1967,1320010,"EST","Europe"
"Eswatini",1967,408998,"SWZ","Africa"
"Ethiopia",1967,25620235,"ETH","Africa"
"Falkland Islands",1967,2269,"FLK","Americas"
"Faroe Islands",1967,37177,"FRO","Europe"
"Fiji",1967,498841,"FJI","Oceania"
"Finland",1967,4606596,"FIN","Europe"
"France",1967,49574855,"FRA","Europe"
"French Guiana",1967,42223,"GUF","Americas"
"French Polynesia",1967,102724,"PYF","Oceania"
"Gabon",1967,563058,"GAB","Africa"
"Gambia",1967,481544,"GMB","Africa"
"Georgia",1967,4582901,"GEO","Asia"
"Germany",1967,76970751,"DEU","Europe"
"Ghana",1967,8271871,"GHA","Africa"
"Gibraltar",1967,25003,"GIB","Europe"
"Greece",1967,8655106,"GRC","Europe"
"Greenland",1967,41378,"GRL","Americas"
"Grenada",1967,98030,"GRD","Americas"
"Guadeloupe",1967,312114,"GLP","Americas"
"Guam",1967,82694,"GUM","Oceania"
"Guatemala",1967,4978823,"GTM","Americas"
"Guernsey",1967,51338,"GGY","Europe"
"Guinea",1967,4040113,"GIN","Africa"
"Guinea-Bissau",1967,568964,"GNB","Africa"
"Guyana",1967,662261,"GUY","Americas"
"Haiti",1967,4382952,"HTI","Americas"
"Honduras",1967,2518603,"HND","Americas"
"Hong Kong",1967,3474089,"HKG","Asia"
"Hungary",1967,10206760,"HUN","Europe"
"Iceland",1967,198756,"ISL","Europe"
"India",1967,511606346,"IND","Asia"
"Indonesia",1967,106526344,"IDN","Asia"
"Iran",1967,26628375,"IRN","Asia"
"Iraq",1967,8778830,"IRQ","Asia"
"Ireland",1967,2905367,"IRL","Europe"
"Isle of Man",1967,51716,"IMN","Europe"
"Israel",1967,2538603,"ISR","Asia"
"Italy",1967,52338283,"ITA","Europe"
"Jamaica",1967,1812816,"JAM","Americas"
"Japan",1967,102965486,"JPN","Asia"
"Jersey",1967,68110,"JEY","Europe"
"Jordan",1967,1271133,"JOR","Asia"
"Kazakhstan",1967,11584387,"KAZ","Asia"
"Kenya",1967,10111002,"KEN","Africa"
"Kiribati",1967,54979,"KIR","Oceania"
"Kosovo",1967,1187623,"XKX","Europe"
"Kuwait",1967,628055,"KWT","Asia"
"Kyrgyzstan",1967,2780121,"KGZ","Asia"
"Laos",1967,2487662,"LAO","Asia"
"Latvia",1967,2296035,"LVA","Europe"
"Lebanon",1967,2206687,"LBN","Asia"
"Lesotho",1967,913943,"LSO","Africa"
"Liberia",1967,1358384,"LBR","Africa"
"Libya",1967,1898162,"LBY","Africa"
"Liechtenstein",1967,19534,"LIE","Europe"
"Lithuania",1967,3035338,"LTU","Europe"
"Luxembourg",1967,335480,"LUX","Europe"
"Macao",1967,260382,"MAC","Asia"
"Madagascar",1967,6136441,"MDG","Africa"
"Malawi",1967,4302976,"MWI","Africa"
"Malaysia",1967,9507063,"MYS","Asia"
"Maldives",1967,112499,"MDV","Asia"
"Mali",1967,5990860,"MLI","Africa"
"Malta",1967,323777,"MLT","Europe"
"Marshall Islands",1967,18629,"MHL","Oceania"
"Martinique",1967,320875,"MTQ","Americas"
"Mauritania",1967,1003805,"MRT","Africa"
"Mauritius",1967,784215,"MUS","Africa"
"Mayotte",1967,32238,"MYT","Africa"
"Mexico",1967,46129565,"MEX","Americas"
"Micronesia (country)",1967,53818,"FSM","Oceania"
"Moldova",1967,3494153,"MDA","Europe"
"Monaco",1967,23221,"MCO","Europe"
"Mongolia",1967,1196942,"MNG","Asia"
"Montenegro",1967,514053,"MNE","Europe"
"Montserrat",1967,11485,"MSR","Americas"
"Morocco",1967,13968124,"MAR","Africa"
"Mozambique",1967,7724510,"MOZ","Africa"
"Myanmar",1967,25406381,"MMR","Asia"
"Namibia",1967,696008,"NAM","Africa"
"Nauru",1967,6123,"NRU","Oceania"
"Nepal",1967,11652671,"NPL","Asia"
"Netherlands",1967,12607785,"NLD","Europe"
"New Caledonia",1967,98553,"NCL","Oceania"
"New Zealand",1967,2723361,"NZL","Oceania"
"Nicaragua",1967,2205522,"NIC","Americas"
"Niger",1967,4283546,"NER","Africa"
"Nigeria",1967,52293020,"NGA","Africa"
"Niue",1967,5223,"NIU","Oceania"
"North Korea",1967,13958300,"PRK","Asia"
"North Macedonia",1967,1582452,"MKD","Europe"
"Northern Mariana Islands",1967,10730,"MNP","Oceania"
"Norway",1967,3784061,"NOR","Europe"
"Oman",1967,613272,"OMN","Asia"
"Pakistan",1967,55214718,"PAK","Asia"
"Palau",1967,10974,"PLW","Oceania"
"Palestine",1967,1135764,"PSX","Asia"
"Panama",1967,1388585,"PAN","Americas"
"Papua New Guinea",1967,2337494,"PNG","Oceania"
"Paraguay",1967,2229945,"PRY","Americas"
"Peru",1967,12448766,"PER","Americas"
"Philippines",1967,34621279,"PHL","Asia"
"Poland",1967,31828583,"POL","Europe"
"Portugal",1967,8845789,"PRT","Europe"
"Puerto Rico",1967,2630463,"PRI","Americas"
"Qatar",1967,81419,"QAT","Asia"
"Reunion",1967,440277,"REU","Africa"
"Romania",1967,18998514,"ROU","Europe"
"Russia",1967,128342598,"RUS","Europe"
"Rwanda",1967,3629540,"RWA","Africa"
"Saint Barthelemy",1967,2368,"BLM","Americas"
"Saint Helena",1967,5527,"SHN","Africa"
"Saint Kitts and Nevis",1967,48583,"KNA","Americas"
"Saint Lucia",1967,99481,"LCA","Americas"
"Saint Martin (French part)",1967,5454,"MAF","Americas"
"Saint Pierre and Miquelon",1967,5377,"SPM","Americas"
"Saint Vincent and the Grenadines",1967,93098,"VCT","Americas"
"Samoa",1967,133736,"WSM","Oceania"
"San Marino",1967,17664,"SMR","Europe"
"Sao Tome and Principe",1967,73563,"STP","Africa"
"Saudi Arabia",1967,3157200,"SAU","Asia"
"Senegal",1967,4083822,"SEN","Africa"
"Serbia",1967,7154344,"SRB","Europe"
"Seychelles",1967,50642,"SYC","Africa"
"Sierra Leone",1967,2562340,"SLE","Africa"
"Singapore",1967,1965633,"SGP","Asia"
"Sint Maarten (Dutch part)",1967,5056,"SXM","Americas"
"Slovakia",1967,4436060,"SVK","Europe"
"Slovenia",1967,1703828,"SVN","Europe"
"Solomon Islands",1967,164211,"SLB","Oceania"
"Somalia",1967,3454493,"SOM","Africa"
"South Africa",1967,20314032,"ZAF","Africa"
"South Korea",1967,30495672,"KOR","Asia"
"South Sudan",1967,3277603,"SSD","Africa"
"Spain",1967,32820707,"ESP","Europe"
"Sri Lanka",1967,11457289,"LKA","Asia"
"Sudan",1967,10550545,"SDN","Africa"
"Suriname",1967,342642,"SUR","Americas"
"Sweden",1967,7866351,"SWE","Europe"
"Switzerland",1967,5991689,"CHE","Europe"
"Syria",1967,5790144,"SYR","Asia"
"Taiwan",1967,13901427,"TWN","Asia"
"Tajikistan",1967,2664089,"TJK","Asia"
"Tanzania",1967,12200057,"TZA","Africa"
"Thailand",1967,33037740,"THA","Asia"
"Togo",1967,1995845,"TGO","Africa"
"Tokelau",1967,1860,"TKL","Oceania"
"Tonga",1967,79789,"TON","Oceania"
"Trinidad and Tobago",1967,956386,"TTO","Americas"
"Tunisia",1967,4760918,"TUN","Africa"
"Turkey",1967,34050379,"TUR","Asia"
"Turkmenistan",1967,2027357,"TKM","Asia"
"Turks and Caicos Islands",1967,5645,"TCA","Americas"
"Tuvalu",1967,5628,"TUV","Oceania"
"Uganda",1967,9408872,"UGA","Africa"
"Ukraine",1967,46215937,"UKR","Europe"
"United Arab Emirates",1967,179663,"ARE","Asia"
"United Kingdom",1967,54973620,"GBR","Europe"
"United States",1967,200699861,"USA","Americas"
"United States Virgin Islands",1967,54885,"UMI","Oceania"
"Uruguay",1967,2732229,"URY","Americas"
"Uzbekistan",1967,10659136,"UZB","Asia"
"Vanuatu",1967,78893,"VUT","Oceania"
"Venezuela",1967,10358462,"VEN","Americas"
"Vietnam",1967,38895033,"VNM","Asia"
"Wallis and Futuna",1967,8370,"WLF","Oceania"
"Western Sahara",1967,50603,"ESH","Africa"
"Yemen",1967,6516394,"YEM","Asia"
"Zambia",1967,3936306,"ZMB","Africa"
"Zimbabwe",1967,4748262,"ZWE","Africa"
"Afghanistan",1968,10756882,"AFG","Asia"
"Albania",1968,2068792,"ALB","Europe"
"Algeria",1968,13172561,"DZA","Africa"
"American Samoa",1968,25591,"ASM","Oceania"
"Andorra",1968,17154,"AND","Europe"
"Angola",1968,5702647,"AGO","Africa"
"Anguilla",1968,6171,"AIA","Americas"
"Antigua and Barbuda",1968,62782,"ATG","Americas"
"Argentina",1968,23150538,"ARG","Americas"
"Armenia",1968,2367275,"ARM","Asia"
"Aruba",1968,59048,"ABW","Americas"
"Australia",1968,12029960,"AUS","Oceania"
"Austria",1968,7414577,"AUT","Europe"
"Azerbaijan",1968,4976436,"AZE","Asia"
"Bahamas",1968,170066,"BHS","Americas"
"Bahrain",1968,219299,"BHR","Asia"
"Bangladesh",1968,65408231,"BGD","Asia"
"Barbados",1968,248507,"BRB","Americas"
"Belarus",1968,8891280,"BLR","Europe"
"Belgium",1968,9549645,"BEL","Europe"
"Belize",1968,114683,"BLZ","Americas"
"Benin",1968,2934215,"BEN","Africa"
"Bermuda",1968,50387,"BMU","Americas"
"Bhutan",1968,288274,"BTN","Asia"
"Bolivia",1968,4388897,"BOL","Americas"
"Bonaire Sint Eustatius and Saba",1968,9330,"BES","Americas"
"Bosnia and Herzegovina",1968,3698763,"BIH","Europe"
"Botswana",1968,583925,"BWA","Africa"
"Brazil",1968,90741191,"BRA","Americas"
"British Virgin Islands",1968,8972,"IOT","Africa"
"Brunei",1968,126191,"BRN","Asia"
"Bulgaria",1968,8370601,"BGR","Europe"
"Burkina Faso",1968,5418597,"BFA","Africa"
"Burundi",1968,3380341,"BDI","Africa"
"Cambodia",1968,6467275,"KHM","Asia"
"Cameroon",1968,6125807,"CMR","Africa"
"Canada",1968,20734119,"CAN","Americas"
"Cape Verde",1968,270120,"CPV","Africa"
"Cayman Islands",1968,9946,"CYM","Americas"
"Central African Republic",1968,2005058,"CAF","Africa"
"Chad",1968,3578183,"TCD","Africa"
"Chile",1968,9514669,"CHL","Americas"
"China",1968,781010987,"CHN","Asia"
"Colombia",1968,19766748,"COL","Americas"
"Comoros",1968,230210,"COM","Africa"
"Congo",1968,1316469,"COG","Africa"
"Cook Islands",1968,19681,"COK","Oceania"
"Costa Rica",1968,1739679,"CRI","Americas"
"Cote d'Ivoire",1968,4989969,"CIV","Africa"
"Croatia",1968,4423783,"HRV","Europe"
"Cuba",1968,8509469,"CUB","Americas"
"Cyprus",1968,635116,"CYP","Asia"
"Czechia",1968,9775065,"CZE","Europe"
"Democratic Republic of Congo",1968,19012147,"COD","Africa"
"Denmark",1968,4864739,"DNK","Europe"
"Djibouti",1968,128223,"DJI","Africa"
"Dominica",1968,66695,"DMA","Americas"
"Dominican Republic",1968,4157150,"DOM","Americas"
"East Timor",1968,533841,"TLS","Asia"
"Ecuador",1968,5799635,"ECU","Americas"
"Egypt",1968,32998269,"EGY","Africa"
"El Salvador",1968,3480723,"SLV","Americas"
"Equatorial Guinea",1968,318808,"GNQ","Africa"
"Eritrea",1968,1181693,"ERI","Africa"
"Estonia",1968,1334257,"EST","Europe"
"Eswatini",1968,419109,"SWZ","Africa"
"Ethiopia",1968,26337879,"ETH","Africa"
"Falkland Islands",1968,2263,"FLK","Americas"
"Faroe Islands",1968,37545,"FRO","Europe"
"Fiji",1968,509964,"FJI","Oceania"
"Finland",1968,4627310,"FIN","Europe"
"France",1968,49947202,"FRA","Europe"
"French Guiana",1968,43664,"GUF","Americas"
"French Polynesia",1968,106325,"PYF","Oceania"
"Gabon",1968,572219,"GAB","Africa"
"Gambia",1968,495231,"GMB","Africa"
"Georgia",1968,4663533,"GEO","Asia"
"Germany",1968,77321235,"DEU","Europe"
"Ghana",1968,8475691,"GHA","Africa"
"Gibraltar",1968,25548,"GIB","Europe"
"Greece",1968,8717871,"GRC","Europe"
"Greenland",1968,42756,"GRL","Americas"
"Grenada",1968,98050,"GRD","Americas"
"Guadeloupe",1968,314857,"GLP","Americas"
"Guam",1968,84521,"GUM","Oceania"
"Guatemala",1968,5118072,"GTM","Americas"
"Guernsey",1968,52089,"GGY","Europe"
"Guinea",1968,4118500,"GIN","Africa"
"Guinea-Bissau",1968,578127,"GNB","Africa"
"Guyana",1968,676129,"GUY","Americas"
"Haiti",1968,4465283,"HTI","Americas"
"Honduras",1968,2593011,"HND","Americas"
"Hong Kong",1968,3065293,"HKG","Asia"
"Hungary",1968,10244498,"HUN","Europe"
"Iceland",1968,201472,"ISL","Europe"
"India",1968,522716839,"IND","Asia"
"Indonesia",1968,109449945,"IDN","Asia"
"Iran",1968,27437345,"IRN","Asia"
"Iraq",1968,9084959,"IRQ","Asia"
"Ireland",1968,2922735,"IRL","Europe"
"Isle of Man",1968,52864,"IMN","Europe"
"Israel",1968,2645424,"ISR","Asia"
"Italy",1968,52712106,"ITA","Europe"
"Jamaica",1968,1833713,"JAM","Americas"
"Japan",1968,104237425,"JPN","Asia"
"Jersey",1968,68663,"JEY","Europe"
"Jordan",1968,1372412,"JOR","Asia"
"Kazakhstan",1968,11879133,"KAZ","Asia"
"Kenya",1968,10518779,"KEN","Africa"
"Kiribati",1968,55507,"KIR","Oceania"
"Kosovo",1968,1214159,"XKX","Europe"
"Kuwait",1968,687676,"KWT","Asia"
"Kyrgyzstan",1968,2862841,"KGZ","Asia"
"Laos",1968,2546327,"LAO","Asia"
"Latvia",1968,2317243,"LVA","Europe"
"Lebanon",1968,2266324,"LBN","Asia"
"Lesotho",1968,948059,"LSO","Africa"
"Liberia",1968,1393482,"LBR","Africa"
"Libya",1968,1952755,"LBY","Africa"
"Liechtenstein",1968,20063,"LIE","Europe"
"Lithuania",1968,3070211,"LTU","Europe"
"Luxembourg",1968,336959,"LUX","Europe"
"Macao",1968,257898,"MAC","Asia"
"Madagascar",1968,6306459,"MDG","Africa"
"Malawi",1968,4411010,"MWI","Africa"
"Malaysia",1968,9725236,"MYS","Asia"
"Maldives",1968,116054,"MDV","Asia"
"Mali",1968,6082947,"MLI","Africa"
"Malta",1968,323470,"MLT","Europe"
"Marshall Islands",1968,19842,"MHL","Oceania"
"Martinique",1968,323492,"MTQ","Americas"
"Mauritania",1968,1034696,"MRT","Africa"
"Mauritius",1968,799243,"MUS","Africa"
"Mayotte",1968,33217,"MYT","Africa"
"Mexico",1968,47668254,"MEX","Americas"
"Micronesia (country)",1968,55438,"FSM","Oceania"
"Moldova",1968,3547037,"MDA","Europe"
"Monaco",1968,23410,"MCO","Europe"
"Mongolia",1968,1229881,"MNG","Asia"
"Montenegro",1968,519264,"MNE","Europe"
"Montserrat",1968,11422,"MSR","Americas"
"Morocco",1968,14347839,"MAR","Africa"
"Mozambique",1968,7892564,"MOZ","Africa"
"Myanmar",1968,25989618,"MMR","Asia"
"Namibia",1968,715503,"NAM","Africa"
"Nauru",1968,6319,"NRU","Oceania"
"Nepal",1968,11906228,"NPL","Asia"
"Netherlands",1968,12740799,"NLD","Europe"
"New Caledonia",1968,101409,"NCL","Oceania"
"New Zealand",1968,2754470,"NZL","Oceania"
"Nicaragua",1968,2275790,"NIC","Americas"
"Niger",1968,4403593,"NER","Africa"
"Nigeria",1968,53432740,"NGA","Africa"
"Niue",1968,5196,"NIU","Oceania"
"North Korea",1968,14365556,"PRK","Asia"
"North Macedonia",1968,1608880,"MKD","Europe"
"Northern Mariana Islands",1968,10449,"MNP","Oceania"
"Norway",1968,3816039,"NOR","Europe"
"Oman",1968,628757,"OMN","Asia"
"Pakistan",1968,56810469,"PAK","Asia"
"Palau",1968,11062,"PLW","Oceania"
"Palestine",1968,1121711,"PSX","Asia"
"Panama",1968,1429406,"PAN","Americas"
"Papua New Guinea",1968,2390763,"PNG","Oceania"
"Paraguay",1968,2282346,"PRY","Americas"
"Peru",1968,12803932,"PER","Americas"
"Philippines",1968,35638286,"PHL","Asia"
"Poland",1968,32078343,"POL","Europe"
"Portugal",1968,8809653,"PRT","Europe"
"Puerto Rico",1968,2665737,"PRI","Americas"
"Qatar",1968,91720,"QAT","Asia"
"Reunion",1968,450340,"REU","Africa"
"Romania",1968,19361014,"ROU","Europe"
"Russia",1968,129065006,"RUS","Europe"
"Rwanda",1968,3743957,"RWA","Africa"
"Saint Barthelemy",1968,2372,"BLM","Americas"
"Saint Helena",1968,5608,"SHN","Africa"
"Saint Kitts and Nevis",1968,47220,"KNA","Americas"
"Saint Lucia",1968,100655,"LCA","Americas"
"Saint Martin (French part)",1968,5671,"MAF","Americas"
"Saint Pierre and Miquelon",1968,5448,"SPM","Americas"
"Saint Vincent and the Grenadines",1968,94097,"VCT","Americas"
"Samoa",1968,135980,"WSM","Oceania"
"San Marino",1968,17833,"SMR","Europe"
"Sao Tome and Principe",1968,74743,"STP","Africa"
"Saudi Arabia",1968,3282655,"SAU","Asia"
"Senegal",1968,4207543,"SEN","Africa"
"Serbia",1968,7213983,"SRB","Europe"
"Seychelles",1968,51855,"SYC","Africa"
"Sierra Leone",1968,2611492,"SLE","Africa"
"Singapore",1968,2010055,"SGP","Asia"
"Sint Maarten (Dutch part)",1968,5489,"SXM","Americas"
"Slovakia",1968,4466383,"SVK","Europe"
"Slovenia",1968,1716881,"SVN","Europe"
"Solomon Islands",1968,168253,"SLB","Oceania"
"Somalia",1968,3546538,"SOM","Africa"
"South Africa",1968,20957242,"ZAF","Africa"
"South Korea",1968,31175249,"KOR","Asia"
"South Sudan",1968,3321484,"SSD","Africa"
"Spain",1968,33170058,"ESP","Europe"
"Sri Lanka",1968,11736040,"LKA","Asia"
"Sudan",1968,10917950,"SDN","Africa"
"Suriname",1968,354581,"SUR","Americas"
"Sweden",1968,7912065,"SWE","Europe"
"Switzerland",1968,6067615,"CHE","Europe"
"Syria",1968,5978683,"SYR","Asia"
"Taiwan",1968,14215526,"TWN","Asia"
"Tajikistan",1968,2753805,"TJK","Asia"
"Tanzania",1968,12602028,"TZA","Africa"
"Thailand",1968,34002512,"THA","Asia"
"Togo",1968,2080188,"TGO","Africa"
"Tokelau",1968,1811,"TKL","Oceania"
"Tonga",1968,81333,"TON","Oceania"
"Trinidad and Tobago",1968,968956,"TTO","Americas"
"Tunisia",1968,4879864,"TUN","Africa"
"Turkey",1968,34921630,"TUR","Asia"
"Turkmenistan",1968,2083025,"TKM","Asia"
"Turks and Caicos Islands",1968,5639,"TCA","Americas"
"Tuvalu",1968,5601,"TUV","Oceania"
"Uganda",1968,9708584,"UGA","Africa"
"Ukraine",1968,46614281,"UKR","Europe"
"United Arab Emirates",1968,199390,"ARE","Asia"
"United Kingdom",1968,55240601,"GBR","Europe"
"United States",1968,203010975,"USA","Americas"
"United States Virgin Islands",1968,57808,"UMI","Oceania"
"Uruguay",1968,2754558,"URY","Americas"
"Uzbekistan",1968,11032106,"UZB","Asia"
"Vanuatu",1968,81292,"VUT","Oceania"
"Venezuela",1968,10697491,"VEN","Americas"
"Vietnam",1968,39734559,"VNM","Asia"
"Wallis and Futuna",1968,8485,"WLF","Oceania"
"Western Sahara",1968,55958,"ESH","Africa"
"Yemen",1968,6690469,"YEM","Asia"
"Zambia",1968,4065553,"ZMB","Africa"
"Zimbabwe",1968,4900392,"ZWE","Africa"
"Afghanistan",1969,11017366,"AFG","Asia"
"Albania",1969,2126841,"ALB","Europe"
"Algeria",1969,13475921,"DZA","Africa"
"American Samoa",1969,26356,"ASM","Oceania"
"Andorra",1969,18533,"AND","Europe"
"Angola",1969,5763643,"AGO","Africa"
"Anguilla",1969,6220,"AIA","Americas"
"Antigua and Barbuda",1969,63786,"ATG","Americas"
"Argentina",1969,23508675,"ARG","Americas"
"Armenia",1969,2423977,"ARM","Asia"
"Aruba",1969,59020,"ABW","Americas"
"Australia",1969,12272333,"AUS","Oceania"
"Austria",1969,7440256,"AUT","Europe"
"Azerbaijan",1969,5081727,"AZE","Asia"
"Bahamas",1969,177946,"BHS","Americas"
"Bahrain",1969,222430,"BHR","Asia"
"Bangladesh",1969,67294079,"BGD","Asia"
"Barbados",1969,249394,"BRB","Americas"
"Belarus",1969,8954559,"BLR","Europe"
"Belgium",1969,9589150,"BEL","Europe"
"Belize",1969,118014,"BLZ","Americas"
"Benin",1969,2998179,"BEN","Africa"
"Bermuda",1969,51281,"BMU","Americas"
"Bhutan",1969,298172,"BTN","Asia"
"Bolivia",1969,4488191,"BOL","Americas"
"Bonaire Sint Eustatius and Saba",1969,9582,"BES","Americas"
"Bosnia and Herzegovina",1969,3737712,"BIH","Europe"
"Botswana",1969,587027,"BWA","Africa"
"Brazil",1969,93045719,"BRA","Americas"
"British Virgin Islands",1969,9512,"IOT","Africa"
"Brunei",1969,131410,"BRN","Asia"
"Bulgaria",1969,8435228,"BGR","Europe"
"Burkina Faso",1969,5513127,"BFA","Africa"
"Burundi",1969,3454554,"BDI","Africa"
"Cambodia",1969,6604676,"KHM","Asia"
"Cameroon",1969,6283419,"CMR","Africa"
"Canada",1969,21037563,"CAN","Americas"
"Cape Verde",1969,279206,"CPV","Africa"
"Cayman Islands",1969,10140,"CYM","Americas"
"Central African Republic",1969,2051472,"CAF","Africa"
"Chad",1969,3651069,"TCD","Africa"
"Chile",1969,9680240,"CHL","Americas"
"China",1969,802140300,"CHN","Asia"
"Colombia",1969,20291890,"COL","Americas"
"Comoros",1969,236956,"COM","Africa"
"Congo",1969,1356146,"COG","Africa"
"Cook Islands",1969,20064,"COK","Oceania"
"Costa Rica",1969,1789238,"CRI","Americas"
"Cote d'Ivoire",1969,5192178,"CIV","Africa"
"Croatia",1969,4444402,"HRV","Europe"
"Cuba",1969,8666590,"CUB","Americas"
"Cyprus",1969,641152,"CYP","Asia"
"Czechia",1969,9787748,"CZE","Europe"
"Democratic Republic of Congo",1969,19570413,"COD","Africa"
"Denmark",1969,4891752,"DNK","Europe"
"Djibouti",1969,136047,"DJI","Africa"
"Dominica",1969,67906,"DMA","Americas"
"Dominican Republic",1969,4276987,"DOM","Americas"
"East Timor",1969,543313,"TLS","Asia"
"Ecuador",1969,5975183,"ECU","Americas"
"Egypt",1969,33811567,"EGY","Africa"
"El Salvador",1969,3576442,"SLV","Americas"
"Equatorial Guinea",1969,322481,"GNQ","Africa"
"Eritrea",1969,1211958,"ERI","Africa"
"Estonia",1969,1348653,"EST","Europe"
"Eswatini",1969,429839,"SWZ","Africa"
"Ethiopia",1969,27072518,"ETH","Africa"
"Falkland Islands",1969,2264,"FLK","Americas"
"Faroe Islands",1969,37881,"FRO","Europe"
"Fiji",1969,520757,"FJI","Oceania"
"Finland",1969,4624030,"FIN","Europe"
"France",1969,50355256,"FRA","Europe"
"French Guiana",1969,44909,"GUF","Americas"
"French Polynesia",1969,110074,"PYF","Oceania"
"Gabon",1969,583233,"GAB","Africa"
"Gambia",1969,509400,"GMB","Africa"
"Georgia",1969,4742970,"GEO","Asia"
"Germany",1969,77943985,"DEU","Europe"
"Ghana",1969,8690331,"GHA","Africa"
"Gibraltar",1969,26101,"GIB","Europe"
"Greece",1969,8747025,"GRC","Europe"
"Greenland",1969,44113,"GRL","Americas"
"Grenada",1969,98176,"GRD","Americas"
"Guadeloupe",1969,316707,"GLP","Americas"
"Guam",1969,86378,"GUM","Oceania"
"Guatemala",1969,5257040,"GTM","Americas"
"Guernsey",1969,52840,"GGY","Europe"
"Guinea",1969,4198254,"GIN","Africa"
"Guinea-Bissau",1969,581587,"GNB","Africa"
"Guyana",1969,690183,"GUY","Americas"
"Haiti",1969,4549294,"HTI","Americas"
"Honduras",1969,2670241,"HND","Americas"
"Hong Kong",1969,3395475,"HKG","Asia"
"Hungary",1969,10281546,"HUN","Europe"
"Iceland",1969,203340,"ISL","Europe"
"India",1969,533880495,"IND","Asia"
"Indonesia",1969,112517592,"IDN","Asia"
"Iran",1969,28273431,"IRN","Asia"
"Iraq",1969,9403309,"IRQ","Asia"
"Ireland",1969,2940707,"IRL","Europe"
"Isle of Man",1969,54044,"IMN","Europe"
"Israel",1969,2754106,"ISR","Asia"
"Italy",1969,53060092,"ITA","Europe"
"Jamaica",1969,1855074,"JAM","Americas"
"Japan",1969,105475120,"JPN","Asia"
"Jersey",1969,69156,"JEY","Europe"
"Jordan",1969,1473057,"JOR","Asia"
"Kazakhstan",1969,12156183,"KAZ","Asia"
"Kenya",1969,10939644,"KEN","Africa"
"Kiribati",1969,56333,"KIR","Oceania"
"Kosovo",1969,1231419,"XKX","Europe"
"Kuwait",1969,749428,"KWT","Asia"
"Kyrgyzstan",1969,2944797,"KGZ","Asia"
"Laos",1969,2606922,"LAO","Asia"
"Latvia",1969,2337612,"LVA","Europe"
"Lebanon",1969,2328117,"LBN","Asia"
"Lesotho",1969,983158,"LSO","Africa"
"Liberia",1969,1429574,"LBR","Africa"
"Libya",1969,2014244,"LBY","Africa"
"Liechtenstein",1969,20607,"LIE","Europe"
"Lithuania",1969,3103367,"LTU","Europe"
"Luxembourg",1969,338222,"LUX","Europe"
"Macao",1969,255266,"MAC","Asia"
"Madagascar",1969,6484677,"MDG","Africa"
"Malawi",1969,4521143,"MWI","Africa"
"Malaysia",1969,9947554,"MYS","Asia"
"Maldives",1969,119537,"MDV","Asia"
"Mali",1969,6177646,"MLI","Africa"
"Malta",1969,324712,"MLT","Europe"
"Marshall Islands",1969,21285,"MHL","Oceania"
"Martinique",1969,324803,"MTQ","Americas"
"Mauritania",1969,1066721,"MRT","Africa"
"Mauritius",1969,813679,"MUS","Africa"
"Mayotte",1969,34115,"MYT","Africa"
"Mexico",1969,49233144,"MEX","Americas"
"Micronesia (country)",1969,57107,"FSM","Oceania"
"Moldova",1969,3599946,"MDA","Europe"
"Monaco",1969,23806,"MCO","Europe"
"Mongolia",1969,1262249,"MNG","Asia"
"Montenegro",1969,524400,"MNE","Europe"
"Montserrat",1969,11363,"MSR","Americas"
"Morocco",1969,14734204,"MAR","Africa"
"Mozambique",1969,8066904,"MOZ","Africa"
"Myanmar",1969,26585059,"MMR","Asia"
"Namibia",1969,736076,"NAM","Africa"
"Nauru",1969,6575,"NRU","Oceania"
"Nepal",1969,12166979,"NPL","Asia"
"Netherlands",1969,12890595,"NLD","Europe"
"New Caledonia",1969,104823,"NCL","Oceania"
"New Zealand",1969,2784352,"NZL","Oceania"
"Nicaragua",1969,2348356,"NIC","Americas"
"Niger",1969,4525677,"NER","Africa"
"Nigeria",1969,54631864,"NGA","Africa"
"Niue",1969,5147,"NIU","Oceania"
"North Korea",1969,14767581,"PRK","Asia"
"North Macedonia",1969,1636314,"MKD","Europe"
"Northern Mariana Islands",1969,9967,"MNP","Oceania"
"Norway",1969,3847249,"NOR","Europe"
"Oman",1969,645209,"OMN","Asia"
"Pakistan",1969,58460899,"PAK","Asia"
"Palau",1969,11146,"PLW","Oceania"
"Palestine",1969,1113041,"PSX","Asia"
"Panama",1969,1470838,"PAN","Americas"
"Papua New Guinea",1969,2446879,"PNG","Oceania"
"Paraguay",1969,2334950,"PRY","Americas"
"Peru",1969,13166701,"PER","Americas"
"Philippines",1969,36660738,"PHL","Asia"
"Poland",1969,32322735,"POL","Europe"
"Portugal",1969,8754189,"PRT","Europe"
"Puerto Rico",1969,2698376,"PRI","Americas"
"Qatar",1969,102987,"QAT","Asia"
"Reunion",1969,460025,"REU","Africa"
"Romania",1969,19701760,"ROU","Europe"
"Russia",1969,129762147,"RUS","Europe"
"Rwanda",1969,3861225,"RWA","Africa"
"Saint Barthelemy",1969,2385,"BLM","Americas"
"Saint Helena",1969,5671,"SHN","Africa"
"Saint Kitts and Nevis",1969,45715,"KNA","Americas"
"Saint Lucia",1969,101860,"LCA","Americas"
"Saint Martin (French part)",1969,5848,"MAF","Americas"
"Saint Pierre and Miquelon",1969,5527,"SPM","Americas"
"Saint Vincent and the Grenadines",1969,95026,"VCT","Americas"
"Samoa",1969,138196,"WSM","Oceania"
"San Marino",1969,18010,"SMR","Europe"
"Sao Tome and Principe",1969,76051,"STP","Africa"
"Saudi Arabia",1969,3417085,"SAU","Asia"
"Senegal",1969,4334927,"SEN","Africa"
"Serbia",1969,7271005,"SRB","Europe"
"Seychelles",1969,53053,"SYC","Africa"
"Sierra Leone",1969,2661322,"SLE","Africa"
"Singapore",1969,2052118,"SGP","Asia"
"Sint Maarten (Dutch part)",1969,5934,"SXM","Americas"
"Slovakia",1969,4494987,"SVK","Europe"
"Slovenia",1969,1728637,"SVN","Europe"
"Solomon Islands",1969,172441,"SLB","Oceania"
"Somalia",1969,3640970,"SOM","Africa"
"South Africa",1969,21614631,"ZAF","Africa"
"South Korea",1969,31852718,"KOR","Asia"
"South Sudan",1969,3365491,"SSD","Africa"
"Spain",1969,33496890,"ESP","Europe"
"Sri Lanka",1969,12013805,"LKA","Asia"
"Sudan",1969,11298893,"SDN","Africa"
"Suriname",1969,366868,"SUR","Americas"
"Sweden",1969,7967962,"SWE","Europe"
"Switzerland",1969,6136301,"CHE","Europe"
"Syria",1969,6175124,"SYR","Asia"
"Taiwan",1969,14523548,"TWN","Asia"
"Tajikistan",1969,2845234,"TJK","Asia"
"Tanzania",1969,13036661,"TZA","Africa"
"Thailand",1969,34973741,"THA","Asia"
"Togo",1969,2164784,"TGO","Africa"
"Tokelau",1969,1764,"TKL","Oceania"
"Tonga",1969,82871,"TON","Oceania"
"Trinidad and Tobago",1969,980660,"TTO","Americas"
"Tunisia",1969,5004657,"TUN","Africa"
"Turkey",1969,35787738,"TUR","Asia"
"Turkmenistan",1969,2138995,"TKM","Asia"
"Turks and Caicos Islands",1969,5638,"TCA","Americas"
"Tuvalu",1969,5619,"TUV","Oceania"
"Uganda",1969,10014823,"UGA","Africa"
"Ukraine",1969,46976195,"UKR","Europe"
"United Arab Emirates",1969,239628,"ARE","Asia"
"United Kingdom",1969,55456156,"GBR","Europe"
"United States",1969,205299986,"USA","Americas"
"United States Virgin Islands",1969,60503,"UMI","Oceania"
"Uruguay",1969,2773935,"URY","Americas"
"Uzbekistan",1969,11403104,"UZB","Asia"
"Vanuatu",1969,83719,"VUT","Oceania"
"Venezuela",1969,11040238,"VEN","Americas"
"Vietnam",1969,40582047,"VNM","Asia"
"Wallis and Futuna",1969,8635,"WLF","Oceania"
"Western Sahara",1969,61610,"ESH","Africa"
"Yemen",1969,6875809,"YEM","Asia"
"Zambia",1969,4197066,"ZMB","Africa"
"Zimbabwe",1969,5058138,"ZWE","Africa"
"Afghanistan",1970,11290086,"AFG","Asia"
"Albania",1970,2181184,"ALB","Europe"
"Algeria",1970,13783680,"DZA","Africa"
"American Samoa",1970,27011,"ASM","Oceania"
"Andorra",1970,19953,"AND","Europe"
"Angola",1970,5852739,"AGO","Africa"
"Anguilla",1970,6286,"AIA","Americas"
"Antigua and Barbuda",1970,64508,"ATG","Americas"
"Argentina",1970,23878281,"ARG","Americas"
"Armenia",1970,2475580,"ARM","Asia"
"Aruba",1970,58916,"ABW","Americas"
"Australia",1970,12599361,"AUS","Oceania"
"Austria",1970,7466271,"AUT","Europe"
"Azerbaijan",1970,5183768,"AZE","Asia"
"Bahamas",1970,184949,"BHS","Americas"
"Bahrain",1970,224763,"BHR","Asia"
"Bangladesh",1970,69058849,"BGD","Asia"
"Barbados",1970,249353,"BRB","Americas"
"Belarus",1970,9014853,"BLR","Europe"
"Belgium",1970,9630468,"BEL","Europe"
"Belize",1970,120701,"BLZ","Americas"
"Benin",1970,3065006,"BEN","Africa"
"Bermuda",1970,52097,"BMU","Americas"
"Bhutan",1970,308484,"BTN","Asia"
"Bolivia",1970,4589963,"BOL","Americas"
"Bonaire Sint Eustatius and Saba",1970,9845,"BES","Americas"
"Bosnia and Herzegovina",1970,3773194,"BIH","Europe"
"Botswana",1970,590287,"BWA","Africa"
"Brazil",1970,95375606,"BRA","Americas"
"British Virgin Islands",1970,9924,"IOT","Africa"
"Brunei",1970,135105,"BRN","Asia"
"Bulgaria",1970,8490780,"BGR","Europe"
"Burkina Faso",1970,5610258,"BFA","Africa"
"Burundi",1970,3530381,"BDI","Africa"
"Cambodia",1970,6639139,"KHM","Asia"
"Cameroon",1970,6449753,"CMR","Africa"
"Canada",1970,21439963,"CAN","Americas"
"Cape Verde",1970,287849,"CPV","Africa"
"Cayman Islands",1970,10499,"CYM","Americas"
"Central African Republic",1970,2097467,"CAF","Africa"
"Chad",1970,3727795,"TCD","Africa"
"Chile",1970,9845299,"CHL","Americas"
"China",1970,823308913,"CHN","Asia"
"Colombia",1970,20811750,"COL","Americas"
"Comoros",1970,244143,"COM","Africa"
"Congo",1970,1397588,"COG","Africa"
"Cook Islands",1970,20466,"COK","Oceania"
"Costa Rica",1970,1838892,"CRI","Americas"
"Cote d'Ivoire",1970,5411525,"CIV","Africa"
"Croatia",1970,4462626,"HRV","Europe"
"Cuba",1970,8824337,"CUB","Americas"
"Cyprus",1970,647398,"CYP","Asia"
"Czechia",1970,9801206,"CZE","Europe"
"Democratic Republic of Congo",1970,20137390,"COD","Africa"
"Denmark",1970,4928629,"DNK","Europe"
"Djibouti",1970,145148,"DJI","Africa"
"Dominica",1970,68877,"DMA","Americas"
"Dominican Republic",1970,4399250,"DOM","Americas"
"East Timor",1970,553044,"TLS","Asia"
"Ecuador",1970,6155339,"ECU","Americas"
"Egypt",1970,34623936,"EGY","Africa"
"El Salvador",1970,3668751,"SLV","Americas"
"Equatorial Guinea",1970,320768,"GNQ","Africa"
"Eritrea",1970,1243402,"ERI","Africa"
"Estonia",1970,1361828,"EST","Europe"
"Eswatini",1970,441173,"SWZ","Africa"
"Ethiopia",1970,27829085,"ETH","Africa"
"Falkland Islands",1970,2259,"FLK","Americas"
"Faroe Islands",1970,38244,"FRO","Europe"
"Fiji",1970,531146,"FJI","Oceania"
"Finland",1970,4606266,"FIN","Europe"
"France",1970,50813019,"FRA","Europe"
"French Guiana",1970,46252,"GUF","Americas"
"French Polynesia",1970,113979,"PYF","Oceania"
"Gabon",1970,595812,"GAB","Africa"
"Gambia",1970,524062,"GMB","Africa"
"Georgia",1970,4804011,"GEO","Asia"
"Germany",1970,78205059,"DEU","Europe"
"Ghana",1970,8925768,"GHA","Africa"
"Gibraltar",1970,26611,"GIB","Europe"
"Greece",1970,8747730,"GRC","Europe"
"Greenland",1970,45451,"GRL","Americas"
"Grenada",1970,98385,"GRD","Americas"
"Guadeloupe",1970,318073,"GLP","Americas"
"Guam",1970,88337,"GUM","Oceania"
"Guatemala",1970,5396921,"GTM","Americas"
"Guernsey",1970,53609,"GGY","Europe"
"Guinea",1970,4277489,"GIN","Africa"
"Guinea-Bissau",1970,584356,"GNB","Africa"
"Guyana",1970,702653,"GUY","Americas"
"Haiti",1970,4635080,"HTI","Americas"
"Honduras",1970,2750674,"HND","Americas"
"Hong Kong",1970,3739867,"HKG","Asia"
"Hungary",1970,10315086,"HUN","Europe"
"Iceland",1970,204439,"ISL","Europe"
"India",1970,545864222,"IND","Asia"
"Indonesia",1970,115657438,"IDN","Asia"
"Iran",1970,29145048,"IRN","Asia"
"Iraq",1970,9735562,"IRQ","Asia"
"Ireland",1970,2961357,"IRL","Europe"
"Isle of Man",1970,55280,"IMN","Europe"
"Israel",1970,2864719,"ISR","Asia"
"Italy",1970,53390178,"ITA","Europe"
"Jamaica",1970,1878138,"JAM","Americas"
"Japan",1970,106712320,"JPN","Asia"
"Jersey",1970,69629,"JEY","Europe"
"Jordan",1970,1565120,"JOR","Asia"
"Kazakhstan",1970,12419012,"KAZ","Asia"
"Kenya",1970,11368748,"KEN","Africa"
"Kiribati",1970,57490,"KIR","Oceania"
"Kosovo",1970,1249516,"XKX","Europe"
"Kuwait",1970,809074,"KWT","Asia"
"Kyrgyzstan",1970,3025087,"KGZ","Asia"
"Laos",1970,2669654,"LAO","Asia"
"Latvia",1970,2357511,"LVA","Europe"
"Lebanon",1970,2386070,"LBN","Asia"
"Lesotho",1970,1019231,"LSO","Africa"
"Liberia",1970,1466629,"LBR","Africa"
"Libya",1970,2082553,"LBY","Africa"
"Liechtenstein",1970,21127,"LIE","Europe"
"Lithuania",1970,3135819,"LTU","Europe"
"Luxembourg",1970,339296,"LUX","Europe"
"Macao",1970,257360,"MAC","Asia"
"Madagascar",1970,6671955,"MDG","Africa"
"Malawi",1970,4633897,"MWI","Africa"
"Malaysia",1970,10178750,"MYS","Asia"
"Maldives",1970,123190,"MDV","Asia"
"Mali",1970,6276433,"MLI","Africa"
"Malta",1970,325965,"MLT","Europe"
"Marshall Islands",1970,22505,"MHL","Oceania"
"Martinique",1970,325489,"MTQ","Americas"
"Mauritania",1970,1099759,"MRT","Africa"
"Mauritius",1970,827657,"MUS","Africa"
"Mayotte",1970,35075,"MYT","Africa"
"Mexico",1970,50814905,"MEX","Americas"
"Micronesia (country)",1970,58902,"FSM","Oceania"
"Moldova",1970,3643471,"MDA","Europe"
"Monaco",1970,24212,"MCO","Europe"
"Mongolia",1970,1295232,"MNG","Asia"
"Montenegro",1970,529630,"MNE","Europe"
"Montserrat",1970,11323,"MSR","Americas"
"Morocco",1970,15129403,"MAR","Africa"
"Mozambique",1970,8250456,"MOZ","Africa"
"Myanmar",1970,27192962,"MMR","Asia"
"Namibia",1970,757823,"NAM","Africa"
"Nauru",1970,6700,"NRU","Oceania"
"Nepal",1970,12436145,"NPL","Asia"
"Netherlands",1970,13052029,"NLD","Europe"
"New Caledonia",1970,109307,"NCL","Oceania"
"New Zealand",1970,2822133,"NZL","Oceania"
"Nicaragua",1970,2423022,"NIC","Americas"
"Niger",1970,4650236,"NER","Africa"
"Nigeria",1970,55893785,"NGA","Africa"
"Niue",1970,5102,"NIU","Oceania"
"North Korea",1970,15172733,"PRK","Asia"
"North Macedonia",1970,1664171,"MKD","Europe"
"Northern Mariana Islands",1970,10157,"MNP","Oceania"
"Norway",1970,3875297,"NOR","Europe"
"Oman",1970,662642,"OMN","Asia"
"Pakistan",1970,60166671,"PAK","Asia"
"Palau",1970,11357,"PLW","Oceania"
"Palestine",1970,1116237,"PSX","Asia"
"Panama",1970,1513022,"PAN","Americas"
"Papua New Guinea",1970,2505579,"PNG","Oceania"
"Paraguay",1970,2387982,"PRY","Americas"
"Peru",1970,13501179,"PER","Americas"
"Philippines",1970,37622150,"PHL","Asia"
"Poland",1970,32542584,"POL","Europe"
"Portugal",1970,8669469,"PRT","Europe"
"Puerto Rico",1970,2734378,"PRI","Americas"
"Qatar",1970,116331,"QAT","Asia"
"Reunion",1970,469043,"REU","Africa"
"Romania",1970,20011579,"ROU","Europe"
"Russia",1970,130367138,"RUS","Europe"
"Rwanda",1970,3980619,"RWA","Africa"
"Saint Barthelemy",1970,2398,"BLM","Americas"
"Saint Helena",1970,5762,"SHN","Africa"
"Saint Kitts and Nevis",1970,44580,"KNA","Americas"
"Saint Lucia",1970,103144,"LCA","Americas"
"Saint Martin (French part)",1970,6028,"MAF","Americas"
"Saint Pierre and Miquelon",1970,5622,"SPM","Americas"
"Saint Vincent and the Grenadines",1970,95935,"VCT","Americas"
"Samoa",1970,140374,"WSM","Oceania"
"San Marino",1970,18151,"SMR","Europe"
"Sao Tome and Principe",1970,77589,"STP","Africa"
"Saudi Arabia",1970,3562426,"SAU","Asia"
"Senegal",1970,4466277,"SEN","Africa"
"Serbia",1970,7324375,"SRB","Europe"
"Seychelles",1970,54226,"SYC","Africa"
"Sierra Leone",1970,2712242,"SLE","Africa"
"Singapore",1970,2091521,"SGP","Asia"
"Sint Maarten (Dutch part)",1970,6394,"SXM","Americas"
"Slovakia",1970,4525824,"SVK","Europe"
"Slovenia",1970,1739819,"SVN","Europe"
"Solomon Islands",1970,176546,"SLB","Oceania"
"Somalia",1970,3738406,"SOM","Africa"
"South Africa",1970,22279946,"ZAF","Africa"
"South Korea",1970,32542154,"KOR","Asia"
"South Sudan",1970,3409578,"SSD","Africa"
"Spain",1970,33812675,"ESP","Europe"
"Sri Lanka",1970,12287065,"LKA","Asia"
"Sudan",1970,11695723,"SDN","Africa"
"Suriname",1970,379403,"SUR","Americas"
"Sweden",1970,8042725,"SWE","Europe"
"Switzerland",1970,6180869,"CHE","Europe"
"Syria",1970,6380563,"SYR","Asia"
"Taiwan",1970,14815704,"TWN","Asia"
"Tajikistan",1970,2936745,"TJK","Asia"
"Tanzania",1970,13492620,"TZA","Africa"
"Thailand",1970,35954351,"THA","Asia"
"Togo",1970,2244732,"TGO","Africa"
"Tokelau",1970,1716,"TKL","Oceania"
"Tonga",1970,84369,"TON","Oceania"
"Trinidad and Tobago",1970,991441,"TTO","Americas"
"Tunisia",1970,5131336,"TUN","Africa"
"Turkey",1970,36638405,"TUR","Asia"
"Turkmenistan",1970,2195564,"TKM","Asia"
"Turks and Caicos Islands",1970,5653,"TCA","Americas"
"Tuvalu",1970,5648,"TUV","Oceania"
"Uganda",1970,10321555,"UGA","Africa"
"Ukraine",1970,47261256,"UKR","Europe"
"United Arab Emirates",1970,286514,"ARE","Asia"
"United Kingdom",1970,55663752,"GBR","Europe"
"United States",1970,207796288,"USA","Americas"
"United States Virgin Islands",1970,63821,"UMI","Oceania"
"Uruguay",1970,2790763,"URY","Americas"
"Uzbekistan",1970,11762592,"UZB","Asia"
"Vanuatu",1970,86243,"VUT","Oceania"
"Venezuela",1970,11387742,"VEN","Americas"
"Vietnam",1970,41475177,"VNM","Asia"
"Wallis and Futuna",1970,8821,"WLF","Oceania"
"Western Sahara",1970,71697,"ESH","Africa"
"Yemen",1970,7065232,"YEM","Asia"
"Zambia",1970,4321683,"ZMB","Africa"
"Zimbabwe",1970,5215872,"ZWE","Africa"
"Afghanistan",1971,11567632,"AFG","Asia"
"Albania",1971,2234943,"ALB","Europe"
"Algeria",1971,14098891,"DZA","Africa"
"American Samoa",1971,27517,"ASM","Oceania"
"Andorra",1971,21426,"AND","Europe"
"Angola",1971,5991069,"AGO","Africa"
"Anguilla",1971,6340,"AIA","Americas"
"Antigua and Barbuda",1971,64698,"ATG","Americas"
"Argentina",1971,24257167,"ARG","Americas"
"Armenia",1971,2525300,"ARM","Asia"
"Aruba",1971,58750,"ABW","Americas"
"Australia",1971,12997910,"AUS","Oceania"
"Austria",1971,7499589,"AUT","Europe"
"Azerbaijan",1971,5283461,"AZE","Asia"
"Bahamas",1971,190818,"BHS","Americas"
"Bahrain",1971,230706,"BHR","Asia"
"Bangladesh",1971,70276718,"BGD","Asia"
"Barbados",1971,249128,"BRB","Americas"
"Belarus",1971,9079704,"BLR","Europe"
"Belgium",1971,9666481,"BEL","Europe"
"Belize",1971,122765,"BLZ","Americas"
"Benin",1971,3134711,"BEN","Africa"
"Bermuda",1971,52588,"BMU","Americas"
"Bhutan",1971,319166,"BTN","Asia"
"Bolivia",1971,4694302,"BOL","Americas"
"Bonaire Sint Eustatius and Saba",1971,10096,"BES","Americas"
"Bosnia and Herzegovina",1971,3809343,"BIH","Europe"
"Botswana",1971,600437,"BWA","Africa"
"Brazil",1971,97739228,"BRA","Americas"
"British Virgin Islands",1971,10083,"IOT","Africa"
"Brunei",1971,137874,"BRN","Asia"
"Bulgaria",1971,8538849,"BGR","Europe"
"Burkina Faso",1971,5707949,"BFA","Africa"
"Burundi",1971,3617254,"BDI","Africa"
"Cambodia",1971,6620831,"KHM","Asia"
"Cameroon",1971,6624365,"CMR","Africa"
"Canada",1971,21895650,"CAN","Americas"
"Cape Verde",1971,294007,"CPV","Africa"
"Cayman Islands",1971,11074,"CYM","Americas"
"Central African Republic",1971,2141413,"CAF","Africa"
"Chad",1971,3807281,"TCD","Africa"
"Chile",1971,10009653,"CHL","Americas"
"China",1971,844069819,"CHN","Asia"
"Colombia",1971,21319053,"COL","Americas"
"Comoros",1971,251842,"COM","Africa"
"Congo",1971,1441004,"COG","Africa"
"Cook Islands",1971,20846,"COK","Oceania"
"Costa Rica",1971,1888495,"CRI","Americas"
"Cote d'Ivoire",1971,5650822,"CIV","Africa"
"Croatia",1971,4480119,"HRV","Europe"
"Cuba",1971,8979038,"CUB","Americas"
"Cyprus",1971,654007,"CYP","Asia"
"Czechia",1971,9822734,"CZE","Europe"
"Democratic Republic of Congo",1971,20695523,"COD","Africa"
"Denmark",1971,4963011,"DNK","Europe"
"Djibouti",1971,155112,"DJI","Africa"
"Dominica",1971,69502,"DMA","Americas"
"Dominican Republic",1971,4524188,"DOM","Americas"
"East Timor",1971,562933,"TLS","Asia"
"Ecuador",1971,6340012,"ECU","Americas"
"Egypt",1971,35433326,"EGY","Africa"
"El Salvador",1971,3757484,"SLV","Americas"
"Equatorial Guinea",1971,315894,"GNQ","Africa"
"Eritrea",1971,1276112,"ERI","Africa"
"Estonia",1971,1374477,"EST","Europe"
"Eswatini",1971,453151,"SWZ","Africa"
"Ethiopia",1971,28600060,"ETH","Africa"
"Falkland Islands",1971,2264,"FLK","Americas"
"Faroe Islands",1971,38683,"FRO","Europe"
"Fiji",1971,541087,"FJI","Oceania"
"Finland",1971,4612082,"FIN","Europe"
"France",1971,51293015,"FRA","Europe"
"French Guiana",1971,47699,"GUF","Americas"
"French Polynesia",1971,117910,"PYF","Oceania"
"Gabon",1971,608310,"GAB","Africa"
"Gambia",1971,539348,"GMB","Africa"
"Georgia",1971,4843093,"GEO","Asia"
"Germany",1971,78345825,"DEU","Europe"
"Ghana",1971,9176209,"GHA","Africa"
"Gibraltar",1971,26999,"GIB","Europe"
"Greece",1971,8786978,"GRC","Europe"
"Greenland",1971,46485,"GRL","Americas"
"Grenada",1971,98609,"GRD","Americas"
"Guadeloupe",1971,319040,"GLP","Americas"
"Guam",1971,90435,"GUM","Oceania"
"Guatemala",1971,5538315,"GTM","Americas"
"Guernsey",1971,54137,"GGY","Europe"
"Guinea",1971,4355156,"GIN","Africa"
"Guinea-Bissau",1971,586183,"GNB","Africa"
"Guyana",1971,712617,"GUY","Americas"
"Haiti",1971,4723203,"HTI","Americas"
"Honduras",1971,2834576,"HND","Americas"
"Hong Kong",1971,3989178,"HKG","Asia"
"Hungary",1971,10343919,"HUN","Europe"
"Iceland",1971,206129,"ISL","Europe"
"India",1971,558096336,"IND","Asia"
"Indonesia",1971,118833649,"IDN","Asia"
"Iran",1971,30029031,"IRN","Asia"
"Iraq",1971,10077775,"IRQ","Asia"
"Ireland",1971,2993074,"IRL","Europe"
"Isle of Man",1971,56400,"IMN","Europe"
"Israel",1971,2977255,"ISR","Asia"
"Italy",1971,53707748,"ITA","Europe"
"Jamaica",1971,1903690,"JAM","Americas"
"Japan",1971,107951979,"JPN","Asia"
"Jersey",1971,70367,"JEY","Europe"
"Jordan",1971,1645103,"JOR","Asia"
"Kazakhstan",1971,12684768,"KAZ","Asia"
"Kenya",1971,11788858,"KEN","Africa"
"Kiribati",1971,58635,"KIR","Oceania"
"Kosovo",1971,1272986,"XKX","Europe"
"Kuwait",1971,865036,"KWT","Asia"
"Kyrgyzstan",1971,3101403,"KGZ","Asia"
"Laos",1971,2734588,"LAO","Asia"
"Latvia",1971,2377024,"LVA","Europe"
"Lebanon",1971,2446279,"LBN","Asia"
"Lesotho",1971,1056200,"LSO","Africa"
"Liberia",1971,1504025,"LBR","Africa"
"Libya",1971,2153491,"LBY","Africa"
"Liechtenstein",1971,21570,"LIE","Europe"
"Lithuania",1971,3170669,"LTU","Europe"
"Luxembourg",1971,341908,"LUX","Europe"
"Macao",1971,263426,"MAC","Asia"
"Madagascar",1971,6868827,"MDG","Africa"
"Malawi",1971,4751395,"MWI","Africa"
"Malaysia",1971,10423413,"MYS","Asia"
"Maldives",1971,127007,"MDV","Asia"
"Mali",1971,6377905,"MLI","Africa"
"Malta",1971,327246,"MLT","Europe"
"Marshall Islands",1971,23348,"MHL","Oceania"
"Martinique",1971,325953,"MTQ","Americas"
"Mauritania",1971,1133664,"MRT","Africa"
"Mauritius",1971,841066,"MUS","Africa"
"Mayotte",1971,36087,"MYT","Africa"
"Mexico",1971,52412508,"MEX","Americas"
"Micronesia (country)",1971,60613,"FSM","Oceania"
"Moldova",1971,3677876,"MDA","Europe"
"Monaco",1971,24558,"MCO","Europe"
"Mongolia",1971,1330026,"MNG","Asia"
"Montenegro",1971,535069,"MNE","Europe"
"Montserrat",1971,11317,"MSR","Americas"
"Morocco",1971,15527182,"MAR","Africa"
"Mozambique",1971,8456273,"MOZ","Africa"
"Myanmar",1971,27807168,"MMR","Asia"
"Namibia",1971,780542,"NAM","Africa"
"Nauru",1971,6752,"NRU","Oceania"
"Nepal",1971,12710012,"NPL","Asia"
"Netherlands",1971,13208301,"NLD","Europe"
"New Caledonia",1971,114483,"NCL","Oceania"
"New Zealand",1971,2867115,"NZL","Oceania"
"Nicaragua",1971,2499784,"NIC","Americas"
"Niger",1971,4776184,"NER","Africa"
"Nigeria",1971,57214640,"NGA","Africa"
"Niue",1971,5027,"NIU","Oceania"
"North Korea",1971,15572410,"PRK","Asia"
"North Macedonia",1971,1691182,"MKD","Europe"
"Northern Mariana Islands",1971,11245,"MNP","Oceania"
"Norway",1971,3902703,"NOR","Europe"
"Oman",1971,681077,"OMN","Asia"
"Pakistan",1971,61847849,"PAK","Asia"
"Palau",1971,11735,"PLW","Oceania"
"Palestine",1971,1134061,"PSX","Asia"
"Panama",1971,1556033,"PAN","Americas"
"Papua New Guinea",1971,2566378,"PNG","Oceania"
"Paraguay",1971,2442492,"PRY","Americas"
"Peru",1971,13838014,"PER","Americas"
"Philippines",1971,38518615,"PHL","Asia"
"Poland",1971,32771253,"POL","Europe"
"Portugal",1971,8685535,"PRT","Europe"
"Puerto Rico",1971,2777930,"PRI","Americas"
"Qatar",1971,131305,"QAT","Asia"
"Reunion",1971,477552,"REU","Africa"
"Romania",1971,20293435,"ROU","Europe"
"Russia",1971,130987057,"RUS","Europe"
"Rwanda",1971,4099997,"RWA","Africa"
"Saint Barthelemy",1971,2416,"BLM","Americas"
"Saint Helena",1971,5842,"SHN","Africa"
"Saint Kitts and Nevis",1971,44185,"KNA","Americas"
"Saint Lucia",1971,104534,"LCA","Americas"
"Saint Martin (French part)",1971,6206,"MAF","Americas"
"Saint Pierre and Miquelon",1971,5706,"SPM","Americas"
"Saint Vincent and the Grenadines",1971,96837,"VCT","Americas"
"Samoa",1971,142468,"WSM","Oceania"
"San Marino",1971,18400,"SMR","Europe"
"Sao Tome and Principe",1971,79304,"STP","Africa"
"Saudi Arabia",1971,3723991,"SAU","Asia"
"Senegal",1971,4601820,"SEN","Africa"
"Serbia",1971,7375091,"SRB","Europe"
"Seychelles",1971,55492,"SYC","Africa"
"Sierra Leone",1971,2763179,"SLE","Africa"
"Singapore",1971,2128399,"SGP","Asia"
"Sint Maarten (Dutch part)",1971,6870,"SXM","Americas"
"Slovakia",1971,4560368,"SVK","Europe"
"Slovenia",1971,1752675,"SVN","Europe"
"Solomon Islands",1971,180612,"SLB","Oceania"
"Somalia",1971,3837641,"SOM","Africa"
"South Africa",1971,22942096,"ZAF","Africa"
"South Korea",1971,33239813,"KOR","Asia"
"South Sudan",1971,3468601,"SSD","Africa"
"Spain",1971,34157399,"ESP","Europe"
"Sri Lanka",1971,12551856,"LKA","Asia"
"Sudan",1971,12105496,"SDN","Africa"
"Suriname",1971,391890,"SUR","Americas"
"Sweden",1971,8098051,"SWE","Europe"
"Switzerland",1971,6213495,"CHE","Europe"
"Syria",1971,6598058,"SYR","Asia"
"Taiwan",1971,15121090,"TWN","Asia"
"Tajikistan",1971,3028806,"TJK","Asia"
"Tanzania",1971,13971404,"TZA","Africa"
"Thailand",1971,36937346,"THA","Asia"
"Togo",1971,2317941,"TGO","Africa"
"Tokelau",1971,1656,"TKL","Oceania"
"Tonga",1971,85878,"TON","Oceania"
"Trinidad and Tobago",1971,1002549,"TTO","Americas"
"Tunisia",1971,5261600,"TUN","Africa"
"Turkey",1971,37518565,"TUR","Asia"
"Turkmenistan",1971,2253077,"TKM","Asia"
"Turks and Caicos Islands",1971,5738,"TCA","Americas"
"Tuvalu",1971,5661,"TUV","Oceania"
"Uganda",1971,10618159,"UGA","Africa"
"Ukraine",1971,47573232,"UKR","Europe"
"United Arab Emirates",1971,334995,"ARE","Asia"
"United Kingdom",1971,55890332,"GBR","Europe"
"United States",1971,210426379,"USA","Americas"
"United States Virgin Islands",1971,67884,"UMI","Oceania"
"Uruguay",1971,2806418,"URY","Americas"
"Uzbekistan",1971,12111464,"UZB","Asia"
"Vanuatu",1971,88824,"VUT","Oceania"
"Venezuela",1971,11740964,"VEN","Americas"
"Vietnam",1971,42449231,"VNM","Asia"
"Wallis and Futuna",1971,8969,"WLF","Oceania"
"Western Sahara",1971,78687,"ESH","Africa"
"Yemen",1971,7257431,"YEM","Asia"
"Zambia",1971,4442472,"ZMB","Africa"
"Zimbabwe",1971,5374671,"ZWE","Africa"
"Afghanistan",1972,11853650,"AFG","Asia"
"Albania",1972,2289216,"ALB","Europe"
"Algeria",1972,14427026,"DZA","Africa"
"American Samoa",1972,27983,"ASM","Oceania"
"Andorra",1972,22935,"AND","Europe"
"Angola",1972,6174222,"AGO","Africa"
"Anguilla",1972,6395,"AIA","Americas"
"Antigua and Barbuda",1972,64585,"ATG","Americas"
"Argentina",1972,24644276,"ARG","Americas"
"Armenia",1972,2577039,"ARM","Asia"
"Aruba",1972,58870,"ABW","Americas"
"Australia",1972,13304850,"AUS","Oceania"
"Austria",1972,7543211,"AUT","Europe"
"Azerbaijan",1972,5380866,"AZE","Asia"
"Bahamas",1972,196011,"BHS","Americas"
"Bahrain",1972,242075,"BHR","Asia"
"Bangladesh",1972,71641480,"BGD","Asia"
"Barbados",1972,249614,"BRB","Americas"
"Belarus",1972,9144589,"BLR","Europe"
"Belgium",1972,9694803,"BEL","Europe"
"Belize",1972,124641,"BLZ","Americas"
"Benin",1972,3207493,"BEN","Africa"
"Bermuda",1972,52787,"BMU","Americas"
"Bhutan",1972,330224,"BTN","Asia"
"Bolivia",1972,4800935,"BOL","Americas"
"Bonaire Sint Eustatius and Saba",1972,10334,"BES","Americas"
"Bosnia and Herzegovina",1972,3848229,"BIH","Europe"
"Botswana",1972,622376,"BWA","Africa"
"Brazil",1972,100146746,"BRA","Americas"
"British Virgin Islands",1972,10214,"IOT","Africa"
"Brunei",1972,142149,"BRN","Asia"
"Bulgaria",1972,8579861,"BGR","Europe"
"Burkina Faso",1972,5807189,"BFA","Africa"
"Burundi",1972,3617088,"BDI","Africa"
"Cambodia",1972,6673839,"KHM","Asia"
"Cameroon",1972,6806820,"CMR","Africa"
"Canada",1972,22230830,"CAN","Americas"
"Cape Verde",1972,297339,"CPV","Africa"
"Cayman Islands",1972,11736,"CYM","Americas"
"Central African Republic",1972,2183732,"CAF","Africa"
"Chad",1972,3893204,"TCD","Africa"
"Chile",1972,10174627,"CHL","Americas"
"China",1972,863677753,"CHN","Asia"
"Colombia",1972,21819516,"COL","Americas"
"Comoros",1972,260045,"COM","Africa"
"Congo",1972,1486436,"COG","Africa"
"Cook Islands",1972,20749,"COK","Oceania"
"Costa Rica",1972,1938202,"CRI","Americas"
"Cote d'Ivoire",1972,5909670,"CIV","Africa"
"Croatia",1972,4497829,"HRV","Europe"
"Cuba",1972,9123844,"CUB","Americas"
"Cyprus",1972,661022,"CYP","Asia"
"Czechia",1972,9858025,"CZE","Europe"
"Democratic Republic of Congo",1972,21251123,"COD","Africa"
"Denmark",1972,4991527,"DNK","Europe"
"Djibouti",1972,166221,"DJI","Africa"
"Dominica",1972,70026,"DMA","Americas"
"Dominican Republic",1972,4651844,"DOM","Americas"
"East Timor",1972,572928,"TLS","Asia"
"Ecuador",1972,6528988,"ECU","Americas"
"Egypt",1972,36258280,"EGY","Africa"
"El Salvador",1972,3846782,"SLV","Americas"
"Equatorial Guinea",1972,309428,"GNQ","Africa"
"Eritrea",1972,1309203,"ERI","Africa"
"Estonia",1972,1387163,"EST","Europe"
"Eswatini",1972,465753,"SWZ","Africa"
"Ethiopia",1972,29374557,"ETH","Africa"
"Falkland Islands",1972,2260,"FLK","Americas"
"Faroe Islands",1972,39160,"FRO","Europe"
"Fiji",1972,550455,"FJI","Oceania"
"Finland",1972,4639500,"FIN","Europe"
"France",1972,51743822,"FRA","Europe"
"French Guiana",1972,49195,"GUF","Americas"
"French Polynesia",1972,121853,"PYF","Oceania"
"Gabon",1972,620912,"GAB","Africa"
"Gambia",1972,555335,"GMB","Africa"
"Georgia",1972,4877224,"GEO","Asia"
"Germany",1972,78719873,"DEU","Europe"
"Ghana",1972,9438134,"GHA","Africa"
"Gibraltar",1972,27256,"GIB","Europe"
"Greece",1972,8849329,"GRC","Europe"
"Greenland",1972,47241,"GRL","Americas"
"Grenada",1972,98749,"GRD","Americas"
"Guadeloupe",1972,319637,"GLP","Americas"
"Guam",1972,92590,"GUM","Oceania"
"Guatemala",1972,5682790,"GTM","Americas"
"Guernsey",1972,54252,"GGY","Europe"
"Guinea",1972,4431242,"GIN","Africa"
"Guinea-Bissau",1972,586590,"GNB","Africa"
"Guyana",1972,721579,"GUY","Americas"
"Haiti",1972,4813822,"HTI","Americas"
"Honduras",1972,2922020,"HND","Americas"
"Hong Kong",1972,4117070,"HKG","Asia"
"Hungary",1972,10374251,"HUN","Europe"
"Iceland",1972,209162,"ISL","Europe"
"India",1972,570482089,"IND","Asia"
"Indonesia",1972,122039794,"IDN","Asia"
"Iran",1972,30921123,"IRN","Asia"
"Iraq",1972,10430118,"IRQ","Asia"
"Ireland",1972,3037098,"IRL","Europe"
"Isle of Man",1972,57344,"IMN","Europe"
"Israel",1972,3079364,"ISR","Asia"
"Italy",1972,54067504,"ITA","Europe"
"Jamaica",1972,1931503,"JAM","Americas"
"Japan",1972,109238916,"JPN","Asia"
"Jersey",1972,71456,"JEY","Europe"
"Jordan",1972,1714507,"JOR","Asia"
"Kazakhstan",1972,12951751,"KAZ","Asia"
"Kenya",1972,12206016,"KEN","Africa"
"Kiribati",1972,59754,"KIR","Oceania"
"Kosovo",1972,1301535,"XKX","Europe"
"Kuwait",1972,920316,"KWT","Asia"
"Kyrgyzstan",1972,3173904,"KGZ","Asia"
"Laos",1972,2801616,"LAO","Asia"
"Latvia",1972,2395820,"LVA","Europe"
"Lebanon",1972,2509677,"LBN","Asia"
"Lesotho",1972,1094018,"LSO","Africa"
"Liberia",1972,1542617,"LBR","Africa"
"Libya",1972,2226054,"LBY","Africa"
"Liechtenstein",1972,21983,"LIE","Europe"
"Lithuania",1972,3204857,"LTU","Europe"
"Luxembourg",1972,346031,"LUX","Europe"
"Macao",1972,273144,"MAC","Asia"
"Madagascar",1972,7074367,"MDG","Africa"
"Malawi",1972,4874435,"MWI","Africa"
"Malaysia",1972,10676788,"MYS","Asia"
"Maldives",1972,130932,"MDV","Asia"
"Mali",1972,6483685,"MLI","Africa"
"Malta",1972,328564,"MLT","Europe"
"Marshall Islands",1972,23976,"MHL","Oceania"
"Martinique",1972,326298,"MTQ","Americas"
"Mauritania",1972,1168322,"MRT","Africa"
"Mauritius",1972,853563,"MUS","Africa"
"Mayotte",1972,37189,"MYT","Africa"
"Mexico",1972,54030117,"MEX","Americas"
"Micronesia (country)",1972,62249,"FSM","Oceania"
"Moldova",1972,3713945,"MDA","Europe"
"Monaco",1972,24848,"MCO","Europe"
"Mongolia",1972,1366782,"MNG","Asia"
"Montenegro",1972,540653,"MNE","Europe"
"Montserrat",1972,11327,"MSR","Americas"
"Morocco",1972,15924645,"MAR","Africa"
"Mozambique",1972,8692879,"MOZ","Africa"
"Myanmar",1972,28428280,"MMR","Asia"
"Namibia",1972,804357,"NAM","Africa"
"Nauru",1972,6799,"NRU","Oceania"
"Nepal",1972,12989062,"NPL","Asia"
"Netherlands",1972,13342730,"NLD","Europe"
"New Caledonia",1972,119901,"NCL","Oceania"
"New Zealand",1972,2919221,"NZL","Oceania"
"Nicaragua",1972,2573534,"NIC","Americas"
"Niger",1972,4904802,"NER","Africa"
"Nigeria",1972,58601694,"NGA","Africa"
"Niue",1972,4874,"NIU","Oceania"
"North Korea",1972,15975023,"PRK","Asia"
"North Macedonia",1972,1717350,"MKD","Europe"
"Northern Mariana Islands",1972,12620,"MNP","Oceania"
"Norway",1972,3932860,"NOR","Europe"
"Oman",1972,700558,"OMN","Asia"
"Pakistan",1972,63583141,"PAK","Asia"
"Palau",1972,12175,"PLW","Oceania"
"Palestine",1972,1164704,"PSX","Asia"
"Panama",1972,1599678,"PAN","Americas"
"Papua New Guinea",1972,2628388,"PNG","Oceania"
"Paraguay",1972,2499829,"PRY","Americas"
"Peru",1972,14210092,"PER","Americas"
"Philippines",1972,39408517,"PHL","Asia"
"Poland",1972,33041937,"POL","Europe"
"Portugal",1972,8815539,"PRT","Europe"
"Puerto Rico",1972,2824318,"PRI","Americas"
"Qatar",1972,146469,"QAT","Asia"
"Reunion",1972,485999,"REU","Africa"
"Romania",1972,20555528,"ROU","Europe"
"Russia",1972,131726365,"RUS","Europe"
"Rwanda",1972,4220286,"RWA","Africa"
"Saint Barthelemy",1972,2436,"BLM","Americas"
"Saint Helena",1972,5909,"SHN","Africa"
"Saint Kitts and Nevis",1972,44005,"KNA","Americas"
"Saint Lucia",1972,105969,"LCA","Americas"
"Saint Martin (French part)",1972,6383,"MAF","Americas"
"Saint Pierre and Miquelon",1972,5791,"SPM","Americas"
"Saint Vincent and the Grenadines",1972,97753,"VCT","Americas"
"Samoa",1972,144495,"WSM","Oceania"
"San Marino",1972,18762,"SMR","Europe"
"Sao Tome and Principe",1972,81015,"STP","Africa"
"Saudi Arabia",1972,3905675,"SAU","Asia"
"Senegal",1972,4741582,"SEN","Africa"
"Serbia",1972,7424698,"SRB","Europe"
"Seychelles",1972,56865,"SYC","Africa"
"Sierra Leone",1972,2814349,"SLE","Africa"
"Singapore",1972,2164297,"SGP","Asia"
"Sint Maarten (Dutch part)",1972,7359,"SXM","Americas"
"Slovakia",1972,4599747,"SVK","Europe"
"Slovenia",1972,1768179,"SVN","Europe"
"Solomon Islands",1972,184950,"SLB","Oceania"
"Somalia",1972,3939394,"SOM","Africa"
"South Africa",1972,23609402,"ZAF","Africa"
"South Korea",1972,33936429,"KOR","Asia"
"South Sudan",1972,3542441,"SSD","Africa"
"Spain",1972,34539817,"ESP","Europe"
"Sri Lanka",1972,12809158,"LKA","Asia"
"Sudan",1972,12527814,"SDN","Africa"
"Suriname",1972,397378,"SUR","Americas"
"Sweden",1972,8122375,"SWE","Europe"
"Switzerland",1972,6261034,"CHE","Europe"
"Syria",1972,6825987,"SYR","Asia"
"Taiwan",1972,15450573,"TWN","Asia"
"Tajikistan",1972,3123651,"TJK","Asia"
"Tanzania",1972,14479267,"TZA","Africa"
"Thailand",1972,37933883,"THA","Asia"
"Togo",1972,2384954,"TGO","Africa"
"Tokelau",1972,1638,"TKL","Oceania"
"Tonga",1972,87317,"TON","Oceania"
"Trinidad and Tobago",1972,1014867,"TTO","Americas"
"Tunisia",1972,5396520,"TUN","Africa"
"Turkey",1972,38430168,"TUR","Asia"
"Turkmenistan",1972,2311387,"TKM","Asia"
"Turks and Caicos Islands",1972,5893,"TCA","Americas"
"Tuvalu",1972,5666,"TUV","Oceania"
"Uganda",1972,10885744,"UGA","Africa"
"Ukraine",1972,47946849,"UKR","Europe"
"United Arab Emirates",1972,384981,"ARE","Asia"
"United Kingdom",1972,56079191,"GBR","Europe"
"United States",1972,212842531,"USA","Americas"
"United States Virgin Islands",1972,71887,"UMI","Oceania"
"Uruguay",1972,2821601,"URY","Americas"
"Uzbekistan",1972,12465055,"UZB","Asia"
"Vanuatu",1972,91535,"VUT","Oceania"
"Venezuela",1972,12099135,"VEN","Americas"
"Vietnam",1972,43429129,"VNM","Asia"
"Wallis and Futuna",1972,9119,"WLF","Oceania"
"Western Sahara",1972,78228,"ESH","Africa"
"Yemen",1972,7460016,"YEM","Asia"
"Zambia",1972,4569266,"ZMB","Africa"
"Zimbabwe",1972,5542397,"ZWE","Africa"
"Afghanistan",1973,12157952,"AFG","Asia"
"Albania",1973,2344054,"ALB","Europe"
"Algeria",1973,14771102,"DZA","Africa"
"American Samoa",1973,28425,"ASM","Oceania"
"Andorra",1973,24502,"AND","Europe"
"Angola",1973,6388487,"AGO","Africa"
"Anguilla",1973,6430,"AIA","Americas"
"Antigua and Barbuda",1973,64318,"ATG","Americas"
"Argentina",1973,25045955,"ARG","Americas"
"Armenia",1973,2630807,"ARM","Asia"
"Aruba",1973,59413,"ABW","Americas"
"Australia",1973,13518640,"AUS","Oceania"
"Austria",1973,7585058,"AUT","Europe"
"Azerbaijan",1973,5476557,"AZE","Asia"
"Bahamas",1973,200743,"BHS","Americas"
"Bahrain",1973,255288,"BHR","Asia"
"Bangladesh",1973,73722257,"BGD","Asia"
"Barbados",1973,250277,"BRB","Americas"
"Belarus",1973,9205662,"BLR","Europe"
"Belgium",1973,9717983,"BEL","Europe"
"Belize",1973,126417,"BLZ","Americas"
"Benin",1973,3283447,"BEN","Africa"
"Bermuda",1973,52913,"BMU","Americas"
"Bhutan",1973,341669,"BTN","Asia"
"Bolivia",1973,4910155,"BOL","Americas"
"Bonaire Sint Eustatius and Saba",1973,10509,"BES","Americas"
"Bosnia and Herzegovina",1973,3887326,"BIH","Europe"
"Botswana",1973,652373,"BWA","Africa"
"Brazil",1973,102600924,"BRA","Americas"
"British Virgin Islands",1973,10344,"IOT","Africa"
"Brunei",1973,147340,"BRN","Asia"
"Bulgaria",1973,8624758,"BGR","Europe"
"Burkina Faso",1973,5911880,"BFA","Africa"
"Burundi",1973,3611941,"BDI","Africa"
"Cambodia",1973,6739691,"KHM","Asia"
"Cameroon",1973,6996620,"CMR","Africa"
"Canada",1973,22512184,"CAN","Americas"
"Cape Verde",1973,299834,"CPV","Africa"
"Cayman Islands",1973,12411,"CYM","Americas"
"Central African Republic",1973,2225953,"CAF","Africa"
"Chad",1973,3985865,"TCD","Africa"
"Chile",1973,10340329,"CHL","Americas"
"China",1973,882576897,"CHN","Asia"
"Colombia",1973,22325337,"COL","Americas"
"Comoros",1973,268782,"COM","Africa"
"Congo",1973,1533638,"COG","Africa"
"Cook Islands",1973,20171,"COK","Oceania"
"Costa Rica",1973,1988303,"CRI","Americas"
"Cote d'Ivoire",1973,6184906,"CIV","Africa"
"Croatia",1973,4515712,"HRV","Europe"
"Cuba",1973,9255287,"CUB","Americas"
"Cyprus",1973,665897,"CYP","Asia"
"Czechia",1973,9906164,"CZE","Europe"
"Democratic Republic of Congo",1973,21827609,"COD","Africa"
"Denmark",1973,5021715,"DNK","Europe"
"Djibouti",1973,178413,"DJI","Africa"
"Dominica",1973,70564,"DMA","Americas"
"Dominican Republic",1973,4782183,"DOM","Americas"
"East Timor",1973,582812,"TLS","Asia"
"Ecuador",1973,6721991,"ECU","Americas"
"Egypt",1973,37101996,"EGY","Africa"
"El Salvador",1973,3938021,"SLV","Americas"
"Equatorial Guinea",1973,302246,"GNQ","Africa"
"Eritrea",1973,1342636,"ERI","Africa"
"Estonia",1973,1399299,"EST","Europe"
"Eswatini",1973,479000,"SWZ","Africa"
"Ethiopia",1973,30166736,"ETH","Africa"
"Falkland Islands",1973,2270,"FLK","Americas"
"Faroe Islands",1973,39617,"FRO","Europe"
"Fiji",1973,559187,"FJI","Oceania"
"Finland",1973,4665851,"FIN","Europe"
"France",1973,52162160,"FRA","Europe"
"French Guiana",1973,50709,"GUF","Americas"
"French Polynesia",1973,125854,"PYF","Oceania"
"Gabon",1973,633947,"GAB","Africa"
"Gambia",1973,571963,"GMB","Africa"
"Georgia",1973,4910971,"GEO","Asia"
"Germany",1973,78966939,"DEU","Europe"
"Ghana",1973,9714561,"GHA","Africa"
"Gibraltar",1973,27513,"GIB","Europe"
"Greece",1973,8893354,"GRC","Europe"
"Greenland",1973,47956,"GRL","Americas"
"Grenada",1973,98675,"GRD","Americas"
"Guadeloupe",1973,319966,"GLP","Americas"
"Guam",1973,94758,"GUM","Oceania"
"Guatemala",1973,5831586,"GTM","Americas"
"Guernsey",1973,54277,"GGY","Europe"
"Guinea",1973,4506281,"GIN","Africa"
"Guinea-Bissau",1973,592766,"GNB","Africa"
"Guyana",1973,730099,"GUY","Americas"
"Haiti",1973,4906703,"HTI","Americas"
"Honduras",1973,3011420,"HND","Americas"
"Hong Kong",1973,4223196,"HKG","Asia"
"Hungary",1973,10407395,"HUN","Europe"
"Iceland",1973,212335,"ISL","Europe"
"India",1973,583465547,"IND","Asia"
"Indonesia",1973,125288460,"IDN","Asia"
"Iran",1973,31839781,"IRN","Asia"
"Iraq",1973,10795816,"IRQ","Asia"
"Ireland",1973,3084394,"IRL","Europe"
"Isle of Man",1973,58233,"IMN","Europe"
"Israel",1973,3162996,"ISR","Asia"
"Italy",1973,54450519,"ITA","Europe"
"Jamaica",1973,1961182,"JAM","Americas"
"Japan",1973,110614694,"JPN","Asia"
"Jersey",1973,72533,"JEY","Europe"
"Jordan",1973,1778053,"JOR","Asia"
"Kazakhstan",1973,13208070,"KAZ","Asia"
"Kenya",1973,12634785,"KEN","Africa"
"Kiribati",1973,60790,"KIR","Oceania"
"Kosovo",1973,1331137,"XKX","Europe"
"Kuwait",1973,977609,"KWT","Asia"
"Kyrgyzstan",1973,3244825,"KGZ","Asia"
"Laos",1973,2870541,"LAO","Asia"
"Latvia",1973,2415721,"LVA","Europe"
"Lebanon",1973,2572890,"LBN","Asia"
"Lesotho",1973,1132651,"LSO","Africa"
"Liberia",1973,1583551,"LBR","Africa"
"Libya",1973,2314150,"LBY","Africa"
"Liechtenstein",1973,22382,"LIE","Europe"
"Lithuania",1973,3236175,"LTU","Europe"
"Luxembourg",1973,349160,"LUX","Europe"
"Macao",1973,250290,"MAC","Asia"
"Madagascar",1973,7288005,"MDG","Africa"
"Malawi",1973,5003881,"MWI","Africa"
"Malaysia",1973,10935582,"MYS","Asia"
"Maldives",1973,134931,"MDV","Asia"
"Mali",1973,6597072,"MLI","Africa"
"Malta",1973,330009,"MLT","Europe"
"Marshall Islands",1973,24567,"MHL","Oceania"
"Martinique",1973,326331,"MTQ","Americas"
"Mauritania",1973,1203793,"MRT","Africa"
"Mauritius",1973,865103,"MUS","Africa"
"Mayotte",1973,38376,"MYT","Africa"
"Mexico",1973,55667239,"MEX","Americas"
"Micronesia (country)",1973,63947,"FSM","Oceania"
"Moldova",1973,3752559,"MDA","Europe"
"Monaco",1973,25046,"MCO","Europe"
"Mongolia",1973,1405458,"MNG","Asia"
"Montenegro",1973,546221,"MNE","Europe"
"Montserrat",1973,11348,"MSR","Americas"
"Morocco",1973,16326228,"MAR","Africa"
"Mozambique",1973,8954202,"MOZ","Africa"
"Myanmar",1973,29026344,"MMR","Asia"
"Namibia",1973,828881,"NAM","Africa"
"Nauru",1973,6852,"NRU","Oceania"
"Nepal",1973,13275194,"NPL","Asia"
"Netherlands",1973,13453699,"NLD","Europe"
"New Caledonia",1973,125550,"NCL","Oceania"
"New Zealand",1973,2978933,"NZL","Oceania"
"Nicaragua",1973,2649237,"NIC","Americas"
"Niger",1973,5037820,"NER","Africa"
"Nigeria",1973,60082083,"NGA","Africa"
"Niue",1973,4674,"NIU","Oceania"
"North Korea",1973,16350319,"PRK","Asia"
"North Macedonia",1973,1743773,"MKD","Europe"
"Northern Mariana Islands",1973,13864,"MNP","Oceania"
"Norway",1973,3960540,"NOR","Europe"
"Oman",1973,721137,"OMN","Asia"
"Pakistan",1973,65461863,"PAK","Asia"
"Palau",1973,12545,"PLW","Oceania"
"Palestine",1973,1202218,"PSX","Asia"
"Panama",1973,1643644,"PAN","Americas"
"Papua New Guinea",1973,2690585,"PNG","Oceania"
"Paraguay",1973,2561057,"PRY","Americas"
"Peru",1973,14582813,"PER","Americas"
"Philippines",1973,40294074,"PHL","Asia"
"Poland",1973,33333233,"POL","Europe"
"Portugal",1973,8939180,"PRT","Europe"
"Puerto Rico",1973,2871077,"PRI","Americas"
"Qatar",1973,161810,"QAT","Asia"
"Reunion",1973,494432,"REU","Africa"
"Romania",1973,20798279,"ROU","Europe"
"Russia",1973,132475094,"RUS","Europe"
"Rwanda",1973,4344986,"RWA","Africa"
"Saint Barthelemy",1973,2458,"BLM","Americas"
"Saint Helena",1973,5984,"SHN","Africa"
"Saint Kitts and Nevis",1973,43848,"KNA","Americas"
"Saint Lucia",1973,107468,"LCA","Americas"
"Saint Martin (French part)",1973,6577,"MAF","Americas"
"Saint Pierre and Miquelon",1973,5884,"SPM","Americas"
"Saint Vincent and the Grenadines",1973,98656,"VCT","Americas"
"Samoa",1973,146477,"WSM","Oceania"
"San Marino",1973,18970,"SMR","Europe"
"Sao Tome and Principe",1973,82768,"STP","Africa"
"Saudi Arabia",1973,4106302,"SAU","Asia"
"Senegal",1973,4885126,"SEN","Africa"
"Serbia",1973,7473472,"SRB","Europe"
"Seychelles",1973,58271,"SYC","Africa"
"Sierra Leone",1973,2866912,"SLE","Africa"
"Singapore",1973,2200095,"SGP","Asia"
"Sint Maarten (Dutch part)",1973,7892,"SXM","Americas"
"Slovakia",1973,4643635,"SVK","Europe"
"Slovenia",1973,1784523,"SVN","Europe"
"Solomon Islands",1973,189746,"SLB","Oceania"
"Somalia",1973,4045532,"SOM","Africa"
"South Africa",1973,24294211,"ZAF","Africa"
"South Korea",1973,34625799,"KOR","Asia"
"South Sudan",1973,3627336,"SSD","Africa"
"Spain",1973,34926478,"ESP","Europe"
"Sri Lanka",1973,13060872,"LKA","Asia"
"Sudan",1973,13049276,"SDN","Africa"
"Suriname",1973,395739,"SUR","Americas"
"Sweden",1973,8137094,"SWE","Europe"
"Switzerland",1973,6307356,"CHE","Europe"
"Syria",1973,7060276,"SYR","Asia"
"Taiwan",1973,15772639,"TWN","Asia"
"Tajikistan",1973,3222244,"TJK","Asia"
"Tanzania",1973,15010051,"TZA","Africa"
"Thailand",1973,38947738,"THA","Asia"
"Togo",1973,2448717,"TGO","Africa"
"Tokelau",1973,1633,"TKL","Oceania"
"Tonga",1973,88765,"TON","Oceania"
"Trinidad and Tobago",1973,1027803,"TTO","Americas"
"Tunisia",1973,5537204,"TUN","Africa"
"Turkey",1973,39329490,"TUR","Asia"
"Turkmenistan",1973,2370871,"TKM","Asia"
"Turks and Caicos Islands",1973,6072,"TCA","Americas"
"Tuvalu",1973,5670,"TUV","Oceania"
"Uganda",1973,11144184,"UGA","Africa"
"Ukraine",1973,48277070,"UKR","Europe"
"United Arab Emirates",1973,436361,"ARE","Asia"
"United Kingdom",1973,56188738,"GBR","Europe"
"United States",1973,215006504,"USA","Americas"
"United States Virgin Islands",1973,75700,"UMI","Oceania"
"Uruguay",1973,2837091,"URY","Americas"
"Uzbekistan",1973,12830993,"UZB","Asia"
"Vanuatu",1973,94331,"VUT","Oceania"
"Venezuela",1973,12463492,"VEN","Americas"
"Vietnam",1973,44409804,"VNM","Asia"
"Wallis and Futuna",1973,9249,"WLF","Oceania"
"Western Sahara",1973,77628,"ESH","Africa"
"Yemen",1973,7672744,"YEM","Asia"
"Zambia",1973,4702649,"ZMB","Africa"
"Zimbabwe",1973,5720362,"ZWE","Africa"
"Afghanistan",1974,12469080,"AFG","Asia"
"Albania",1974,2399351,"ALB","Europe"
"Algeria",1974,15133462,"DZA","Africa"
"American Samoa",1974,28859,"ASM","Oceania"
"Andorra",1974,26101,"AND","Europe"
"Angola",1974,6613318,"AGO","Africa"
"Anguilla",1974,6466,"AIA","Americas"
"Antigua and Barbuda",1974,64031,"ATG","Americas"
"Argentina",1974,25461303,"ARG","Americas"
"Armenia",1974,2686400,"ARM","Asia"
"Aruba",1974,60101,"ABW","Americas"
"Australia",1974,13719451,"AUS","Oceania"
"Austria",1974,7597917,"AUT","Europe"
"Azerbaijan",1974,5572182,"AZE","Asia"
"Bahamas",1974,205315,"BHS","Americas"
"Bahrain",1974,269010,"BHR","Asia"
"Bangladesh",1974,75839301,"BGD","Asia"
"Barbados",1974,250737,"BRB","Americas"
"Belarus",1974,9265631,"BLR","Europe"
"Belgium",1974,9735769,"BEL","Europe"
"Belize",1974,128152,"BLZ","Americas"
"Benin",1974,3362585,"BEN","Africa"
"Bermuda",1974,53049,"BMU","Americas"
"Bhutan",1974,353506,"BTN","Asia"
"Bolivia",1974,5022429,"BOL","Americas"
"Bonaire Sint Eustatius and Saba",1974,10669,"BES","Americas"
"Bosnia and Herzegovina",1974,3926419,"BIH","Europe"
"Botswana",1974,685406,"BWA","Africa"
"Brazil",1974,105089625,"BRA","Americas"
"British Virgin Islands",1974,10477,"IOT","Africa"
"Brunei",1974,152612,"BRN","Asia"
"Bulgaria",1974,8682710,"BGR","Europe"
"Burkina Faso",1974,6024853,"BFA","Africa"
"Burundi",1974,3703557,"BDI","Africa"
"Cambodia",1974,6783202,"KHM","Asia"
"Cameroon",1974,7193543,"CMR","Africa"
"Canada",1974,22824046,"CAN","Americas"
"Cape Verde",1974,302519,"CPV","Africa"
"Cayman Islands",1974,13089,"CYM","Americas"
"Central African Republic",1974,2269300,"CAF","Africa"
"Chad",1974,4078317,"TCD","Africa"
"Chile",1974,10505769,"CHL","Americas"
"China",1974,900307531,"CHN","Asia"
"Colombia",1974,22833431,"COL","Americas"
"Comoros",1974,278041,"COM","Africa"
"Congo",1974,1582255,"COG","Africa"
"Cook Islands",1974,19540,"COK","Oceania"
"Costa Rica",1974,2039600,"CRI","Americas"
"Cote d'Ivoire",1974,6474017,"CIV","Africa"
"Croatia",1974,4533896,"HRV","Europe"
"Cuba",1974,9374143,"CUB","Americas"
"Cyprus",1974,663218,"CYP","Asia"
"Czechia",1974,9965913,"CZE","Europe"
"Democratic Republic of Congo",1974,22418830,"COD","Africa"
"Denmark",1974,5045585,"DNK","Europe"
"Djibouti",1974,192574,"DJI","Africa"
"Dominica",1974,71057,"DMA","Americas"
"Dominican Republic",1974,4914142,"DOM","Americas"
"East Timor",1974,590785,"TLS","Asia"
"Ecuador",1974,6918516,"ECU","Americas"
"Egypt",1974,37969617,"EGY","Africa"
"El Salvador",1974,4029626,"SLV","Americas"
"Equatorial Guinea",1974,294911,"GNQ","Africa"
"Eritrea",1974,1375643,"ERI","Africa"
"Estonia",1974,1411500,"EST","Europe"
"Eswatini",1974,492953,"SWZ","Africa"
"Ethiopia",1974,30957228,"ETH","Africa"
"Falkland Islands",1974,2273,"FLK","Americas"
"Faroe Islands",1974,40082,"FRO","Europe"
"Fiji",1974,567457,"FJI","Oceania"
"Finland",1974,4690313,"FIN","Europe"
"France",1974,52504692,"FRA","Europe"
"French Guiana",1974,52383,"GUF","Americas"
"French Polynesia",1974,129929,"PYF","Oceania"
"Gabon",1974,647656,"GAB","Africa"
"Gambia",1974,589044,"GMB","Africa"
"Georgia",1974,4944588,"GEO","Asia"
"Germany",1974,78996648,"DEU","Europe"
"Ghana",1974,10000482,"GHA","Africa"
"Gibraltar",1974,27728,"GIB","Europe"
"Greece",1974,8929062,"GRC","Europe"
"Greenland",1974,48600,"GRL","Americas"
"Grenada",1974,98453,"GRD","Americas"
"Guadeloupe",1974,320527,"GLP","Americas"
"Guam",1974,96907,"GUM","Oceania"
"Guatemala",1974,5981149,"GTM","Americas"
"Guernsey",1974,54310,"GGY","Europe"
"Guinea",1974,4580474,"GIN","Africa"
"Guinea-Bissau",1974,613295,"GNB","Africa"
"Guyana",1974,738013,"GUY","Americas"
"Haiti",1974,5001762,"HTI","Americas"
"Honduras",1974,3099800,"HND","Americas"
"Hong Kong",1974,4330680,"HKG","Asia"
"Hungary",1974,10453865,"HUN","Europe"
"Iceland",1974,215232,"ISL","Europe"
"India",1974,597041345,"IND","Asia"
"Indonesia",1974,128554995,"IDN","Asia"
"Iran",1974,32796408,"IRN","Asia"
"Iraq",1974,11167722,"IRQ","Asia"
"Ireland",1974,3132129,"IRL","Europe"
"Isle of Man",1974,59121,"IMN","Europe"
"Israel",1974,3239946,"ISR","Asia"
"Italy",1974,54821066,"ITA","Europe"
"Jamaica",1974,1990845,"JAM","Americas"
"Japan",1974,112009632,"JPN","Asia"
"Jersey",1974,73547,"JEY","Europe"
"Jordan",1974,1839142,"JOR","Asia"
"Kazakhstan",1974,13454520,"KAZ","Asia"
"Kenya",1974,13070026,"KEN","Africa"
"Kiribati",1974,61192,"KIR","Oceania"
"Kosovo",1974,1363075,"XKX","Europe"
"Kuwait",1974,1038304,"KWT","Asia"
"Kyrgyzstan",1974,3313980,"KGZ","Asia"
"Laos",1974,2939711,"LAO","Asia"
"Latvia",1974,2436949,"LVA","Europe"
"Lebanon",1974,2635143,"LBN","Asia"
"Lesotho",1974,1172365,"LSO","Africa"
"Liberia",1974,1626319,"LBR","Africa"
"Libya",1974,2432170,"LBY","Africa"
"Liechtenstein",1974,22786,"LIE","Europe"
"Lithuania",1974,3266314,"LTU","Europe"
"Luxembourg",1974,351382,"LUX","Europe"
"Macao",1974,221348,"MAC","Asia"
"Madagascar",1974,7509686,"MDG","Africa"
"Malawi",1974,5141297,"MWI","Africa"
"Malaysia",1974,11200855,"MYS","Asia"
"Maldives",1974,138946,"MDV","Asia"
"Mali",1974,6715397,"MLI","Africa"
"Malta",1974,331635,"MLT","Europe"
"Marshall Islands",1974,25267,"MHL","Oceania"
"Martinique",1974,326331,"MTQ","Americas"
"Mauritania",1974,1240141,"MRT","Africa"
"Mauritius",1974,876421,"MUS","Africa"
"Mayotte",1974,39627,"MYT","Africa"
"Mexico",1974,57320096,"MEX","Americas"
"Micronesia (country)",1974,65725,"FSM","Oceania"
"Moldova",1974,3793807,"MDA","Europe"
"Monaco",1974,25214,"MCO","Europe"
"Mongolia",1974,1446010,"MNG","Asia"
"Montenegro",1974,551695,"MNE","Europe"
"Montserrat",1974,11361,"MSR","Americas"
"Morocco",1974,16733797,"MAR","Africa"
"Mozambique",1974,9236042,"MOZ","Africa"
"Myanmar",1974,29598112,"MMR","Asia"
"Namibia",1974,854277,"NAM","Africa"
"Nauru",1974,6907,"NRU","Oceania"
"Nepal",1974,13568384,"NPL","Asia"
"Netherlands",1974,13559619,"NLD","Europe"
"New Caledonia",1974,131412,"NCL","Oceania"
"New Zealand",1974,3041185,"NZL","Oceania"
"Nicaragua",1974,2732032,"NIC","Americas"
"Niger",1974,5174905,"NER","Africa"
"Nigeria",1974,61679098,"NGA","Africa"
"Niue",1974,4456,"NIU","Oceania"
"North Korea",1974,16673065,"PRK","Asia"
"North Macedonia",1974,1770503,"MKD","Europe"
"Northern Mariana Islands",1974,14635,"MNP","Oceania"
"Norway",1974,3985228,"NOR","Europe"
"Oman",1974,746950,"OMN","Asia"
"Pakistan",1974,67415448,"PAK","Asia"
"Palau",1974,12667,"PLW","Oceania"
"Palestine",1974,1241082,"PSX","Asia"
"Panama",1974,1687890,"PAN","Americas"
"Papua New Guinea",1974,2752625,"PNG","Oceania"
"Paraguay",1974,2625573,"PRY","Americas"
"Peru",1974,14956498,"PER","Americas"
"Philippines",1974,41174287,"PHL","Asia"
"Poland",1974,33642419,"POL","Europe"
"Portugal",1974,9059119,"PRT","Europe"
"Puerto Rico",1974,2918139,"PRI","Americas"
"Qatar",1974,177334,"QAT","Asia"
"Reunion",1974,502784,"REU","Africa"
"Romania",1974,21033512,"ROU","Europe"
"Russia",1974,133259095,"RUS","Europe"
"Rwanda",1974,4474181,"RWA","Africa"
"Saint Barthelemy",1974,2484,"BLM","Americas"
"Saint Helena",1974,6048,"SHN","Africa"
"Saint Kitts and Nevis",1974,43707,"KNA","Americas"
"Saint Lucia",1974,109054,"LCA","Americas"
"Saint Martin (French part)",1974,6779,"MAF","Americas"
"Saint Pierre and Miquelon",1974,5955,"SPM","Americas"
"Saint Vincent and the Grenadines",1974,99527,"VCT","Americas"
"Samoa",1974,149392,"WSM","Oceania"
"San Marino",1974,19012,"SMR","Europe"
"Sao Tome and Principe",1974,84639,"STP","Africa"
"Saudi Arabia",1974,4323580,"SAU","Asia"
"Senegal",1974,5029399,"SEN","Africa"
"Serbia",1974,7522434,"SRB","Europe"
"Seychelles",1974,59717,"SYC","Africa"
"Sierra Leone",1974,2920413,"SLE","Africa"
"Singapore",1974,2235025,"SGP","Asia"
"Sint Maarten (Dutch part)",1974,8469,"SXM","Americas"
"Slovakia",1974,4690601,"SVK","Europe"
"Slovenia",1974,1800978,"SVN","Europe"
"Solomon Islands",1974,195012,"SLB","Oceania"
"Somalia",1974,4151808,"SOM","Africa"
"South Africa",1974,24989057,"ZAF","Africa"
"South Korea",1974,35287790,"KOR","Asia"
"South Sudan",1974,3723216,"SSD","Africa"
"Spain",1974,35361715,"ESP","Europe"
"Sri Lanka",1974,13305656,"LKA","Asia"
"Sudan",1974,13580671,"SDN","Africa"
"Suriname",1974,393647,"SUR","Americas"
"Sweden",1974,8160592,"SWE","Europe"
"Switzerland",1974,6341330,"CHE","Europe"
"Syria",1974,7302113,"SYR","Asia"
"Taiwan",1974,16082269,"TWN","Asia"
"Tajikistan",1974,3324458,"TJK","Asia"
"Tanzania",1974,15561576,"TZA","Africa"
"Thailand",1974,39952848,"THA","Asia"
"Togo",1974,2511715,"TGO","Africa"
"Tokelau",1974,1630,"TKL","Oceania"
"Tonga",1974,90654,"TON","Oceania"
"Trinidad and Tobago",1974,1040719,"TTO","Americas"
"Tunisia",1974,5684633,"TUN","Africa"
"Turkey",1974,40210180,"TUR","Asia"
"Turkmenistan",1974,2431984,"TKM","Asia"
"Turks and Caicos Islands",1974,6256,"TCA","Americas"
"Tuvalu",1974,5806,"TUV","Oceania"
"Uganda",1974,11424788,"UGA","Africa"
"Ukraine",1974,48576523,"UKR","Europe"
"United Arab Emirates",1974,489057,"ARE","Asia"
"United Kingdom",1974,56224492,"GBR","Europe"
"United States",1974,217076422,"USA","Americas"
"United States Virgin Islands",1974,79280,"UMI","Oceania"
"Uruguay",1974,2853893,"URY","Americas"
"Uzbekistan",1974,13208970,"UZB","Asia"
"Vanuatu",1974,97219,"VUT","Oceania"
"Venezuela",1974,12835307,"VEN","Americas"
"Vietnam",1974,45413487,"VNM","Asia"
"Wallis and Futuna",1974,9347,"WLF","Oceania"
"Western Sahara",1974,76441,"ESH","Africa"
"Yemen",1974,7896748,"YEM","Asia"
"Zambia",1974,4842698,"ZMB","Africa"
"Zimbabwe",1974,5908276,"ZWE","Africa"
"Afghanistan",1975,12773909,"AFG","Asia"
"Albania",1975,2454821,"ALB","Europe"
"Algeria",1975,15678549,"DZA","Africa"
"American Samoa",1975,29365,"ASM","Oceania"
"Andorra",1975,27754,"AND","Europe"
"Angola",1975,6842895,"AGO","Africa"
"Anguilla",1975,6480,"AIA","Americas"
"Antigua and Barbuda",1975,63817,"ATG","Americas"
"Argentina",1975,25874061,"ARG","Americas"
"Armenia",1975,2743615,"ARM","Asia"
"Aruba",1975,60788,"ABW","Americas"
"Australia",1975,13893941,"AUS","Oceania"
"Austria",1975,7577786,"AUT","Europe"
"Azerbaijan",1975,5669217,"AZE","Asia"
"Bahamas",1975,209849,"BHS","Americas"
"Bahrain",1975,283199,"BHR","Asia"
"Bangladesh",1975,77854303,"BGD","Asia"
"Barbados",1975,251137,"BRB","Americas"
"Belarus",1975,9324245,"BLR","Europe"
"Belgium",1975,9748424,"BEL","Europe"
"Belize",1975,130363,"BLZ","Americas"
"Benin",1975,3445361,"BEN","Africa"
"Bermuda",1975,53098,"BMU","Americas"
"Bhutan",1975,365753,"BTN","Asia"
"Bolivia",1975,5137477,"BOL","Americas"
"Bonaire Sint Eustatius and Saba",1975,10830,"BES","Americas"
"Bosnia and Herzegovina",1975,3965688,"BIH","Europe"
"Botswana",1975,720341,"BWA","Africa"
"Brazil",1975,107619517,"BRA","Americas"
"British Virgin Islands",1975,10589,"IOT","Africa"
"Brunei",1975,158038,"BRN","Asia"
"Bulgaria",1975,8723102,"BGR","Europe"
"Burkina Faso",1975,6147532,"BFA","Africa"
"Burundi",1975,3796571,"BDI","Africa"
"Cambodia",1975,6581335,"KHM","Asia"
"Cameroon",1975,7397077,"CMR","Africa"
"Canada",1975,23148920,"CAN","Americas"
"Cape Verde",1975,305810,"CPV","Africa"
"Cayman Islands",1975,13775,"CYM","Americas"
"Central African Republic",1975,2313873,"CAF","Africa"
"Chad",1975,4167183,"TCD","Africa"
"Chile",1975,10671519,"CHL","Americas"
"China",1975,916116747,"CHN","Asia"
"Colombia",1975,23344600,"COL","Americas"
"Comoros",1975,287662,"COM","Africa"
"Congo",1975,1626971,"COG","Africa"
"Cook Islands",1975,18879,"COK","Oceania"
"Costa Rica",1975,2092657,"CRI","Americas"
"Cote d'Ivoire",1975,6776259,"CIV","Africa"
"Croatia",1975,4552673,"HRV","Europe"
"Cuba",1975,9479671,"CUB","Americas"
"Cyprus",1975,659362,"CYP","Asia"
"Czechia",1975,10030738,"CZE","Europe"
"Democratic Republic of Congo",1975,23021053,"COD","Africa"
"Denmark",1975,5060346,"DNK","Europe"
"Djibouti",1975,209874,"DJI","Africa"
"Dominica",1975,71541,"DMA","Americas"
"Dominican Republic",1975,5046742,"DOM","Americas"
"East Timor",1975,598119,"TLS","Asia"
"Ecuador",1975,7118207,"ECU","Americas"
"Egypt",1975,38875276,"EGY","Africa"
"El Salvador",1975,4120401,"SLV","Americas"
"Equatorial Guinea",1975,287873,"GNQ","Africa"
"Eritrea",1975,1408181,"ERI","Africa"
"Estonia",1975,1423454,"EST","Europe"
"Eswatini",1975,507625,"SWZ","Africa"
"Ethiopia",1975,31723213,"ETH","Africa"
"Falkland Islands",1975,2278,"FLK","Americas"
"Faroe Islands",1975,40543,"FRO","Europe"
"Fiji",1975,575866,"FJI","Oceania"
"Finland",1975,4711120,"FIN","Europe"
"France",1975,52746279,"FRA","Europe"
"French Guiana",1975,54436,"GUF","Americas"
"French Polynesia",1975,134011,"PYF","Oceania"
"Gabon",1975,662159,"GAB","Africa"
"Gambia",1975,606776,"GMB","Africa"
"Georgia",1975,4979352,"GEO","Asia"
"Germany",1975,78701809,"DEU","Europe"
"Ghana",1975,10294266,"GHA","Africa"
"Gibraltar",1975,27928,"GIB","Europe"
"Greece",1975,9016926,"GRC","Europe"
"Greenland",1975,49148,"GRL","Americas"
"Grenada",1975,98104,"GRD","Americas"
"Guadeloupe",1975,322412,"GLP","Americas"
"Guam",1975,99020,"GUM","Oceania"
"Guatemala",1975,6128684,"GTM","Americas"
"Guernsey",1975,54251,"GGY","Europe"
"Guinea",1975,4653837,"GIN","Africa"
"Guinea-Bissau",1975,650919,"GNB","Africa"
"Guyana",1975,745361,"GUY","Americas"
"Haiti",1975,5099040,"HTI","Americas"
"Honduras",1975,3193183,"HND","Americas"
"Hong Kong",1975,4438328,"HKG","Asia"
"Hungary",1975,10515605,"HUN","Europe"
"Iceland",1975,217982,"ISL","Europe"
"India",1975,611309484,"IND","Asia"
"Indonesia",1975,131843799,"IDN","Asia"
"Iran",1975,33802933,"IRN","Asia"
"Iraq",1975,11543583,"IRQ","Asia"
"Ireland",1975,3180067,"IRL","Europe"
"Isle of Man",1975,59937,"IMN","Europe"
"Israel",1975,3318048,"ISR","Asia"
"Italy",1975,55166000,"ITA","Europe"
"Jamaica",1975,2018930,"JAM","Americas"
"Japan",1975,113321151,"JPN","Asia"
"Jersey",1975,74484,"JEY","Europe"
"Jordan",1975,1899015,"JOR","Asia"
"Kazakhstan",1975,13700800,"KAZ","Asia"
"Kenya",1975,13511628,"KEN","Africa"
"Kiribati",1975,60965,"KIR","Oceania"
"Kosovo",1975,1397644,"XKX","Europe"
"Kuwait",1975,1104826,"KWT","Asia"
"Kyrgyzstan",1975,3381319,"KGZ","Asia"
"Laos",1975,3005482,"LAO","Asia"
"Latvia",1975,2455734,"LVA","Europe"
"Lebanon",1975,2693143,"LBN","Asia"
"Lesotho",1975,1213603,"LSO","Africa"
"Liberia",1975,1670873,"LBR","Africa"
"Libya",1975,2571507,"LBY","Africa"
"Liechtenstein",1975,23180,"LIE","Europe"
"Lithuania",1975,3295686,"LTU","Europe"
"Luxembourg",1975,353632,"LUX","Europe"
"Macao",1975,223902,"MAC","Asia"
"Madagascar",1975,7739283,"MDG","Africa"
"Malawi",1975,5287321,"MWI","Africa"
"Malaysia",1975,11471862,"MYS","Asia"
"Maldives",1975,143126,"MDV","Asia"
"Mali",1975,6837220,"MLI","Africa"
"Malta",1975,333409,"MLT","Europe"
"Marshall Islands",1975,26130,"MHL","Oceania"
"Martinique",1975,327290,"MTQ","Americas"
"Mauritania",1975,1277295,"MRT","Africa"
"Mauritius",1975,887972,"MUS","Africa"
"Mayotte",1975,40938,"MYT","Africa"
"Mexico",1975,58982349,"MEX","Americas"
"Micronesia (country)",1975,67401,"FSM","Oceania"
"Moldova",1975,3836892,"MDA","Europe"
"Monaco",1975,25475,"MCO","Europe"
"Mongolia",1975,1488247,"MNG","Asia"
"Montenegro",1975,557116,"MNE","Europe"
"Montserrat",1975,11384,"MSR","Americas"
"Morocco",1975,17150745,"MAR","Africa"
"Mozambique",1975,9540782,"MOZ","Africa"
"Myanmar",1975,30176522,"MMR","Asia"
"Namibia",1975,880986,"NAM","Africa"
"Nauru",1975,6973,"NRU","Oceania"
"Nepal",1975,13870641,"NPL","Asia"
"Netherlands",1975,13679986,"NLD","Europe"
"New Caledonia",1975,137436,"NCL","Oceania"
"New Zealand",1975,3093997,"NZL","Oceania"
"Nicaragua",1975,2816901,"NIC","Americas"
"Niger",1975,5316992,"NER","Africa"
"Nigeria",1975,63410772,"NGA","Africa"
"Niue",1975,4221,"NIU","Oceania"
"North Korea",1975,16971003,"PRK","Asia"
"North Macedonia",1975,1797917,"MKD","Europe"
"Northern Mariana Islands",1975,15039,"MNP","Oceania"
"Norway",1975,4007318,"NOR","Europe"
"Oman",1975,778819,"OMN","Asia"
"Pakistan",1975,69461140,"PAK","Asia"
"Palau",1975,12628,"PLW","Oceania"
"Palestine",1975,1279269,"PSX","Asia"
"Panama",1975,1732355,"PAN","Americas"
"Papua New Guinea",1975,2814781,"PNG","Oceania"
"Paraguay",1975,2691599,"PRY","Americas"
"Peru",1975,15333903,"PER","Americas"
"Philippines",1975,42120775,"PHL","Asia"
"Poland",1975,33964338,"POL","Europe"
"Portugal",1975,9182259,"PRT","Europe"
"Puerto Rico",1975,2966060,"PRI","Americas"
"Qatar",1975,193056,"QAT","Asia"
"Reunion",1975,511264,"REU","Africa"
"Romania",1975,21268014,"ROU","Europe"
"Russia",1975,134136049,"RUS","Europe"
"Rwanda",1975,4607677,"RWA","Africa"
"Saint Barthelemy",1975,2539,"BLM","Americas"
"Saint Helena",1975,6114,"SHN","Africa"
"Saint Kitts and Nevis",1975,43585,"KNA","Americas"
"Saint Lucia",1975,110698,"LCA","Americas"
"Saint Martin (French part)",1975,7024,"MAF","Americas"
"Saint Pierre and Miquelon",1975,6013,"SPM","Americas"
"Saint Vincent and the Grenadines",1975,100358,"VCT","Americas"
"Samoa",1975,153303,"WSM","Oceania"
"San Marino",1975,19030,"SMR","Europe"
"Sao Tome and Principe",1975,86680,"STP","Africa"
"Saudi Arabia",1975,4556246,"SAU","Asia"
"Senegal",1975,5170759,"SEN","Africa"
"Serbia",1975,7572385,"SRB","Europe"
"Seychelles",1975,61190,"SYC","Africa"
"Sierra Leone",1975,2974611,"SLE","Africa"
"Singapore",1975,2268489,"SGP","Asia"
"Sint Maarten (Dutch part)",1975,9072,"SXM","Americas"
"Slovakia",1975,4739131,"SVK","Europe"
"Slovenia",1975,1817540,"SVN","Europe"
"Solomon Islands",1975,200716,"SLB","Oceania"
"Somalia",1975,4257489,"SOM","Africa"
"South Africa",1975,25690898,"ZAF","Africa"
"South Korea",1975,35875694,"KOR","Asia"
"South Sudan",1975,3821448,"SSD","Africa"
"Spain",1975,35795725,"ESP","Europe"
"Sri Lanka",1975,13548943,"LKA","Asia"
"Sudan",1975,14064747,"SDN","Africa"
"Suriname",1975,391125,"SUR","Americas"
"Sweden",1975,8192612,"SWE","Europe"
"Switzerland",1975,6338544,"CHE","Europe"
"Syria",1975,7554321,"SYR","Asia"
"Taiwan",1975,16365221,"TWN","Asia"
"Tajikistan",1975,3430367,"TJK","Asia"
"Tanzania",1975,16138309,"TZA","Africa"
"Thailand",1975,40939945,"THA","Asia"
"Togo",1975,2574588,"TGO","Africa"
"Tokelau",1975,1629,"TKL","Oceania"
"Tonga",1975,92987,"TON","Oceania"
"Trinidad and Tobago",1975,1053421,"TTO","Americas"
"Tunisia",1975,5839207,"TUN","Africa"
"Turkey",1975,41053082,"TUR","Asia"
"Turkmenistan",1975,2494530,"TKM","Asia"
"Turks and Caicos Islands",1975,6443,"TCA","Americas"
"Tuvalu",1975,6094,"TUV","Oceania"
"Uganda",1975,11725196,"UGA","Africa"
"Ukraine",1975,48865176,"UKR","Europe"
"United Arab Emirates",1975,542824,"ARE","Asia"
"United Kingdom",1975,56220085,"GBR","Europe"
"United States",1975,219129243,"USA","Americas"
"United States Virgin Islands",1975,82573,"UMI","Oceania"
"Uruguay",1975,2872280,"URY","Americas"
"Uzbekistan",1975,13598462,"UZB","Asia"
"Vanuatu",1975,100252,"VUT","Oceania"
"Venezuela",1975,13215836,"VEN","Americas"
"Vietnam",1975,46482853,"VNM","Asia"
"Wallis and Futuna",1975,9310,"WLF","Oceania"
"Western Sahara",1975,66867,"ESH","Africa"
"Yemen",1975,8133557,"YEM","Asia"
"Zambia",1975,4990037,"ZMB","Africa"
"Zimbabwe",1975,6098605,"ZWE","Africa"
"Afghanistan",1976,13059812,"AFG","Asia"
"Albania",1976,2510543,"ALB","Europe"
"Algeria",1976,16409124,"DZA","Africa"
"American Samoa",1976,29935,"ASM","Oceania"
"Andorra",1976,29417,"AND","Europe"
"Angola",1976,7074616,"AGO","Africa"
"Anguilla",1976,6500,"AIA","Americas"
"Antigua and Barbuda",1976,63734,"ATG","Americas"
"Argentina",1976,26282236,"ARG","Americas"
"Armenia",1976,2818122,"ARM","Asia"
"Aruba",1976,61244,"ABW","Americas"
"Australia",1976,14046705,"AUS","Oceania"
"Austria",1976,7564406,"AUT","Europe"
"Azerbaijan",1976,5790988,"AZE","Asia"
"Bahamas",1976,214464,"BHS","Americas"
"Bahrain",1976,297830,"BHR","Asia"
"Bangladesh",1976,79855273,"BGD","Asia"
"Barbados",1976,251416,"BRB","Americas"
"Belarus",1976,9380047,"BLR","Europe"
"Belgium",1976,9758851,"BEL","Europe"
"Belize",1976,133070,"BLZ","Americas"
"Benin",1976,3532157,"BEN","Africa"
"Bermuda",1976,53192,"BMU","Americas"
"Bhutan",1976,378455,"BTN","Asia"
"Bolivia",1976,5256448,"BOL","Americas"
"Bonaire Sint Eustatius and Saba",1976,11009,"BES","Americas"
"Bosnia and Herzegovina",1976,4004511,"BIH","Europe"
"Botswana",1976,758463,"BWA","Africa"
"Brazil",1976,110213306,"BRA","Americas"
"British Virgin Islands",1976,10693,"IOT","Africa"
"Brunei",1976,163571,"BRN","Asia"
"Bulgaria",1976,8759381,"BGR","Europe"
"Burkina Faso",1976,6280595,"BFA","Africa"
"Burundi",1976,3882574,"BDI","Africa"
"Cambodia",1976,6134946,"KHM","Asia"
"Cameroon",1976,7597909,"CMR","Africa"
"Canada",1976,23455739,"CAN","Americas"
"Cape Verde",1976,309415,"CPV","Africa"
"Cayman Islands",1976,14435,"CYM","Americas"
"Central African Republic",1976,2348523,"CAF","Africa"
"Chad",1976,4251245,"TCD","Africa"
"Chile",1976,10838208,"CHL","Americas"
"China",1976,930372242,"CHN","Asia"
"Colombia",1976,23858762,"COL","Americas"
"Comoros",1976,297505,"COM","Africa"
"Congo",1976,1667189,"COG","Africa"
"Cook Islands",1976,18231,"COK","Oceania"
"Costa Rica",1976,2147719,"CRI","Americas"
"Cote d'Ivoire",1976,7057915,"CIV","Africa"
"Croatia",1976,4571699,"HRV","Europe"
"Cuba",1976,9571190,"CUB","Americas"
"Cyprus",1976,661995,"CYP","Asia"
"Czechia",1976,10092896,"CZE","Europe"
"Democratic Republic of Congo",1976,23623987,"COD","Africa"
"Denmark",1976,5072754,"DNK","Europe"
"Djibouti",1976,230701,"DJI","Africa"
"Dominica",1976,71992,"DMA","Americas"
"Dominican Republic",1976,5180346,"DOM","Americas"
"East Timor",1976,607589,"TLS","Asia"
"Ecuador",1976,7320858,"ECU","Americas"
"Egypt",1976,39795505,"EGY","Africa"
"El Salvador",1976,4210260,"SLV","Americas"
"Equatorial Guinea",1976,280996,"GNQ","Africa"
"Eritrea",1976,1443759,"ERI","Africa"
"Estonia",1976,1434807,"EST","Europe"
"Eswatini",1976,523290,"SWZ","Africa"
"Ethiopia",1976,32534378,"ETH","Africa"
"Falkland Islands",1976,2281,"FLK","Americas"
"Faroe Islands",1976,41005,"FRO","Europe"
"Fiji",1976,585493,"FJI","Oceania"
"Finland",1976,4725293,"FIN","Europe"
"France",1976,52959069,"FRA","Europe"
"French Guiana",1976,56695,"GUF","Americas"
"French Polynesia",1976,138086,"PYF","Oceania"
"Gabon",1976,677589,"GAB","Africa"
"Gambia",1976,625627,"GMB","Africa"
"Georgia",1976,5015869,"GEO","Asia"
"Germany",1976,78364452,"DEU","Europe"
"Ghana",1976,10594872,"GHA","Africa"
"Gibraltar",1976,28111,"GIB","Europe"
"Greece",1976,9160164,"GRC","Europe"
"Greenland",1976,49572,"GRL","Americas"
"Grenada",1976,97606,"GRD","Americas"
"Guadeloupe",1976,325257,"GLP","Americas"
"Guam",1976,101136,"GUM","Oceania"
"Guatemala",1976,6262364,"GTM","Americas"
"Guernsey",1976,54169,"GGY","Europe"
"Guinea",1976,4726992,"GIN","Africa"
"Guinea-Bissau",1976,694136,"GNB","Africa"
"Guyana",1976,752209,"GUY","Americas"
"Haiti",1976,5198315,"HTI","Americas"
"Honduras",1976,3294409,"HND","Americas"
"Hong Kong",1976,4545080,"HKG","Asia"
"Hungary",1976,10573731,"HUN","Europe"
"Iceland",1976,220148,"ISL","Europe"
"India",1976,625861838,"IND","Asia"
"Indonesia",1976,135173615,"IDN","Asia"
"Iran",1976,34837244,"IRN","Asia"
"Iraq",1976,11927599,"IRQ","Asia"
"Ireland",1976,3228357,"IRL","Europe"
"Isle of Man",1976,60733,"IMN","Europe"
"Israel",1976,3398215,"ISR","Asia"
"Italy",1976,55459368,"ITA","Europe"
"Jamaica",1976,2045537,"JAM","Americas"
"Japan",1976,114502752,"JPN","Asia"
"Jersey",1976,75172,"JEY","Europe"
"Jordan",1976,1958131,"JOR","Asia"
"Kazakhstan",1976,13998687,"KAZ","Asia"
"Kenya",1976,13957564,"KEN","Africa"
"Kiribati",1976,60644,"KIR","Oceania"
"Kosovo",1976,1434833,"XKX","Europe"
"Kuwait",1976,1178667,"KWT","Asia"
"Kyrgyzstan",1976,3446955,"KGZ","Asia"
"Laos",1976,3064824,"LAO","Asia"
"Latvia",1976,2470490,"LVA","Europe"
"Lebanon",1976,2726428,"LBN","Asia"
"Lesotho",1976,1253163,"LSO","Africa"
"Liberia",1976,1717031,"LBR","Africa"
"Libya",1976,2721196,"LBY","Africa"
"Liechtenstein",1976,23577,"LIE","Europe"
"Lithuania",1976,3324518,"LTU","Europe"
"Luxembourg",1976,355830,"LUX","Europe"
"Macao",1976,227340,"MAC","Asia"
"Madagascar",1976,7976782,"MDG","Africa"
"Malawi",1976,5443334,"MWI","Africa"
"Malaysia",1976,11750044,"MYS","Asia"
"Maldives",1976,147490,"MDV","Asia"
"Mali",1976,6960942,"MLI","Africa"
"Malta",1976,335238,"MLT","Europe"
"Marshall Islands",1976,26994,"MHL","Oceania"
"Martinique",1976,328933,"MTQ","Americas"
"Mauritania",1976,1315297,"MRT","Africa"
"Mauritius",1976,899804,"MUS","Africa"
"Mayotte",1976,42315,"MYT","Africa"
"Mexico",1976,60645471,"MEX","Americas"
"Micronesia (country)",1976,69022,"FSM","Oceania"
"Moldova",1976,3880981,"MDA","Europe"
"Monaco",1976,25860,"MCO","Europe"
"Mongolia",1976,1531898,"MNG","Asia"
"Montenegro",1976,562598,"MNE","Europe"
"Montserrat",1976,11402,"MSR","Americas"
"Morocco",1976,17574137,"MAR","Africa"
"Mozambique",1976,9867165,"MOZ","Africa"
"Myanmar",1976,30758761,"MMR","Asia"
"Namibia",1976,906519,"NAM","Africa"
"Nauru",1976,7046,"NRU","Oceania"
"Nepal",1976,14177602,"NPL","Asia"
"Netherlands",1976,13786588,"NLD","Europe"
"New Caledonia",1976,142063,"NCL","Oceania"
"New Zealand",1976,3126595,"NZL","Oceania"
"Nicaragua",1976,2903800,"NIC","Americas"
"Niger",1976,5464915,"NER","Africa"
"Nigeria",1976,65257954,"NGA","Africa"
"Niue",1976,3974,"NIU","Oceania"
"North Korea",1976,17243408,"PRK","Asia"
"North Macedonia",1976,1825785,"MKD","Europe"
"Northern Mariana Islands",1976,15415,"MNP","Oceania"
"Norway",1976,4026167,"NOR","Europe"
"Oman",1976,814653,"OMN","Asia"
"Pakistan",1976,71620200,"PAK","Asia"
"Palau",1976,12575,"PLW","Oceania"
"Palestine",1976,1316345,"PSX","Asia"
"Panama",1976,1776898,"PAN","Americas"
"Papua New Guinea",1976,2877293,"PNG","Oceania"
"Paraguay",1976,2758791,"PRY","Americas"
"Peru",1976,15716755,"PER","Americas"
"Philippines",1976,43201439,"PHL","Asia"
"Poland",1976,34296560,"POL","Europe"
"Portugal",1976,9310218,"PRT","Europe"
"Puerto Rico",1976,3014920,"PRI","Americas"
"Qatar",1976,209017,"QAT","Asia"
"Reunion",1976,519889,"REU","Africa"
"Romania",1976,21497631,"ROU","Europe"
"Russia",1976,135080647,"RUS","Europe"
"Rwanda",1976,4745909,"RWA","Africa"
"Saint Barthelemy",1976,2605,"BLM","Americas"
"Saint Helena",1976,6155,"SHN","Africa"
"Saint Kitts and Nevis",1976,43465,"KNA","Americas"
"Saint Lucia",1976,112398,"LCA","Americas"
"Saint Martin (French part)",1976,7282,"MAF","Americas"
"Saint Pierre and Miquelon",1976,6055,"SPM","Americas"
"Saint Vincent and the Grenadines",1976,101168,"VCT","Americas"
"Samoa",1976,157076,"WSM","Oceania"
"San Marino",1976,19086,"SMR","Europe"
"Sao Tome and Principe",1976,88890,"STP","Africa"
"Saudi Arabia",1976,4807882,"SAU","Asia"
"Senegal",1976,5308523,"SEN","Africa"
"Serbia",1976,7622654,"SRB","Europe"
"Seychelles",1976,62715,"SYC","Africa"
"Sierra Leone",1976,3028779,"SLE","Africa"
"Singapore",1976,2300704,"SGP","Asia"
"Sint Maarten (Dutch part)",1976,9702,"SXM","Americas"
"Slovakia",1976,4788468,"SVK","Europe"
"Slovenia",1976,1834309,"SVN","Europe"
"Solomon Islands",1976,207162,"SLB","Oceania"
"Somalia",1976,4365765,"SOM","Africa"
"South Africa",1976,26395398,"ZAF","Africa"
"South Korea",1976,36379878,"KOR","Asia"
"South Sudan",1976,3921863,"SSD","Africa"
"Spain",1976,36176229,"ESP","Europe"
"Sri Lanka",1976,13796735,"LKA","Asia"
"Sudan",1976,14569680,"SDN","Africa"
"Suriname",1976,388250,"SUR","Americas"
"Sweden",1976,8222333,"SWE","Europe"
"Switzerland",1976,6302508,"CHE","Europe"
"Syria",1976,7817258,"SYR","Asia"
"Taiwan",1976,16671445,"TWN","Asia"
"Tajikistan",1976,3540035,"TJK","Asia"
"Tanzania",1976,16736161,"TZA","Africa"
"Thailand",1976,41896460,"THA","Asia"
"Togo",1976,2637749,"TGO","Africa"
"Tokelau",1976,1624,"TKL","Oceania"
"Tonga",1976,95293,"TON","Oceania"
"Trinidad and Tobago",1976,1066261,"TTO","Americas"
"Tunisia",1976,5996939,"TUN","Africa"
"Turkey",1976,41899942,"TUR","Asia"
"Turkmenistan",1976,2558480,"TKM","Asia"
"Turks and Caicos Islands",1976,6633,"TCA","Americas"
"Tuvalu",1976,6387,"TUV","Oceania"
"Uganda",1976,12037254,"UGA","Africa"
"Ukraine",1976,49120794,"UKR","Europe"
"United Arab Emirates",1976,615823,"ARE","Asia"
"United Kingdom",1976,56201097,"GBR","Europe"
"United States",1976,221168704,"USA","Americas"
"United States Virgin Islands",1976,85682,"UMI","Oceania"
"Uruguay",1976,2891351,"URY","Americas"
"Uzbekistan",1976,13998570,"UZB","Asia"
"Vanuatu",1976,103360,"VUT","Oceania"
"Venezuela",1976,13606241,"VEN","Americas"
"Vietnam",1976,47684874,"VNM","Asia"
"Wallis and Futuna",1976,9387,"WLF","Oceania"
"Western Sahara",1976,64476,"ESH","Africa"
"Yemen",1976,8384064,"YEM","Asia"
"Zambia",1976,5143804,"ZMB","Africa"
"Zimbabwe",1976,6287053,"ZWE","Africa"
"Afghanistan",1977,13340713,"AFG","Asia"
"Albania",1977,2566552,"ALB","Europe"
"Algeria",1977,17015940,"DZA","Africa"
"American Samoa",1977,30498,"ASM","Oceania"
"Andorra",1977,31076,"AND","Europe"
"Angola",1977,7317788,"AGO","Africa"
"Anguilla",1977,6523,"AIA","Americas"
"Antigua and Barbuda",1977,63835,"ATG","Americas"
"Argentina",1977,26701762,"ARG","Americas"
"Armenia",1977,2912777,"ARM","Asia"
"Aruba",1977,61482,"ABW","Americas"
"Australia",1977,14203470,"AUS","Oceania"
"Austria",1977,7567278,"AUT","Europe"
"Azerbaijan",1977,5937590,"AZE","Asia"
"Bahamas",1977,219124,"BHS","Americas"
"Bahrain",1977,312774,"BHR","Asia"
"Bangladesh",1977,81867220,"BGD","Asia"
"Barbados",1977,251582,"BRB","Americas"
"Belarus",1977,9434898,"BLR","Europe"
"Belgium",1977,9773969,"BEL","Europe"
"Belize",1977,135866,"BLZ","Americas"
"Benin",1977,3623154,"BEN","Africa"
"Bermuda",1977,53292,"BMU","Americas"
"Bhutan",1977,391613,"BTN","Asia"
"Bolivia",1977,5379115,"BOL","Americas"
"Bonaire Sint Eustatius and Saba",1977,11202,"BES","Americas"
"Bosnia and Herzegovina",1977,4042087,"BIH","Europe"
"Botswana",1977,799545,"BWA","Africa"
"Brazil",1977,112875239,"BRA","Americas"
"British Virgin Islands",1977,10782,"IOT","Africa"
"Brunei",1977,169233,"BRN","Asia"
"Bulgaria",1977,8804647,"BGR","Europe"
"Burkina Faso",1977,6428699,"BFA","Africa"
"Burundi",1977,3983534,"BDI","Africa"
"Cambodia",1977,5668517,"KHM","Asia"
"Cameroon",1977,7796458,"CMR","Africa"
"Canada",1977,23730289,"CAN","Americas"
"Cape Verde",1977,312797,"CPV","Africa"
"Cayman Islands",1977,15076,"CYM","Americas"
"Central African Republic",1977,2372890,"CAF","Africa"
"Chad",1977,4331614,"TCD","Africa"
"Chile",1977,11005479,"CHL","Americas"
"China",1977,943546327,"CHN","Asia"
"Colombia",1977,24393453,"COL","Americas"
"Comoros",1977,307544,"COM","Africa"
"Congo",1977,1707526,"COG","Africa"
"Cook Islands",1977,17890,"COK","Oceania"
"Costa Rica",1977,2204998,"CRI","Americas"
"Cote d'Ivoire",1977,7321900,"CIV","Africa"
"Croatia",1977,4590587,"HRV","Europe"
"Cuba",1977,9648385,"CUB","Americas"
"Cyprus",1977,667046,"CYP","Asia"
"Czechia",1977,10149317,"CZE","Europe"
"Democratic Republic of Congo",1977,24229008,"COD","Africa"
"Denmark",1977,5088527,"DNK","Europe"
"Djibouti",1977,254583,"DJI","Africa"
"Dominica",1977,72383,"DMA","Americas"
"Dominican Republic",1977,5315397,"DOM","Americas"
"East Timor",1977,618273,"TLS","Asia"
"Ecuador",1977,7526774,"ECU","Americas"
"Egypt",1977,40748824,"EGY","Africa"
"El Salvador",1977,4301214,"SLV","Americas"
"Equatorial Guinea",1977,276744,"GNQ","Africa"
"Eritrea",1977,1482519,"ERI","Africa"
"Estonia",1977,1446523,"EST","Europe"
"Eswatini",1977,540305,"SWZ","Africa"
"Ethiopia",1977,33167229,"ETH","Africa"
"Falkland Islands",1977,2283,"FLK","Americas"
"Faroe Islands",1977,41441,"FRO","Europe"
"Fiji",1977,597761,"FJI","Oceania"
"Finland",1977,4738531,"FIN","Europe"
"France",1977,53197077,"FRA","Europe"
"French Guiana",1977,59011,"GUF","Americas"
"French Polynesia",1977,142269,"PYF","Oceania"
"Gabon",1977,693947,"GAB","Africa"
"Gambia",1977,645734,"GMB","Africa"
"Georgia",1977,5053507,"GEO","Asia"
"Germany",1977,78185514,"DEU","Europe"
"Ghana",1977,10911821,"GHA","Africa"
"Gibraltar",1977,28273,"GIB","Europe"
"Greece",1977,9281982,"GRC","Europe"
"Greenland",1977,49732,"GRL","Americas"
"Grenada",1977,96986,"GRD","Americas"
"Guadeloupe",1977,327667,"GLP","Americas"
"Guam",1977,103267,"GUM","Oceania"
"Guatemala",1977,6401463,"GTM","Americas"
"Guernsey",1977,54117,"GGY","Europe"
"Guinea",1977,4801078,"GIN","Africa"
"Guinea-Bissau",1977,741752,"GNB","Africa"
"Guyana",1977,758604,"GUY","Americas"
"Haiti",1977,5299429,"HTI","Americas"
"Honduras",1977,3398604,"HND","Americas"
"Hong Kong",1977,4650442,"HKG","Asia"
"Hungary",1977,10623097,"HUN","Europe"
"Iceland",1977,221800,"ISL","Europe"
"India",1977,640801057,"IND","Asia"
"Indonesia",1977,138533490,"IDN","Asia"
"Iran",1977,35933132,"IRN","Asia"
"Iraq",1977,12331009,"IRQ","Asia"
"Ireland",1977,3277709,"IRL","Europe"
"Isle of Man",1977,61545,"IMN","Europe"
"Israel",1977,3479564,"ISR","Asia"
"Italy",1977,55714492,"ITA","Europe"
"Jamaica",1977,2070606,"JAM","Americas"
"Japan",1977,115574226,"JPN","Asia"
"Jersey",1977,75561,"JEY","Europe"
"Jordan",1977,2018959,"JOR","Asia"
"Kazakhstan",1977,14353217,"KAZ","Asia"
"Kenya",1977,14428770,"KEN","Africa"
"Kiribati",1977,60248,"KIR","Oceania"
"Kosovo",1977,1474423,"XKX","Europe"
"Kuwait",1977,1257984,"KWT","Asia"
"Kyrgyzstan",1977,3514077,"KGZ","Asia"
"Laos",1977,3118888,"LAO","Asia"
"Latvia",1977,2484565,"LVA","Europe"
"Lebanon",1977,2762111,"LBN","Asia"
"Lesotho",1977,1289923,"LSO","Africa"
"Liberia",1977,1765980,"LBR","Africa"
"Libya",1977,2881494,"LBY","Africa"
"Liechtenstein",1977,23953,"LIE","Europe"
"Lithuania",1977,3353200,"LTU","Europe"
"Luxembourg",1977,358200,"LUX","Europe"
"Macao",1977,231501,"MAC","Asia"
"Madagascar",1977,8222180,"MDG","Africa"
"Malawi",1977,5614944,"MWI","Africa"
"Malaysia",1977,12035671,"MYS","Asia"
"Maldives",1977,151897,"MDV","Asia"
"Mali",1977,7090939,"MLI","Africa"
"Malta",1977,337120,"MLT","Europe"
"Marshall Islands",1977,27894,"MHL","Oceania"
"Martinique",1977,330232,"MTQ","Americas"
"Mauritania",1977,1353726,"MRT","Africa"
"Mauritius",1977,912106,"MUS","Africa"
"Mayotte",1977,43738,"MYT","Africa"
"Mexico",1977,62308451,"MEX","Americas"
"Micronesia (country)",1977,70731,"FSM","Oceania"
"Moldova",1977,3925548,"MDA","Europe"
"Monaco",1977,26243,"MCO","Europe"
"Mongolia",1977,1576194,"MNG","Asia"
"Montenegro",1977,568044,"MNE","Europe"
"Montserrat",1977,11411,"MSR","Americas"
"Morocco",1977,18014713,"MAR","Africa"
"Mozambique",1977,10224930,"MOZ","Africa"
"Myanmar",1977,31355912,"MMR","Asia"
"Namibia",1977,931072,"NAM","Africa"
"Nauru",1977,7150,"NRU","Oceania"
"Nepal",1977,14499129,"NPL","Asia"
"Netherlands",1977,13868554,"NLD","Europe"
"New Caledonia",1977,144565,"NCL","Oceania"
"New Zealand",1977,3140083,"NZL","Oceania"
"Nicaragua",1977,2992486,"NIC","Americas"
"Niger",1977,5619666,"NER","Africa"
"Nigeria",1977,67234543,"NGA","Africa"
"Niue",1977,3829,"NIU","Oceania"
"North Korea",1977,17492739,"PRK","Asia"
"North Macedonia",1977,1853096,"MKD","Europe"
"Northern Mariana Islands",1977,15779,"MNP","Oceania"
"Norway",1977,4043219,"NOR","Europe"
"Oman",1977,855277,"OMN","Asia"
"Pakistan",1977,73901777,"PAK","Asia"
"Palau",1977,12513,"PLW","Oceania"
"Palestine",1977,1352673,"PSX","Asia"
"Panama",1977,1821510,"PAN","Americas"
"Papua New Guinea",1977,2940280,"PNG","Oceania"
"Paraguay",1977,2827826,"PRY","Americas"
"Peru",1977,16109764,"PER","Americas"
"Philippines",1977,44367917,"PHL","Asia"
"Poland",1977,34628466,"POL","Europe"
"Portugal",1977,9438127,"PRT","Europe"
"Puerto Rico",1977,3064399,"PRI","Americas"
"Qatar",1977,225245,"QAT","Asia"
"Reunion",1977,528529,"REU","Africa"
"Romania",1977,21700126,"ROU","Europe"
"Russia",1977,136040923,"RUS","Europe"
"Rwanda",1977,4888203,"RWA","Africa"
"Saint Barthelemy",1977,2692,"BLM","Americas"
"Saint Helena",1977,6196,"SHN","Africa"
"Saint Kitts and Nevis",1977,43336,"KNA","Americas"
"Saint Lucia",1977,114098,"LCA","Americas"
"Saint Martin (French part)",1977,7553,"MAF","Americas"
"Saint Pierre and Miquelon",1977,6080,"SPM","Americas"
"Saint Vincent and the Grenadines",1977,101964,"VCT","Americas"
"Samoa",1977,159722,"WSM","Oceania"
"San Marino",1977,19993,"SMR","Europe"
"Sao Tome and Principe",1977,91271,"STP","Africa"
"Saudi Arabia",1977,5082994,"SAU","Asia"
"Senegal",1977,5439512,"SEN","Africa"
"Serbia",1977,7671431,"SRB","Europe"
"Seychelles",1977,64071,"SYC","Africa"
"Sierra Leone",1977,3085304,"SLE","Africa"
"Singapore",1977,2331500,"SGP","Asia"
"Sint Maarten (Dutch part)",1977,10348,"SXM","Americas"
"Slovakia",1977,4837648,"SVK","Europe"
"Slovenia",1977,1851278,"SVN","Europe"
"Solomon Islands",1977,214373,"SLB","Oceania"
"Somalia",1977,4484012,"SOM","Africa"
"South Africa",1977,27118903,"ZAF","Africa"
"South Korea",1977,36843588,"KOR","Asia"
"South Sudan",1977,4023988,"SSD","Africa"
"Spain",1977,36551217,"ESP","Europe"
"Sri Lanka",1977,14049314,"LKA","Asia"
"Sudan",1977,15086571,"SDN","Africa"
"Suriname",1977,385029,"SUR","Americas"
"Sweden",1977,8251652,"SWE","Europe"
"Switzerland",1977,6281311,"CHE","Europe"
"Syria",1977,8090460,"SYR","Asia"
"Taiwan",1977,17020055,"TWN","Asia"
"Tajikistan",1977,3653217,"TJK","Asia"
"Tanzania",1977,17352887,"TZA","Africa"
"Thailand",1977,42843925,"THA","Asia"
"Togo",1977,2701851,"TGO","Africa"
"Tokelau",1977,1637,"TKL","Oceania"
"Tonga",1977,96699,"TON","Oceania"
"Trinidad and Tobago",1977,1079510,"TTO","Americas"
"Tunisia",1977,6155878,"TUN","Africa"
"Turkey",1977,42773248,"TUR","Asia"
"Turkmenistan",1977,2623901,"TKM","Asia"
"Turks and Caicos Islands",1977,6848,"TCA","Americas"
"Tuvalu",1977,6668,"TUV","Oceania"
"Uganda",1977,12359623,"UGA","Africa"
"Ukraine",1977,49336431,"UKR","Europe"
"United Arab Emirates",1977,710170,"ARE","Asia"
"United Kingdom",1977,56175779,"GBR","Europe"
"United States",1977,223259362,"USA","Americas"
"United States Virgin Islands",1977,88678,"UMI","Oceania"
"Uruguay",1977,2909420,"URY","Americas"
"Uzbekistan",1977,14408762,"UZB","Asia"
"Vanuatu",1977,106590,"VUT","Oceania"
"Venezuela",1977,14006769,"VEN","Americas"
"Vietnam",1977,48954823,"VNM","Asia"
"Wallis and Futuna",1977,9737,"WLF","Oceania"
"Western Sahara",1977,77357,"ESH","Africa"
"Yemen",1977,8648171,"YEM","Asia"
"Zambia",1977,5302424,"ZMB","Africa"
"Zimbabwe",1977,6449465,"ZWE","Africa"
"Afghanistan",1978,13611395,"AFG","Asia"
"Albania",1978,2624568,"ALB","Europe"
"Algeria",1978,17506931,"DZA","Africa"
"American Samoa",1978,31056,"ASM","Oceania"
"Andorra",1978,32714,"AND","Europe"
"Angola",1978,7576689,"AGO","Africa"
"Anguilla",1978,6536,"AIA","Americas"
"Antigua and Barbuda",1978,64007,"ATG","Americas"
"Argentina",1978,27132110,"ARG","Americas"
"Armenia",1978,3012759,"ARM","Asia"
"Aruba",1978,61683,"ABW","Americas"
"Australia",1978,14367053,"AUS","Oceania"
"Austria",1978,7561154,"AUT","Europe"
"Azerbaijan",1978,6075024,"AZE","Asia"
"Bahamas",1978,223733,"BHS","Americas"
"Bahrain",1978,327999,"BHR","Asia"
"Bangladesh",1978,83889615,"BGD","Asia"
"Barbados",1978,251522,"BRB","Americas"
"Belarus",1978,9485755,"BLR","Europe"
"Belgium",1978,9791768,"BEL","Europe"
"Belize",1978,138674,"BLZ","Americas"
"Benin",1978,3718258,"BEN","Africa"
"Bermuda",1978,53406,"BMU","Americas"
"Bhutan",1978,405210,"BTN","Asia"
"Bolivia",1978,5504082,"BOL","Americas"
"Bonaire Sint Eustatius and Saba",1978,11392,"BES","Americas"
"Bosnia and Herzegovina",1978,4078207,"BIH","Europe"
"Botswana",1978,849200,"BWA","Africa"
"Brazil",1978,115600895,"BRA","Americas"
"British Virgin Islands",1978,10868,"IOT","Africa"
"Brunei",1978,174853,"BRN","Asia"
"Bulgaria",1978,8813691,"BGR","Europe"
"Burkina Faso",1978,6590940,"BFA","Africa"
"Burundi",1978,4100295,"BDI","Africa"
"Cambodia",1978,5211610,"KHM","Asia"
"Cameroon",1978,8011865,"CMR","Africa"
"Canada",1978,23978689,"CAN","Americas"
"Cape Verde",1978,316116,"CPV","Africa"
"Cayman Islands",1978,15695,"CYM","Americas"
"Central African Republic",1978,2397910,"CAF","Africa"
"Chad",1978,4411325,"TCD","Africa"
"Chile",1978,11172644,"CHL","Americas"
"China",1978,956161425,"CHN","Asia"
"Colombia",1978,24950293,"COL","Americas"
"Comoros",1978,317641,"COM","Africa"
"Congo",1978,1748049,"COG","Africa"
"Cook Islands",1978,17832,"COK","Oceania"
"Costa Rica",1978,2264467,"CRI","Americas"
"Cote d'Ivoire",1978,7603083,"CIV","Africa"
"Croatia",1978,4608966,"HRV","Europe"
"Cuba",1978,9711928,"CUB","Americas"
"Cyprus",1978,672196,"CYP","Asia"
"Czechia",1978,10200701,"CZE","Europe"
"Democratic Republic of Congo",1978,24992634,"COD","Africa"
"Denmark",1978,5104295,"DNK","Europe"
"Djibouti",1978,280004,"DJI","Africa"
"Dominica",1978,72693,"DMA","Americas"
"Dominican Republic",1978,5451838,"DOM","Americas"
"East Timor",1978,628733,"TLS","Asia"
"Ecuador",1978,7736138,"ECU","Americas"
"Egypt",1978,41761384,"EGY","Africa"
"El Salvador",1978,4394074,"SLV","Americas"
"Equatorial Guinea",1978,276491,"GNQ","Africa"
"Eritrea",1978,1522336,"ERI","Africa"
"Estonia",1978,1458186,"EST","Europe"
"Eswatini",1978,558395,"SWZ","Africa"
"Ethiopia",1978,33734555,"ETH","Africa"
"Falkland Islands",1978,2266,"FLK","Americas"
"Faroe Islands",1978,41944,"FRO","Europe"
"Fiji",1978,612047,"FJI","Oceania"
"Finland",1978,4752197,"FIN","Europe"
"France",1978,53429614,"FRA","Europe"
"French Guiana",1978,61383,"GUF","Americas"
"French Polynesia",1978,146785,"PYF","Oceania"
"Gabon",1978,711202,"GAB","Africa"
"Gambia",1978,667070,"GMB","Africa"
"Georgia",1978,5091734,"GEO","Asia"
"Germany",1978,78115303,"DEU","Europe"
"Ghana",1978,11248401,"GHA","Africa"
"Gibraltar",1978,28417,"GIB","Europe"
"Greece",1978,9389925,"GRC","Europe"
"Greenland",1978,49728,"GRL","Americas"
"Grenada",1978,96285,"GRD","Americas"
"Guadeloupe",1978,329264,"GLP","Americas"
"Guam",1978,105401,"GUM","Oceania"
"Guatemala",1978,6561490,"GTM","Americas"
"Guernsey",1978,54069,"GGY","Europe"
"Guinea",1978,4877801,"GIN","Africa"
"Guinea-Bissau",1978,791644,"GNB","Africa"
"Guyana",1978,764550,"GUY","Americas"
"Haiti",1978,5402531,"HTI","Americas"
"Honduras",1978,3505412,"HND","Americas"
"Hong Kong",1978,4754022,"HKG","Asia"
"Hungary",1978,10660150,"HUN","Europe"
"Iceland",1978,223532,"ISL","Europe"
"India",1978,655728181,"IND","Asia"
"Indonesia",1978,141953114,"IDN","Asia"
"Iran",1978,37126481,"IRN","Asia"
"Iraq",1978,12753297,"IRQ","Asia"
"Ireland",1978,3329148,"IRL","Europe"
"Isle of Man",1978,62371,"IMN","Europe"
"Israel",1978,3560355,"ISR","Asia"
"Italy",1978,55938928,"ITA","Europe"
"Jamaica",1978,2094792,"JAM","Americas"
"Japan",1978,116576883,"JPN","Asia"
"Jersey",1978,75853,"JEY","Europe"
"Jordan",1978,2083553,"JOR","Asia"
"Kazakhstan",1978,14711462,"KAZ","Asia"
"Kenya",1978,14934073,"KEN","Africa"
"Kiribati",1978,59832,"KIR","Oceania"
"Kosovo",1978,1516202,"XKX","Europe"
"Kuwait",1978,1340278,"KWT","Asia"
"Kyrgyzstan",1978,3584476,"KGZ","Asia"
"Laos",1978,3171707,"LAO","Asia"
"Latvia",1978,2497314,"LVA","Europe"
"Lebanon",1978,2822635,"LBN","Asia"
"Lesotho",1978,1327195,"LSO","Africa"
"Liberia",1978,1818207,"LBR","Africa"
"Libya",1978,3052484,"LBY","Africa"
"Liechtenstein",1978,24324,"LIE","Europe"
"Lithuania",1978,3380031,"LTU","Europe"
"Luxembourg",1978,361013,"LUX","Europe"
"Macao",1978,236170,"MAC","Asia"
"Madagascar",1978,8475808,"MDG","Africa"
"Malawi",1978,5810078,"MWI","Africa"
"Malaysia",1978,12328114,"MYS","Asia"
"Maldives",1978,156118,"MDV","Asia"
"Mali",1978,7229609,"MLI","Africa"
"Malta",1978,339025,"MLT","Europe"
"Marshall Islands",1978,28790,"MHL","Oceania"
"Martinique",1978,331114,"MTQ","Americas"
"Mauritania",1978,1392668,"MRT","Africa"
"Mauritius",1978,925233,"MUS","Africa"
"Mayotte",1978,45391,"MYT","Africa"
"Mexico",1978,63979005,"MEX","Americas"
"Micronesia (country)",1978,72726,"FSM","Oceania"
"Moldova",1978,3970259,"MDA","Europe"
"Monaco",1978,26577,"MCO","Europe"
"Mongolia",1978,1619438,"MNG","Asia"
"Montenegro",1978,573470,"MNE","Europe"
"Montserrat",1978,11418,"MSR","Americas"
"Morocco",1978,18477330,"MAR","Africa"
"Mozambique",1978,10618194,"MOZ","Africa"
"Myanmar",1978,31972919,"MMR","Asia"
"Namibia",1978,947231,"NAM","Africa"
"Nauru",1978,7277,"NRU","Oceania"
"Nepal",1978,14839647,"NPL","Asia"
"Netherlands",1978,13953876,"NLD","Europe"
"New Caledonia",1978,146362,"NCL","Oceania"
"New Zealand",1978,3142195,"NZL","Oceania"
"Nicaragua",1978,3080271,"NIC","Americas"
"Niger",1978,5782892,"NER","Africa"
"Nigeria",1978,69326475,"NGA","Africa"
"Niue",1978,3729,"NIU","Oceania"
"North Korea",1978,17735941,"PRK","Asia"
"North Macedonia",1978,1879807,"MKD","Europe"
"Northern Mariana Islands",1978,16105,"MNP","Oceania"
"Norway",1978,4058619,"NOR","Europe"
"Oman",1978,900256,"OMN","Asia"
"Pakistan",1978,76307330,"PAK","Asia"
"Palau",1978,12426,"PLW","Oceania"
"Palestine",1978,1389458,"PSX","Asia"
"Panama",1978,1866270,"PAN","Americas"
"Papua New Guinea",1978,3003671,"PNG","Oceania"
"Paraguay",1978,2899227,"PRY","Americas"
"Peru",1978,16516018,"PER","Americas"
"Philippines",1978,45575251,"PHL","Asia"
"Poland",1978,34934169,"POL","Europe"
"Portugal",1978,9556347,"PRT","Europe"
"Puerto Rico",1978,3114102,"PRI","Americas"
"Qatar",1978,241773,"QAT","Asia"
"Reunion",1978,537044,"REU","Africa"
"Romania",1978,21868027,"ROU","Europe"
"Russia",1978,136979036,"RUS","Europe"
"Rwanda",1978,5035122,"RWA","Africa"
"Saint Barthelemy",1978,2792,"BLM","Americas"
"Saint Helena",1978,6265,"SHN","Africa"
"Saint Kitts and Nevis",1978,43187,"KNA","Americas"
"Saint Lucia",1978,115815,"LCA","Americas"
"Saint Martin (French part)",1978,7802,"MAF","Americas"
"Saint Pierre and Miquelon",1978,6118,"SPM","Americas"
"Saint Vincent and the Grenadines",1978,102748,"VCT","Americas"
"Samoa",1978,161337,"WSM","Oceania"
"San Marino",1978,21005,"SMR","Europe"
"Sao Tome and Principe",1978,93764,"STP","Africa"
"Saudi Arabia",1978,5381855,"SAU","Asia"
"Senegal",1978,5568047,"SEN","Africa"
"Serbia",1978,7716878,"SRB","Europe"
"Seychelles",1978,64961,"SYC","Africa"
"Sierra Leone",1978,3145470,"SLE","Africa"
"Singapore",1978,2360567,"SGP","Asia"
"Sint Maarten (Dutch part)",1978,11026,"SXM","Americas"
"Slovakia",1978,4885686,"SVK","Europe"
"Slovenia",1978,1868470,"SVN","Europe"
"Solomon Islands",1978,221984,"SLB","Oceania"
"Somalia",1978,4814844,"SOM","Africa"
"South Africa",1978,27869456,"ZAF","Africa"
"South Korea",1978,37281882,"KOR","Asia"
"South Sudan",1978,4127612,"SSD","Africa"
"Spain",1978,36904917,"ESP","Europe"
"Sri Lanka",1978,14310071,"LKA","Asia"
"Sudan",1978,15694953,"SDN","Africa"
"Suriname",1978,381467,"SUR","Americas"
"Sweden",1978,8275740,"SWE","Europe"
"Switzerland",1978,6282000,"CHE","Europe"
"Syria",1978,8372710,"SYR","Asia"
"Taiwan",1978,17373683,"TWN","Asia"
"Tajikistan",1978,3768460,"TJK","Asia"
"Tanzania",1978,17976524,"TZA","Africa"
"Thailand",1978,43788931,"THA","Asia"
"Togo",1978,2768101,"TGO","Africa"
"Tokelau",1978,1648,"TKL","Oceania"
"Tonga",1978,97176,"TON","Oceania"
"Trinidad and Tobago",1978,1093341,"TTO","Americas"
"Tunisia",1978,6309337,"TUN","Africa"
"Turkey",1978,43645257,"TUR","Asia"
"Turkmenistan",1978,2691037,"TKM","Asia"
"Turks and Caicos Islands",1978,7065,"TCA","Americas"
"Tuvalu",1978,6953,"TUV","Oceania"
"Uganda",1978,12692070,"UGA","Africa"
"Ukraine",1978,49521185,"UKR","Europe"
"United Arab Emirates",1978,809251,"ARE","Asia"
"United Kingdom",1978,56175504,"GBR","Europe"
"United States",1978,225396049,"USA","Americas"
"United States Virgin Islands",1978,91578,"UMI","Oceania"
"Uruguay",1978,2925660,"URY","Americas"
"Uzbekistan",1978,14816297,"UZB","Asia"
"Vanuatu",1978,109934,"VUT","Oceania"
"Venezuela",1978,14416629,"VEN","Americas"
"Vietnam",1978,50249505,"VNM","Asia"
"Wallis and Futuna",1978,10157,"WLF","Oceania"
"Western Sahara",1978,90850,"ESH","Africa"
"Yemen",1978,8926549,"YEM","Asia"
"Zambia",1978,5465319,"ZMB","Africa"
"Zimbabwe",1978,6543524,"ZWE","Africa"
"Afghanistan",1979,13655537,"AFG","Asia"
"Albania",1979,2681342,"ALB","Europe"
"Algeria",1979,18036608,"DZA","Africa"
"American Samoa",1979,31588,"ASM","Oceania"
"Andorra",1979,34283,"AND","Europe"
"Angola",1979,7847158,"AGO","Africa"
"Anguilla",1979,6558,"AIA","Americas"
"Antigua and Barbuda",1979,64257,"ATG","Americas"
"Argentina",1979,27568846,"ARG","Americas"
"Armenia",1979,3078458,"ARM","Asia"
"Aruba",1979,61873,"ABW","Americas"
"Australia",1979,14532994,"AUS","Oceania"
"Austria",1979,7548292,"AUT","Europe"
"Azerbaijan",1979,6187084,"AZE","Asia"
"Bahamas",1979,228190,"BHS","Americas"
"Bahrain",1979,343410,"BHR","Asia"
"Bangladesh",1979,85935022,"BGD","Asia"
"Barbados",1979,251224,"BRB","Americas"
"Belarus",1979,9537657,"BLR","Europe"
"Belgium",1979,9811311,"BEL","Europe"
"Belize",1979,141645,"BLZ","Americas"
"Benin",1979,3818482,"BEN","Africa"
"Bermuda",1979,53496,"BMU","Americas"
"Bhutan",1979,419164,"BTN","Asia"
"Bolivia",1979,5630799,"BOL","Americas"
"Bonaire Sint Eustatius and Saba",1979,11579,"BES","Americas"
"Bosnia and Herzegovina",1979,4113257,"BIH","Europe"
"Botswana",1979,901704,"BWA","Africa"
"Brazil",1979,118380770,"BRA","Americas"
"British Virgin Islands",1979,10944,"IOT","Africa"
"Brunei",1979,180383,"BRN","Asia"
"Bulgaria",1979,8824954,"BGR","Europe"
"Burkina Faso",1979,6763855,"BFA","Africa"
"Burundi",1979,4203483,"BDI","Africa"
"Cambodia",1979,5088766,"KHM","Asia"
"Cameroon",1979,8239592,"CMR","Africa"
"Canada",1979,24237129,"CAN","Americas"
"Cape Verde",1979,319439,"CPV","Africa"
"Cayman Islands",1979,16326,"CYM","Americas"
"Central African Republic",1979,2423744,"CAF","Africa"
"Chad",1979,4505343,"TCD","Africa"
"Chile",1979,11339723,"CHL","Americas"
"China",1979,969288020,"CHN","Asia"
"Colombia",1979,25515570,"COL","Americas"
"Comoros",1979,327763,"COM","Africa"
"Congo",1979,1788480,"COG","Africa"
"Cook Islands",1979,17753,"COK","Oceania"
"Costa Rica",1979,2326441,"CRI","Americas"
"Cote d'Ivoire",1979,7902216,"CIV","Africa"
"Croatia",1979,4626900,"HRV","Europe"
"Cuba",1979,9763308,"CUB","Americas"
"Cyprus",1979,677496,"CYP","Asia"
"Czechia",1979,10246103,"CZE","Europe"
"Democratic Republic of Congo",1979,25886729,"COD","Africa"
"Denmark",1979,5116805,"DNK","Europe"
"Djibouti",1979,304479,"DJI","Africa"
"Dominica",1979,72931,"DMA","Americas"
"Dominican Republic",1979,5589641,"DOM","Americas"
"East Timor",1979,638681,"TLS","Asia"
"Ecuador",1979,7948829,"ECU","Americas"
"Egypt",1979,42818582,"EGY","Africa"
"El Salvador",1979,4480338,"SLV","Americas"
"Equatorial Guinea",1979,279804,"GNQ","Africa"
"Eritrea",1979,1563292,"ERI","Africa"
"Estonia",1979,1467967,"EST","Europe"
"Eswatini",1979,577162,"SWZ","Africa"
"Ethiopia",1979,34238604,"ETH","Africa"
"Falkland Islands",1979,2250,"FLK","Americas"
"Faroe Islands",1979,42505,"FRO","Europe"
"Fiji",1979,626826,"FJI","Oceania"
"Finland",1979,4764394,"FIN","Europe"
"France",1979,53660848,"FRA","Europe"
"French Guiana",1979,63813,"GUF","Americas"
"French Polynesia",1979,151536,"PYF","Oceania"
"Gabon",1979,729338,"GAB","Africa"
"Gambia",1979,689735,"GMB","Africa"
"Georgia",1979,5128635,"GEO","Asia"
"Germany",1979,78147846,"DEU","Europe"
"Ghana",1979,11597203,"GHA","Africa"
"Gibraltar",1979,28553,"GIB","Europe"
"Greece",1979,9525960,"GRC","Europe"
"Greenland",1979,49761,"GRL","Americas"
"Grenada",1979,95463,"GRD","Americas"
"Guadeloupe",1979,330347,"GLP","Americas"
"Guam",1979,107612,"GUM","Oceania"
"Guatemala",1979,6727754,"GTM","Americas"
"Guernsey",1979,54001,"GGY","Europe"
"Guinea",1979,4959245,"GIN","Africa"
"Guinea-Bissau",1979,819831,"GNB","Africa"
"Guyana",1979,770017,"GUY","Americas"
"Haiti",1979,5507542,"HTI","Americas"
"Honduras",1979,3614936,"HND","Americas"
"Hong Kong",1979,4857615,"HKG","Asia"
"Hungary",1979,10688211,"HUN","Europe"
"Iceland",1979,225715,"ISL","Europe"
"India",1979,671155694,"IND","Asia"
"Indonesia",1979,145434786,"IDN","Asia"
"Iran",1979,38424915,"IRN","Asia"
"Iraq",1979,13170324,"IRQ","Asia"
"Ireland",1979,3375759,"IRL","Europe"
"Isle of Man",1979,63210,"IMN","Europe"
"Israel",1979,3640828,"ISR","Asia"
"Italy",1979,56132323,"ITA","Europe"
"Jamaica",1979,2119440,"JAM","Americas"
"Japan",1979,117521506,"JPN","Asia"
"Jersey",1979,76183,"JEY","Europe"
"Jordan",1979,2153850,"JOR","Asia"
"Kazakhstan",1979,14978645,"KAZ","Asia"
"Kenya",1979,15460624,"KEN","Africa"
"Kiribati",1979,60145,"KIR","Oceania"
"Kosovo",1979,1559737,"XKX","Europe"
"Kuwait",1979,1423476,"KWT","Asia"
"Kyrgyzstan",1979,3656142,"KGZ","Asia"
"Laos",1979,3228147,"LAO","Asia"
"Latvia",1979,2505470,"LVA","Europe"
"Lebanon",1979,2882584,"LBN","Asia"
"Lesotho",1979,1366125,"LSO","Africa"
"Liberia",1979,1872659,"LBR","Africa"
"Libya",1979,3233799,"LBY","Africa"
"Liechtenstein",1979,24707,"LIE","Europe"
"Lithuania",1979,3404702,"LTU","Europe"
"Luxembourg",1979,362853,"LUX","Europe"
"Macao",1979,241111,"MAC","Asia"
"Madagascar",1979,8737542,"MDG","Africa"
"Malawi",1979,6028698,"MWI","Africa"
"Malaysia",1979,12627813,"MYS","Asia"
"Maldives",1979,160327,"MDV","Asia"
"Mali",1979,7375228,"MLI","Africa"
"Malta",1979,340921,"MLT","Europe"
"Marshall Islands",1979,29710,"MHL","Oceania"
"Martinique",1979,331738,"MTQ","Americas"
"Mauritania",1979,1432714,"MRT","Africa"
"Mauritius",1979,939343,"MUS","Africa"
"Mayotte",1979,47564,"MYT","Africa"
"Mexico",1979,65648810,"MEX","Americas"
"Micronesia (country)",1979,75024,"FSM","Oceania"
"Moldova",1979,4010336,"MDA","Europe"
"Monaco",1979,26866,"MCO","Europe"
"Mongolia",1979,1660619,"MNG","Asia"
"Montenegro",1979,578964,"MNE","Europe"
"Montserrat",1979,11394,"MSR","Americas"
"Morocco",1979,18955548,"MAR","Africa"
"Mozambique",1979,11028767,"MOZ","Africa"
"Myanmar",1979,32596503,"MMR","Asia"
"Namibia",1979,962777,"NAM","Africa"
"Nauru",1979,7448,"NRU","Oceania"
"Nepal",1979,15190556,"NPL","Asia"
"Netherlands",1979,14050128,"NLD","Europe"
"New Caledonia",1979,148093,"NCL","Oceania"
"New Zealand",1979,3141551,"NZL","Oceania"
"Nicaragua",1979,3164479,"NIC","Americas"
"Niger",1979,5955508,"NER","Africa"
"Nigeria",1979,71498201,"NGA","Africa"
"Niue",1979,3631,"NIU","Oceania"
"North Korea",1979,17983428,"PRK","Asia"
"North Macedonia",1979,1906480,"MKD","Europe"
"Northern Mariana Islands",1979,16467,"MNP","Oceania"
"Norway",1979,4072450,"NOR","Europe"
"Oman",1979,949079,"OMN","Asia"
"Pakistan",1979,78996989,"PAK","Asia"
"Palau",1979,12321,"PLW","Oceania"
"Palestine",1979,1428071,"PSX","Asia"
"Panama",1979,1911509,"PAN","Americas"
"Papua New Guinea",1979,3067303,"PNG","Oceania"
"Paraguay",1979,2973916,"PRY","Americas"
"Peru",1979,16933090,"PER","Americas"
"Philippines",1979,46807057,"PHL","Asia"
"Poland",1979,35248333,"POL","Europe"
"Portugal",1979,9663252,"PRT","Europe"
"Puerto Rico",1979,3164976,"PRI","Americas"
"Qatar",1979,258628,"QAT","Asia"
"Reunion",1979,545331,"REU","Africa"
"Romania",1979,22019583,"ROU","Europe"
"Russia",1979,137816490,"RUS","Europe"
"Rwanda",1979,5189501,"RWA","Africa"
"Saint Barthelemy",1979,2885,"BLM","Americas"
"Saint Helena",1979,6315,"SHN","Africa"
"Saint Kitts and Nevis",1979,43010,"KNA","Americas"
"Saint Lucia",1979,117509,"LCA","Americas"
"Saint Martin (French part)",1979,8049,"MAF","Americas"
"Saint Pierre and Miquelon",1979,6140,"SPM","Americas"
"Saint Vincent and the Grenadines",1979,103443,"VCT","Americas"
"Samoa",1979,162840,"WSM","Oceania"
"San Marino",1979,21300,"SMR","Europe"
"Sao Tome and Principe",1979,96219,"STP","Africa"
"Saudi Arabia",1979,5703651,"SAU","Asia"
"Senegal",1979,5702849,"SEN","Africa"
"Serbia",1979,7758172,"SRB","Europe"
"Seychelles",1979,65567,"SYC","Africa"
"Sierra Leone",1979,3207454,"SLE","Africa"
"Singapore",1979,2388105,"SGP","Asia"
"Sint Maarten (Dutch part)",1979,11710,"SXM","Americas"
"Slovakia",1979,4933398,"SVK","Europe"
"Slovenia",1979,1885870,"SVN","Europe"
"Solomon Islands",1979,229912,"SLB","Oceania"
"Somalia",1979,5449062,"SOM","Africa"
"South Africa",1979,28634112,"ZAF","Africa"
"South Korea",1979,37710854,"KOR","Asia"
"South Sudan",1979,4232567,"SSD","Africa"
"Spain",1979,37230328,"ESP","Europe"
"Sri Lanka",1979,14579564,"LKA","Asia"
"Sudan",1979,16355305,"SDN","Africa"
"Suriname",1979,377557,"SUR","Americas"
"Sweden",1979,8293702,"SWE","Europe"
"Switzerland",1979,6294670,"CHE","Europe"
"Syria",1979,8661867,"SYR","Asia"
"Taiwan",1979,17735746,"TWN","Asia"
"Tajikistan",1979,3882643,"TJK","Asia"
"Tanzania",1979,18591993,"TZA","Africa"
"Thailand",1979,44718383,"THA","Asia"
"Togo",1979,2839808,"TGO","Africa"
"Tokelau",1979,1651,"TKL","Oceania"
"Tonga",1979,97517,"TON","Oceania"
"Trinidad and Tobago",1979,1107595,"TTO","Americas"
"Tunisia",1979,6456365,"TUN","Africa"
"Turkey",1979,44510374,"TUR","Asia"
"Turkmenistan",1979,2760310,"TKM","Asia"
"Turks and Caicos Islands",1979,7289,"TCA","Americas"
"Tuvalu",1979,7174,"TUV","Oceania"
"Uganda",1979,13002114,"UGA","Africa"
"Ukraine",1979,49721338,"UKR","Europe"
"United Arab Emirates",1979,911974,"ARE","Asia"
"United Kingdom",1979,56218716,"GBR","Europe"
"United States",1979,227575037,"USA","Americas"
"United States Virgin Islands",1979,94399,"UMI","Oceania"
"Uruguay",1979,2939861,"URY","Americas"
"Uzbekistan",1979,15215534,"UZB","Asia"
"Vanuatu",1979,113016,"VUT","Oceania"
"Venezuela",1979,14834502,"VEN","Americas"
"Vietnam",1979,51378168,"VNM","Asia"
"Wallis and Futuna",1979,10623,"WLF","Oceania"
"Western Sahara",1979,104942,"ESH","Africa"
"Yemen",1979,9224149,"YEM","Asia"
"Zambia",1979,5631683,"ZMB","Africa"
"Zimbabwe",1979,6647506,"ZWE","Africa"
"Afghanistan",1980,13169267,"AFG","Asia"
"Albania",1980,2735375,"ALB","Europe"
"Algeria",1980,18607122,"DZA","Africa"
"American Samoa",1980,32389,"ASM","Oceania"
"Andorra",1980,35754,"AND","Europe"
"Angola",1980,8133821,"AGO","Africa"
"Anguilla",1980,6561,"AIA","Americas"
"Antigua and Barbuda",1980,64478,"ATG","Americas"
"Argentina",1980,28011548,"ARG","Americas"
"Armenia",1980,3107375,"ARM","Asia"
"Aruba",1980,61998,"ABW","Americas"
"Australia",1980,14721295,"AUS","Oceania"
"Austria",1980,7548355,"AUT","Europe"
"Azerbaijan",1980,6284662,"AZE","Asia"
"Bahamas",1980,232498,"BHS","Americas"
"Bahrain",1980,358943,"BHR","Asia"
"Bangladesh",1980,88016388,"BGD","Asia"
"Barbados",1980,251487,"BRB","Americas"
"Belarus",1980,9603126,"BLR","Europe"
"Belgium",1980,9833043,"BEL","Europe"
"Belize",1980,145029,"BLZ","Americas"
"Benin",1980,3925195,"BEN","Africa"
"Bermuda",1980,53657,"BMU","Americas"
"Bhutan",1980,433354,"BTN","Asia"
"Bolivia",1980,5758853,"BOL","Americas"
"Bonaire Sint Eustatius and Saba",1980,11757,"BES","Americas"
"Bosnia and Herzegovina",1980,4148380,"BIH","Europe"
"Botswana",1980,937455,"BWA","Africa"
"Brazil",1980,121207403,"BRA","Americas"
"British Virgin Islands",1980,11108,"IOT","Africa"
"Brunei",1980,186074,"BRN","Asia"
"Bulgaria",1980,8859491,"BGR","Europe"
"Burkina Faso",1980,6947854,"BFA","Africa"
"Burundi",1980,4383663,"BDI","Africa"
"Cambodia",1980,5199831,"KHM","Asia"
"Cameroon",1980,8512159,"CMR","Africa"
"Canada",1980,24533733,"CAN","Americas"
"Cape Verde",1980,323263,"CPV","Africa"
"Cayman Islands",1980,17047,"CYM","Americas"
"Central African Republic",1980,2450485,"CAF","Africa"
"Chad",1980,4515416,"TCD","Africa"
"Chile",1980,11508504,"CHL","Americas"
"China",1980,983163494,"CHN","Asia"
"Colombia",1980,26104448,"COL","Americas"
"Comoros",1980,337684,"COM","Africa"
"Congo",1980,1828945,"COG","Africa"
"Cook Islands",1980,17677,"COK","Oceania"
"Costa Rica",1980,2390595,"CRI","Americas"
"Cote d'Ivoire",1980,8220665,"CIV","Africa"
"Croatia",1980,4643852,"HRV","Europe"
"Cuba",1980,9804751,"CUB","Americas"
"Cyprus",1980,683028,"CYP","Asia"
"Czechia",1980,10275349,"CZE","Europe"
"Democratic Republic of Congo",1980,26711056,"COD","Africa"
"Denmark",1980,5123024,"DNK","Europe"
"Djibouti",1980,325790,"DJI","Africa"
"Dominica",1980,73057,"DMA","Americas"
"Dominican Republic",1980,5728995,"DOM","Americas"
"East Timor",1980,649831,"TLS","Asia"
"Ecuador",1980,8165829,"ECU","Americas"
"Egypt",1980,43950370,"EGY","Africa"
"El Salvador",1980,4540320,"SLV","Americas"
"Equatorial Guinea",1980,288607,"GNQ","Africa"
"Eritrea",1980,1605759,"ERI","Africa"
"Estonia",1980,1476419,"EST","Europe"
"Eswatini",1980,596615,"SWZ","Africa"
"Ethiopia",1980,34428461,"ETH","Africa"
"Falkland Islands",1980,2230,"FLK","Americas"
"Faroe Islands",1980,43045,"FRO","Europe"
"Fiji",1980,641932,"FJI","Oceania"
"Finland",1980,4779308,"FIN","Europe"
"France",1980,53941019,"FRA","Europe"
"French Guiana",1980,66319,"GUF","Americas"
"French Polynesia",1980,156433,"PYF","Oceania"
"Gabon",1980,748350,"GAB","Africa"
"Gambia",1980,713872,"GMB","Africa"
"Georgia",1980,5165491,"GEO","Asia"
"Germany",1980,78315329,"DEU","Europe"
"Ghana",1980,11941397,"GHA","Africa"
"Gibraltar",1980,28649,"GIB","Europe"
"Greece",1980,9653365,"GRC","Europe"
"Greenland",1980,50087,"GRL","Americas"
"Grenada",1980,94516,"GRD","Americas"
"Guadeloupe",1980,331173,"GLP","Americas"
"Guam",1980,110099,"GUM","Oceania"
"Guatemala",1980,6900169,"GTM","Americas"
"Guernsey",1980,53903,"GGY","Europe"
"Guinea",1980,5047385,"GIN","Africa"
"Guinea-Bissau",1980,829260,"GNB","Africa"
"Guyana",1980,774320,"GUY","Americas"
"Haiti",1980,5614452,"HTI","Americas"
"Honduras",1980,3727126,"HND","Americas"
"Hong Kong",1980,4962439,"HKG","Asia"
"Hungary",1980,10695321,"HUN","Europe"
"Iceland",1980,228100,"ISL","Europe"
"India",1980,687353977,"IND","Asia"
"Indonesia",1980,148950491,"IDN","Asia"
"Iran",1980,39842276,"IRN","Asia"
"Iraq",1980,13591949,"IRQ","Asia"
"Ireland",1980,3415199,"IRL","Europe"
"Isle of Man",1980,64053,"IMN","Europe"
"Israel",1980,3721619,"ISR","Asia"
"Italy",1980,56412044,"ITA","Europe"
"Jamaica",1980,2145615,"JAM","Americas"
"Japan",1980,118358713,"JPN","Asia"
"Jersey",1980,76506,"JEY","Europe"
"Jordan",1980,2234142,"JOR","Asia"
"Kazakhstan",1980,15152896,"KAZ","Asia"
"Kenya",1980,16018415,"KEN","Africa"
"Kiribati",1980,61135,"KIR","Oceania"
"Kosovo",1980,1604781,"XKX","Europe"
"Kuwait",1980,1504742,"KWT","Asia"
"Kyrgyzstan",1980,3729325,"KGZ","Asia"
"Laos",1980,3292526,"LAO","Asia"
"Latvia",1980,2511701,"LVA","Europe"
"Lebanon",1980,2944724,"LBN","Asia"
"Lesotho",1980,1406479,"LSO","Africa"
"Liberia",1980,1929210,"LBR","Africa"
"Libya",1980,3424331,"LBY","Africa"
"Liechtenstein",1980,25068,"LIE","Europe"
"Lithuania",1980,3428364,"LTU","Europe"
"Luxembourg",1980,363664,"LUX","Europe"
"Macao",1980,246055,"MAC","Asia"
"Madagascar",1980,9005988,"MDG","Africa"
"Malawi",1980,6265486,"MWI","Africa"
"Malaysia",1980,12983313,"MYS","Asia"
"Maldives",1980,164799,"MDV","Asia"
"Mali",1980,7530471,"MLI","Africa"
"Malta",1980,342834,"MLT","Europe"
"Marshall Islands",1980,30743,"MHL","Oceania"
"Martinique",1980,332245,"MTQ","Americas"
"Mauritania",1980,1474002,"MRT","Africa"
"Mauritius",1980,954175,"MUS","Africa"
"Mayotte",1980,50115,"MYT","Africa"
"Mexico",1980,67300289,"MEX","Americas"
"Micronesia (country)",1980,77372,"FSM","Oceania"
"Moldova",1980,4048669,"MDA","Europe"
"Monaco",1980,27100,"MCO","Europe"
"Mongolia",1980,1701300,"MNG","Asia"
"Montenegro",1980,584782,"MNE","Europe"
"Montserrat",1980,11317,"MSR","Americas"
"Morocco",1980,19459892,"MAR","Africa"
"Mozambique",1980,11336159,"MOZ","Africa"
"Myanmar",1980,33227164,"MMR","Asia"
"Namibia",1980,981383,"NAM","Africa"
"Nauru",1980,7631,"NRU","Oceania"
"Nepal",1980,15553060,"NPL","Asia"
"Netherlands",1980,14162638,"NLD","Europe"
"New Caledonia",1980,149795,"NCL","Oceania"
"New Zealand",1980,3146281,"NZL","Oceania"
"Nicaragua",1980,3252350,"NIC","Americas"
"Niger",1980,6135920,"NER","Africa"
"Nigeria",1980,73764600,"NGA","Africa"
"Niue",1980,3509,"NIU","Oceania"
"North Korea",1980,18236728,"PRK","Asia"
"North Macedonia",1980,1932999,"MKD","Europe"
"Northern Mariana Islands",1980,17609,"MNP","Oceania"
"Norway",1980,4085550,"NOR","Europe"
"Oman",1980,1001198,"OMN","Asia"
"Pakistan",1980,82290956,"PAK","Asia"
"Palau",1980,12253,"PLW","Oceania"
"Palestine",1980,1469005,"PSX","Asia"
"Panama",1980,1957496,"PAN","Americas"
"Papua New Guinea",1980,3131464,"PNG","Oceania"
"Paraguay",1980,3053189,"PRY","Americas"
"Peru",1980,17360906,"PER","Americas"
"Philippines",1980,48043692,"PHL","Asia"
"Poland",1980,35576466,"POL","Europe"
"Portugal",1980,9763572,"PRT","Europe"
"Puerto Rico",1980,3213630,"PRI","Americas"
"Qatar",1980,275871,"QAT","Asia"
"Reunion",1980,553097,"REU","Africa"
"Romania",1980,22154728,"ROU","Europe"
"Russia",1980,138572571,"RUS","Europe"
"Rwanda",1980,5353220,"RWA","Africa"
"Saint Barthelemy",1980,2950,"BLM","Americas"
"Saint Helena",1980,6365,"SHN","Africa"
"Saint Kitts and Nevis",1980,42820,"KNA","Americas"
"Saint Lucia",1980,119261,"LCA","Americas"
"Saint Martin (French part)",1980,8264,"MAF","Americas"
"Saint Pierre and Miquelon",1980,6152,"SPM","Americas"
"Saint Vincent and the Grenadines",1980,104179,"VCT","Americas"
"Samoa",1980,164285,"WSM","Oceania"
"San Marino",1980,21560,"SMR","Europe"
"Sao Tome and Principe",1980,98516,"STP","Africa"
"Saudi Arabia",1980,6047948,"SAU","Asia"
"Senegal",1980,5845592,"SEN","Africa"
"Serbia",1980,7796241,"SRB","Europe"
"Seychelles",1980,66229,"SYC","Africa"
"Sierra Leone",1980,3272052,"SLE","Africa"
"Singapore",1980,2437450,"SGP","Asia"
"Sint Maarten (Dutch part)",1980,12388,"SXM","Americas"
"Slovakia",1980,4976613,"SVK","Europe"
"Slovenia",1980,1903036,"SVN","Europe"
"Solomon Islands",1980,238096,"SLB","Oceania"
"Somalia",1980,5936099,"SOM","Africa"
"South Africa",1980,29518811,"ZAF","Africa"
"South Korea",1980,38141057,"KOR","Asia"
"South Sudan",1980,4338992,"SSD","Africa"
"Spain",1980,37537514,"ESP","Europe"
"Sri Lanka",1980,14847921,"LKA","Asia"
"Sudan",1980,17058857,"SDN","Africa"
"Suriname",1980,375348,"SUR","Americas"
"Sweden",1980,8310408,"SWE","Europe"
"Switzerland",1980,6319793,"CHE","Europe"
"Syria",1980,8957616,"SYR","Asia"
"Taiwan",1980,18086471,"TWN","Asia"
"Tajikistan",1980,3995209,"TJK","Asia"
"Tanzania",1980,19189712,"TZA","Africa"
"Thailand",1980,45649981,"THA","Asia"
"Togo",1980,2920854,"TGO","Africa"
"Tokelau",1980,1644,"TKL","Oceania"
"Tonga",1980,97741,"TON","Oceania"
"Trinidad and Tobago",1980,1121697,"TTO","Americas"
"Tunisia",1980,6606149,"TUN","Africa"
"Turkey",1980,45408765,"TUR","Asia"
"Turkmenistan",1980,2832147,"TKM","Asia"
"Turks and Caicos Islands",1980,7549,"TCA","Americas"
"Tuvalu",1980,7346,"TUV","Oceania"
"Uganda",1980,13275699,"UGA","Africa"
"Ukraine",1980,49955103,"UKR","Europe"
"United Arab Emirates",1980,1015670,"ARE","Asia"
"United Kingdom",1980,56282054,"GBR","Europe"
"United States",1980,229858606,"USA","Americas"
"United States Virgin Islands",1980,96535,"UMI","Oceania"
"Uruguay",1980,2951905,"URY","Americas"
"Uzbekistan",1980,15619888,"UZB","Asia"
"Vanuatu",1980,115632,"VUT","Oceania"
"Venezuela",1980,15258178,"VEN","Americas"
"Vietnam",1980,52490051,"VNM","Asia"
"Wallis and Futuna",1980,11101,"WLF","Oceania"
"Western Sahara",1980,117330,"ESH","Africa"
"Yemen",1980,9543316,"YEM","Asia"
"Zambia",1980,5802797,"ZMB","Africa"
"Zimbabwe",1980,7041251,"ZWE","Africa"
"Afghanistan",1981,11937540,"AFG","Asia"
"Albania",1981,2790376,"ALB","Europe"
"Algeria",1981,19220656,"DZA","Africa"
"American Samoa",1981,33563,"ASM","Oceania"
"Andorra",1981,37143,"AND","Europe"
"Angola",1981,8435554,"AGO","Africa"
"Anguilla",1981,6592,"AIA","Americas"
"Antigua and Barbuda",1981,64629,"ATG","Americas"
"Argentina",1981,28463917,"ARG","Americas"
"Armenia",1981,3135300,"ARM","Asia"
"Aruba",1981,62229,"ABW","Americas"
"Australia",1981,14949155,"AUS","Oceania"
"Austria",1981,7567494,"AUT","Europe"
"Azerbaijan",1981,6385558,"AZE","Asia"
"Bahamas",1981,236569,"BHS","Americas"
"Bahrain",1981,373495,"BHR","Asia"
"Bangladesh",1981,90303059,"BGD","Asia"
"Barbados",1981,252233,"BRB","Americas"
"Belarus",1981,9677989,"BLR","Europe"
"Belgium",1981,9850626,"BEL","Europe"
"Belize",1981,148753,"BLZ","Americas"
"Benin",1981,4038268,"BEN","Africa"
"Bermuda",1981,53971,"BMU","Americas"
"Bhutan",1981,447799,"BTN","Asia"
"Bolivia",1981,5888067,"BOL","Americas"
"Bonaire Sint Eustatius and Saba",1981,11918,"BES","Americas"
"Bosnia and Herzegovina",1981,4184171,"BIH","Europe"
"Botswana",1981,969951,"BWA","Africa"
"Brazil",1981,124063068,"BRA","Americas"
"British Virgin Islands",1981,11460,"IOT","Africa"
"Brunei",1981,191939,"BRN","Asia"
"Bulgaria",1981,8887751,"BGR","Europe"
"Burkina Faso",1981,7140221,"BFA","Africa"
"Burundi",1981,4565964,"BDI","Africa"
"Cambodia",1981,5284463,"KHM","Asia"
"Cameroon",1981,8816322,"CMR","Africa"
"Canada",1981,24844926,"CAN","Americas"
"Cape Verde",1981,327819,"CPV","Africa"
"Cayman Islands",1981,17879,"CYM","Americas"
"Central African Republic",1981,2478369,"CAF","Africa"
"Chad",1981,4520919,"TCD","Africa"
"Chile",1981,11678670,"CHL","Americas"
"China",1981,997721024,"CHN","Asia"
"Colombia",1981,26713212,"COL","Americas"
"Comoros",1981,347349,"COM","Africa"
"Congo",1981,1869714,"COG","Africa"
"Cook Islands",1981,17581,"COK","Oceania"
"Costa Rica",1981,2456597,"CRI","Americas"
"Cote d'Ivoire",1981,8556550,"CIV","Africa"
"Croatia",1981,4664217,"HRV","Europe"
"Cuba",1981,9849279,"CUB","Americas"
"Cyprus",1981,688846,"CYP","Asia"
"Czechia",1981,10289471,"CZE","Europe"
"Democratic Republic of Congo",1981,27500479,"COD","Africa"
"Denmark",1981,5121567,"DNK","Europe"
"Djibouti",1981,343020,"DJI","Africa"
"Dominica",1981,72956,"DMA","Americas"
"Dominican Republic",1981,5868406,"DOM","Americas"
"East Timor",1981,660463,"TLS","Asia"
"Ecuador",1981,8386867,"ECU","Americas"
"Egypt",1981,45147178,"EGY","Africa"
"El Salvador",1981,4570559,"SLV","Americas"
"Equatorial Guinea",1981,303214,"GNQ","Africa"
"Eritrea",1981,1649905,"ERI","Africa"
"Estonia",1981,1485288,"EST","Europe"
"Eswatini",1981,616770,"SWZ","Africa"
"Ethiopia",1981,35303958,"ETH","Africa"
"Falkland Islands",1981,2224,"FLK","Americas"
"Faroe Islands",1981,43604,"FRO","Europe"
"Fiji",1981,657421,"FJI","Oceania"
"Finland",1981,4799797,"FIN","Europe"
"France",1981,54254943,"FRA","Europe"
"French Guiana",1981,68911,"GUF","Americas"
"French Polynesia",1981,161470,"PYF","Oceania"
"Gabon",1981,768344,"GAB","Africa"
"Gambia",1981,739091,"GMB","Africa"
"Georgia",1981,5204983,"GEO","Asia"
"Germany",1981,78447990,"DEU","Europe"
"Ghana",1981,12281666,"GHA","Africa"
"Gibraltar",1981,28718,"GIB","Europe"
"Greece",1981,9754355,"GRC","Europe"
"Greenland",1981,50690,"GRL","Americas"
"Grenada",1981,94021,"GRD","Americas"
"Guadeloupe",1981,332480,"GLP","Americas"
"Guam",1981,112872,"GUM","Oceania"
"Guatemala",1981,7075604,"GTM","Americas"
"Guernsey",1981,54000,"GGY","Europe"
"Guinea",1981,5143250,"GIN","Africa"
"Guinea-Bissau",1981,842388,"GNB","Africa"
"Guyana",1981,776413,"GUY","Americas"
"Haiti",1981,5723673,"HTI","Americas"
"Honduras",1981,3841724,"HND","Americas"
"Hong Kong",1981,5060911,"HKG","Asia"
"Hungary",1981,10679280,"HUN","Europe"
"Iceland",1981,230704,"ISL","Europe"
"India",1981,703696202,"IND","Asia"
"Indonesia",1981,152484982,"IDN","Asia"
"Iran",1981,41989269,"IRN","Asia"
"Iraq",1981,14006321,"IRQ","Asia"
"Ireland",1981,3448782,"IRL","Europe"
"Isle of Man",1981,64569,"IMN","Europe"
"Israel",1981,3802185,"ISR","Asia"
"Italy",1981,56646707,"ITA","Europe"
"Jamaica",1981,2173769,"JAM","Americas"
"Japan",1981,118994001,"JPN","Asia"
"Jersey",1981,77018,"JEY","Europe"
"Jordan",1981,2325475,"JOR","Asia"
"Kazakhstan",1981,15323040,"KAZ","Asia"
"Kenya",1981,16601467,"KEN","Africa"
"Kiribati",1981,62089,"KIR","Oceania"
"Kosovo",1981,1646512,"XKX","Europe"
"Kuwait",1981,1583378,"KWT","Asia"
"Kyrgyzstan",1981,3804404,"KGZ","Asia"
"Laos",1981,3366594,"LAO","Asia"
"Latvia",1981,2519923,"LVA","Europe"
"Lebanon",1981,3008938,"LBN","Asia"
"Lesotho",1981,1448026,"LSO","Africa"
"Liberia",1981,1986808,"LBR","Africa"
"Libya",1981,3621441,"LBY","Africa"
"Liechtenstein",1981,25443,"LIE","Europe"
"Lithuania",1981,3452271,"LTU","Europe"
"Luxembourg",1981,364439,"LUX","Europe"
"Macao",1981,252472,"MAC","Asia"
"Madagascar",1981,9278967,"MDG","Africa"
"Malawi",1981,6516405,"MWI","Africa"
"Malaysia",1981,13399154,"MYS","Asia"
"Maldives",1981,169505,"MDV","Asia"
"Mali",1981,7692729,"MLI","Africa"
"Malta",1981,344712,"MLT","Europe"
"Marshall Islands",1981,31984,"MHL","Oceania"
"Martinique",1981,332954,"MTQ","Americas"
"Mauritania",1981,1516834,"MRT","Africa"
"Mauritius",1981,969171,"MUS","Africa"
"Mayotte",1981,52916,"MYT","Africa"
"Mexico",1981,68892067,"MEX","Americas"
"Micronesia (country)",1981,79768,"FSM","Oceania"
"Moldova",1981,4089487,"MDA","Europe"
"Monaco",1981,27263,"MCO","Europe"
"Mongolia",1981,1742800,"MNG","Asia"
"Montenegro",1981,589870,"MNE","Europe"
"Montserrat",1981,11216,"MSR","Americas"
"Morocco",1981,19985354,"MAR","Africa"
"Mozambique",1981,11568078,"MOZ","Africa"
"Myanmar",1981,33858730,"MMR","Asia"
"Namibia",1981,992453,"NAM","Africa"
"Nauru",1981,7831,"NRU","Oceania"
"Nepal",1981,15922371,"NPL","Asia"
"Netherlands",1981,14262633,"NLD","Europe"
"New Caledonia",1981,151413,"NCL","Oceania"
"New Zealand",1981,3159796,"NZL","Oceania"
"Nicaragua",1981,3345639,"NIC","Americas"
"Niger",1981,6321966,"NER","Africa"
"Nigeria",1981,76068070,"NGA","Africa"
"Niue",1981,3373,"NIU","Oceania"
"North Korea",1981,18501258,"PRK","Asia"
"North Macedonia",1981,1959016,"MKD","Europe"
"Northern Mariana Islands",1981,19805,"MNP","Oceania"
"Norway",1981,4099625,"NOR","Europe"
"Oman",1981,1057284,"OMN","Asia"
"Pakistan",1981,85801998,"PAK","Asia"
"Palau",1981,12385,"PLW","Oceania"
"Palestine",1981,1512665,"PSX","Asia"
"Panama",1981,2004379,"PAN","Americas"
"Papua New Guinea",1981,3196972,"PNG","Oceania"
"Paraguay",1981,3137560,"PRY","Americas"
"Peru",1981,17798756,"PER","Americas"
"Philippines",1981,49311673,"PHL","Asia"
"Poland",1981,35900863,"POL","Europe"
"Portugal",1981,9837551,"PRT","Europe"
"Puerto Rico",1981,3256516,"PRI","Americas"
"Qatar",1981,293515,"QAT","Asia"
"Reunion",1981,560929,"REU","Africa"
"Romania",1981,22272743,"ROU","Europe"
"Russia",1981,139351451,"RUS","Europe"
"Rwanda",1981,5527192,"RWA","Africa"
"Saint Barthelemy",1981,3004,"BLM","Americas"
"Saint Helena",1981,6428,"SHN","Africa"
"Saint Kitts and Nevis",1981,42679,"KNA","Americas"
"Saint Lucia",1981,121132,"LCA","Americas"
"Saint Martin (French part)",1981,8485,"MAF","Americas"
"Saint Pierre and Miquelon",1981,6140,"SPM","Americas"
"Saint Vincent and the Grenadines",1981,105040,"VCT","Americas"
"Samoa",1981,165642,"WSM","Oceania"
"San Marino",1981,21823,"SMR","Europe"
"Sao Tome and Principe",1981,100589,"STP","Africa"
"Saudi Arabia",1981,6420504,"SAU","Asia"
"Senegal",1981,5997115,"SEN","Africa"
"Serbia",1981,7827808,"SRB","Europe"
"Seychelles",1981,66922,"SYC","Africa"
"Sierra Leone",1981,3338897,"SLE","Africa"
"Singapore",1981,2531758,"SGP","Asia"
"Sint Maarten (Dutch part)",1981,13287,"SXM","Americas"
"Slovakia",1981,5014906,"SVK","Europe"
"Slovenia",1981,1914544,"SVN","Europe"
"Solomon Islands",1981,246526,"SLB","Oceania"
"Somalia",1981,5982805,"SOM","Africa"
"South Africa",1981,30540997,"ZAF","Africa"
"South Korea",1981,38689143,"KOR","Asia"
"South Sudan",1981,4447222,"SSD","Africa"
"Spain",1981,37812657,"ESP","Europe"
"Sri Lanka",1981,15099368,"LKA","Asia"
"Sudan",1981,17780532,"SDN","Africa"
"Suriname",1981,375417,"SUR","Americas"
"Sweden",1981,8320408,"SWE","Europe"
"Switzerland",1981,6354514,"CHE","Europe"
"Syria",1981,9260138,"SYR","Asia"
"Taiwan",1981,18412786,"TWN","Asia"
"Tajikistan",1981,4108982,"TJK","Asia"
"Tanzania",1981,19784665,"TZA","Africa"
"Thailand",1981,46575803,"THA","Asia"
"Togo",1981,3012989,"TGO","Africa"
"Tokelau",1981,1643,"TKL","Oceania"
"Tonga",1981,97886,"TON","Oceania"
"Trinidad and Tobago",1981,1135095,"TTO","Americas"
"Tunisia",1981,6758245,"TUN","Africa"
"Turkey",1981,46321145,"TUR","Asia"
"Turkmenistan",1981,2907153,"TKM","Asia"
"Turks and Caicos Islands",1981,7888,"TCA","Americas"
"Tuvalu",1981,7515,"TUV","Oceania"
"Uganda",1981,13556405,"UGA","Africa"
"Ukraine",1981,50189240,"UKR","Europe"
"United Arab Emirates",1981,1099821,"ARE","Asia"
"United Kingdom",1981,56304540,"GBR","Europe"
"United States",1981,232201562,"USA","Americas"
"United States Virgin Islands",1981,97728,"UMI","Oceania"
"Uruguay",1981,2963206,"URY","Americas"
"Uzbekistan",1981,16034978,"UZB","Asia"
"Vanuatu",1981,118220,"VUT","Oceania"
"Venezuela",1981,15687249,"VEN","Americas"
"Vietnam",1981,53738083,"VNM","Asia"
"Wallis and Futuna",1981,11604,"WLF","Oceania"
"Western Sahara",1981,126848,"ESH","Africa"
"Yemen",1981,9882320,"YEM","Asia"
"Zambia",1981,5983257,"ZMB","Africa"
"Zimbabwe",1981,7498592,"ZWE","Africa"
"Afghanistan",1982,10991329,"AFG","Asia"
"Albania",1982,2846846,"ALB","Europe"
"Algeria",1982,19872306,"DZA","Africa"
"American Samoa",1982,34895,"ASM","Oceania"
"Andorra",1982,38743,"AND","Europe"
"Angola",1982,8751606,"AGO","Africa"
"Anguilla",1982,6614,"AIA","Americas"
"Antigua and Barbuda",1982,64753,"ATG","Americas"
"Argentina",1982,28924212,"ARG","Americas"
"Armenia",1982,3163092,"ARM","Asia"
"Aruba",1982,62632,"ABW","Americas"
"Australia",1982,15192443,"AUS","Oceania"
"Austria",1982,7573032,"AUT","Europe"
"Azerbaijan",1982,6491390,"AZE","Asia"
"Bahamas",1982,240581,"BHS","Americas"
"Bahrain",1982,386935,"BHR","Asia"
"Bangladesh",1982,92814458,"BGD","Asia"
"Barbados",1982,253047,"BRB","Americas"
"Belarus",1982,9748234,"BLR","Europe"
"Belgium",1982,9862280,"BEL","Europe"
"Belize",1982,152509,"BLZ","Americas"
"Benin",1982,4156550,"BEN","Africa"
"Bermuda",1982,54362,"BMU","Americas"
"Bhutan",1982,462440,"BTN","Asia"
"Bolivia",1982,6018045,"BOL","Americas"
"Bonaire Sint Eustatius and Saba",1982,12040,"BES","Americas"
"Bosnia and Herzegovina",1982,4221057,"BIH","Europe"
"Botswana",1982,1009228,"BWA","Africa"
"Brazil",1982,126923109,"BRA","Americas"
"British Virgin Islands",1982,11905,"IOT","Africa"
"Brunei",1982,198130,"BRN","Asia"
"Bulgaria",1982,8912687,"BGR","Europe"
"Burkina Faso",1982,7340153,"BFA","Africa"
"Burundi",1982,4681348,"BDI","Africa"
"Cambodia",1982,5436392,"KHM","Asia"
"Cameroon",1982,9028626,"CMR","Africa"
"Canada",1982,25140108,"CAN","Americas"
"Cape Verde",1982,332688,"CPV","Africa"
"Cayman Islands",1982,18731,"CYM","Americas"
"Central African Republic",1982,2507321,"CAF","Africa"
"Chad",1982,4738432,"TCD","Africa"
"Chile",1982,11850159,"CHL","Americas"
"China",1982,1013588115,"CHN","Asia"
"Colombia",1982,27338283,"COL","Americas"
"Comoros",1982,357095,"COM","Africa"
"Congo",1982,1910381,"COG","Africa"
"Cook Islands",1982,17452,"COK","Oceania"
"Costa Rica",1982,2524764,"CRI","Americas"
"Cote d'Ivoire",1982,8907892,"CIV","Africa"
"Croatia",1982,4689101,"HRV","Europe"
"Cuba",1982,9912631,"CUB","Americas"
"Cyprus",1982,696453,"CYP","Asia"
"Czechia",1982,10298966,"CZE","Europe"
"Democratic Republic of Congo",1982,28338147,"COD","Africa"
"Denmark",1982,5117847,"DNK","Europe"
"Djibouti",1982,356848,"DJI","Africa"
"Dominica",1982,72655,"DMA","Americas"
"Dominican Republic",1982,6007070,"DOM","Americas"
"East Timor",1982,669110,"TLS","Asia"
"Ecuador",1982,8611245,"ECU","Americas"
"Egypt",1982,46407560,"EGY","Africa"
"El Salvador",1982,4622428,"SLV","Americas"
"Equatorial Guinea",1982,322186,"GNQ","Africa"
"Eritrea",1982,1695429,"ERI","Africa"
"Estonia",1982,1494863,"EST","Europe"
"Eswatini",1982,637613,"SWZ","Africa"
"Ethiopia",1982,36701247,"ETH","Africa"
"Falkland Islands",1982,2225,"FLK","Americas"
"Faroe Islands",1982,44149,"FRO","Europe"
"Fiji",1982,673366,"FJI","Oceania"
"Finland",1982,4826841,"FIN","Europe"
"France",1982,54582351,"FRA","Europe"
"French Guiana",1982,72253,"GUF","Americas"
"French Polynesia",1982,166608,"PYF","Oceania"
"Gabon",1982,789243,"GAB","Africa"
"Gambia",1982,765708,"GMB","Africa"
"Georgia",1982,5246422,"GEO","Asia"
"Germany",1982,78393617,"DEU","Europe"
"Ghana",1982,12643770,"GHA","Africa"
"Gibraltar",1982,28744,"GIB","Europe"
"Greece",1982,9837427,"GRC","Europe"
"Greenland",1982,51311,"GRL","Americas"
"Grenada",1982,94354,"GRD","Americas"
"Guadeloupe",1982,335781,"GLP","Americas"
"Guam",1982,115682,"GUM","Oceania"
"Guatemala",1982,7240193,"GTM","Americas"
"Guernsey",1982,54319,"GGY","Europe"
"Guinea",1982,5247619,"GIN","Africa"
"Guinea-Bissau",1982,855857,"GNB","Africa"
"Guyana",1982,776672,"GUY","Americas"
"Haiti",1982,5835888,"HTI","Americas"
"Honduras",1982,3958682,"HND","Americas"
"Hong Kong",1982,5150051,"HKG","Asia"
"Hungary",1982,10656055,"HUN","Europe"
"Iceland",1982,233804,"ISL","Europe"
"India",1982,720313419,"IND","Asia"
"Indonesia",1982,156052104,"IDN","Asia"
"Iran",1982,44272088,"IRN","Asia"
"Iraq",1982,14406034,"IRQ","Asia"
"Ireland",1982,3475477,"IRL","Europe"
"Isle of Man",1982,64658,"IMN","Europe"
"Israel",1982,3883585,"ISR","Asia"
"Italy",1982,56719130,"ITA","Europe"
"Jamaica",1982,2203839,"JAM","Americas"
"Japan",1982,119485721,"JPN","Asia"
"Jersey",1982,77795,"JEY","Europe"
"Jordan",1982,2426886,"JOR","Asia"
"Kazakhstan",1982,15492548,"KAZ","Asia"
"Kenya",1982,17206125,"KEN","Africa"
"Kiribati",1982,63102,"KIR","Oceania"
"Kosovo",1982,1683119,"XKX","Europe"
"Kuwait",1982,1662442,"KWT","Asia"
"Kyrgyzstan",1982,3882773,"KGZ","Asia"
"Laos",1982,3449973,"LAO","Asia"
"Latvia",1982,2531961,"LVA","Europe"
"Lebanon",1982,3054871,"LBN","Asia"
"Lesotho",1982,1490680,"LSO","Africa"
"Liberia",1982,2045033,"LBR","Africa"
"Libya",1982,3724722,"LBY","Africa"
"Liechtenstein",1982,25832,"LIE","Europe"
"Lithuania",1982,3477532,"LTU","Europe"
"Luxembourg",1982,365014,"LUX","Europe"
"Macao",1982,260997,"MAC","Asia"
"Madagascar",1982,9557638,"MDG","Africa"
"Malawi",1982,6778837,"MWI","Africa"
"Malaysia",1982,13832752,"MYS","Asia"
"Maldives",1982,174297,"MDV","Asia"
"Mali",1982,7860152,"MLI","Africa"
"Malta",1982,346619,"MLT","Europe"
"Marshall Islands",1982,33370,"MHL","Oceania"
"Martinique",1982,334995,"MTQ","Americas"
"Mauritania",1982,1561138,"MRT","Africa"
"Mauritius",1982,983563,"MUS","Africa"
"Mayotte",1982,55885,"MYT","Africa"
"Mexico",1982,70433206,"MEX","Americas"
"Micronesia (country)",1982,82191,"FSM","Oceania"
"Moldova",1982,4130020,"MDA","Europe"
"Monaco",1982,27531,"MCO","Europe"
"Mongolia",1982,1785311,"MNG","Asia"
"Montenegro",1982,593588,"MNE","Europe"
"Montserrat",1982,11160,"MSR","Americas"
"Morocco",1982,20520273,"MAR","Africa"
"Mozambique",1982,11824314,"MOZ","Africa"
"Myanmar",1982,34482922,"MMR","Asia"
"Namibia",1982,1010267,"NAM","Africa"
"Nauru",1982,8013,"NRU","Oceania"
"Nepal",1982,16297949,"NPL","Asia"
"Netherlands",1982,14333857,"NLD","Europe"
"New Caledonia",1982,152967,"NCL","Oceania"
"New Zealand",1982,3185079,"NZL","Oceania"
"Nicaragua",1982,3438690,"NIC","Americas"
"Niger",1982,6512692,"NER","Africa"
"Nigeria",1982,78378654,"NGA","Africa"
"Niue",1982,3242,"NIU","Oceania"
"North Korea",1982,18776316,"PRK","Asia"
"North Macedonia",1982,1978913,"MKD","Europe"
"Northern Mariana Islands",1982,22329,"MNP","Oceania"
"Norway",1982,4114696,"NOR","Europe"
"Oman",1982,1117637,"OMN","Asia"
"Pakistan",1982,89089199,"PAK","Asia"
"Palau",1982,12684,"PLW","Oceania"
"Palestine",1982,1560956,"PSX","Asia"
"Panama",1982,2052231,"PAN","Americas"
"Papua New Guinea",1982,3264253,"PNG","Oceania"
"Paraguay",1982,3226151,"PRY","Americas"
"Peru",1982,18246453,"PER","Americas"
"Philippines",1982,50695663,"PHL","Asia"
"Poland",1982,36233406,"POL","Europe"
"Portugal",1982,9885797,"PRT","Europe"
"Puerto Rico",1982,3295874,"PRI","Americas"
"Qatar",1982,311501,"QAT","Asia"
"Reunion",1982,569585,"REU","Africa"
"Romania",1982,22374398,"ROU","Europe"
"Russia",1982,140247703,"RUS","Europe"
"Rwanda",1982,5711508,"RWA","Africa"
"Saint Barthelemy",1982,3166,"BLM","Americas"
"Saint Helena",1982,6502,"SHN","Africa"
"Saint Kitts and Nevis",1982,42498,"KNA","Americas"
"Saint Lucia",1982,123047,"LCA","Americas"
"Saint Martin (French part)",1982,9479,"MAF","Americas"
"Saint Pierre and Miquelon",1982,6119,"SPM","Americas"
"Saint Vincent and the Grenadines",1982,105941,"VCT","Americas"
"Samoa",1982,166443,"WSM","Oceania"
"San Marino",1982,22038,"SMR","Europe"
"Sao Tome and Principe",1982,102479,"STP","Africa"
"Saudi Arabia",1982,6824441,"SAU","Asia"
"Senegal",1982,6156917,"SEN","Africa"
"Serbia",1982,7849602,"SRB","Europe"
"Seychelles",1982,67622,"SYC","Africa"
"Sierra Leone",1982,3408143,"SLE","Africa"
"Singapore",1982,2627373,"SGP","Asia"
"Sint Maarten (Dutch part)",1982,14589,"SXM","Americas"
"Slovakia",1982,5051756,"SVK","Europe"
"Slovenia",1982,1917933,"SVN","Europe"
"Solomon Islands",1982,255170,"SLB","Oceania"
"Somalia",1982,6003787,"SOM","Africa"
"South Africa",1982,31615289,"ZAF","Africa"
"South Korea",1982,39356105,"KOR","Asia"
"South Sudan",1982,4557637,"SSD","Africa"
"Spain",1982,38047053,"ESP","Europe"
"Sri Lanka",1982,15286521,"LKA","Asia"
"Sudan",1982,18486597,"SDN","Africa"
"Suriname",1982,376517,"SUR","Americas"
"Sweden",1982,8325131,"SWE","Europe"
"Switzerland",1982,6391753,"CHE","Europe"
"Syria",1982,9572473,"SYR","Asia"
"Taiwan",1982,18723938,"TWN","Asia"
"Tajikistan",1982,4227131,"TJK","Asia"
"Tanzania",1982,20398524,"TZA","Africa"
"Thailand",1982,47494539,"THA","Asia"
"Togo",1982,3114987,"TGO","Africa"
"Tokelau",1982,1652,"TKL","Oceania"
"Tonga",1982,97951,"TON","Oceania"
"Trinidad and Tobago",1982,1147881,"TTO","Americas"
"Tunisia",1982,6908597,"TUN","Africa"
"Turkey",1982,47322049,"TUR","Asia"
"Turkmenistan",1982,2985513,"TKM","Asia"
"Turks and Caicos Islands",1982,8280,"TCA","Americas"
"Tuvalu",1982,7646,"TUV","Oceania"
"Uganda",1982,13873581,"UGA","Africa"
"Ukraine",1982,50402672,"UKR","Europe"
"United Arab Emirates",1982,1166332,"ARE","Asia"
"United Kingdom",1982,56292705,"GBR","Europe"
"United States",1982,234583103,"USA","Americas"
"United States Virgin Islands",1982,98608,"UMI","Oceania"
"Uruguay",1982,2975444,"URY","Americas"
"Uzbekistan",1982,16462701,"UZB","Asia"
"Vanuatu",1982,121009,"VUT","Oceania"
"Venezuela",1982,16121826,"VEN","Americas"
"Vietnam",1982,55011246,"VNM","Asia"
"Wallis and Futuna",1982,12133,"WLF","Oceania"
"Western Sahara",1982,134443,"ESH","Africa"
"Yemen",1982,10240953,"YEM","Asia"
"Zambia",1982,6178583,"ZMB","Africa"
"Zimbabwe",1982,7796454,"ZWE","Africa"
"Afghanistan",1983,10917939,"AFG","Asia"
"Albania",1983,2905083,"ALB","Europe"
"Algeria",1983,20558077,"DZA","Africa"
"American Samoa",1983,36255,"ASM","Oceania"
"Andorra",1983,40543,"AND","Europe"
"Angola",1983,9082937,"AGO","Africa"
"Anguilla",1983,6634,"AIA","Americas"
"Antigua and Barbuda",1983,64903,"ATG","Americas"
"Argentina",1983,29391291,"ARG","Americas"
"Armenia",1983,3191496,"ARM","Asia"
"Aruba",1983,63071,"ABW","Americas"
"Australia",1983,15414842,"AUS","Oceania"
"Austria",1983,7561119,"AUT","Europe"
"Azerbaijan",1983,6602286,"AZE","Asia"
"Bahamas",1983,244670,"BHS","Americas"
"Bahrain",1983,400679,"BHR","Asia"
"Bangladesh",1983,95335110,"BGD","Asia"
"Barbados",1983,253951,"BRB","Americas"
"Belarus",1983,9815504,"BLR","Europe"
"Belgium",1983,9869086,"BEL","Europe"
"Belize",1983,156264,"BLZ","Americas"
"Benin",1983,4278927,"BEN","Africa"
"Bermuda",1983,54747,"BMU","Americas"
"Bhutan",1983,477431,"BTN","Asia"
"Bolivia",1983,6149021,"BOL","Americas"
"Bonaire Sint Eustatius and Saba",1983,12129,"BES","Americas"
"Bosnia and Herzegovina",1983,4258678,"BIH","Europe"
"Botswana",1983,1046096,"BWA","Africa"
"Brazil",1983,129790032,"BRA","Americas"
"British Virgin Islands",1983,12341,"IOT","Africa"
"Brunei",1983,204710,"BRN","Asia"
"Bulgaria",1983,8933276,"BGR","Europe"
"Burkina Faso",1983,7551091,"BFA","Africa"
"Burundi",1983,4808486,"BDI","Africa"
"Cambodia",1983,5636160,"KHM","Asia"
"Cameroon",1983,9215332,"CMR","Africa"
"Canada",1983,25412558,"CAN","Americas"
"Cape Verde",1983,337618,"CPV","Africa"
"Cayman Islands",1983,19577,"CYM","Americas"
"Central African Republic",1983,2537365,"CAF","Africa"
"Chad",1983,4979076,"TCD","Africa"
"Chile",1983,12026098,"CHL","Americas"
"China",1983,1029064904,"CHN","Asia"
"Colombia",1983,27988129,"COL","Americas"
"Comoros",1983,367193,"COM","Africa"
"Congo",1983,1950279,"COG","Africa"
"Cook Islands",1983,17264,"COK","Oceania"
"Costa Rica",1983,2595106,"CRI","Americas"
"Cote d'Ivoire",1983,9272696,"CIV","Africa"
"Croatia",1983,4712828,"HRV","Europe"
"Cuba",1983,9990972,"CUB","Americas"
"Cyprus",1983,707177,"CYP","Asia"
"Czechia",1983,10302896,"CZE","Europe"
"Democratic Republic of Congo",1983,29250917,"COD","Africa"
"Denmark",1983,5114422,"DNK","Europe"
"Djibouti",1983,369520,"DJI","Africa"
"Dominica",1983,72331,"DMA","Americas"
"Dominican Republic",1983,6147200,"DOM","Americas"
"East Timor",1983,677655,"TLS","Asia"
"Ecuador",1983,8840378,"ECU","Americas"
"Egypt",1983,47786351,"EGY","Africa"
"El Salvador",1983,4707322,"SLV","Americas"
"Equatorial Guinea",1983,343388,"GNQ","Africa"
"Eritrea",1983,1736114,"ERI","Africa"
"Estonia",1983,1505197,"EST","Europe"
"Eswatini",1983,658916,"SWZ","Africa"
"Ethiopia",1983,37740768,"ETH","Africa"
"Falkland Islands",1983,2225,"FLK","Americas"
"Faroe Islands",1983,44646,"FRO","Europe"
"Fiji",1983,689794,"FJI","Oceania"
"Finland",1983,4855748,"FIN","Europe"
"France",1983,54889361,"FRA","Europe"
"French Guiana",1983,76548,"GUF","Americas"
"French Polynesia",1983,171715,"PYF","Oceania"
"Gabon",1983,810959,"GAB","Africa"
"Gambia",1983,794477,"GMB","Africa"
"Georgia",1983,5290135,"GEO","Asia"
"Germany",1983,78224082,"DEU","Europe"
"Ghana",1983,13029795,"GHA","Africa"
"Gibraltar",1983,28712,"GIB","Europe"
"Greece",1983,9911440,"GRC","Europe"
"Greenland",1983,51934,"GRL","Americas"
"Grenada",1983,94913,"GRD","Americas"
"Guadeloupe",1983,341344,"GLP","Americas"
"Guam",1983,118469,"GUM","Oceania"
"Guatemala",1983,7419585,"GTM","Americas"
"Guernsey",1983,54732,"GGY","Europe"
"Guinea",1983,5359772,"GIN","Africa"
"Guinea-Bissau",1983,869546,"GNB","Africa"
"Guyana",1983,775854,"GUY","Americas"
"Haiti",1983,5951049,"HTI","Americas"
"Honduras",1983,4078128,"HND","Americas"
"Hong Kong",1983,5235071,"HKG","Asia"
"Hungary",1983,10622939,"HUN","Europe"
"Iceland",1983,236928,"ISL","Europe"
"India",1983,737372629,"IND","Asia"
"Indonesia",1983,159651335,"IDN","Asia"
"Iran",1983,46029491,"IRN","Asia"
"Iraq",1983,14840507,"IRQ","Asia"
"Ireland",1983,3497558,"IRL","Europe"
"Isle of Man",1983,64612,"IMN","Europe"
"Israel",1983,3959591,"ISR","Asia"
"Italy",1983,56766060,"ITA","Europe"
"Jamaica",1983,2234775,"JAM","Americas"
"Japan",1983,119948895,"JPN","Asia"
"Jersey",1983,78641,"JEY","Europe"
"Jordan",1983,2537257,"JOR","Asia"
"Kazakhstan",1983,15665504,"KAZ","Asia"
"Kenya",1983,17846319,"KEN","Africa"
"Kiribati",1983,64134,"KIR","Oceania"
"Kosovo",1983,1719196,"XKX","Europe"
"Kuwait",1983,1744255,"KWT","Asia"
"Kyrgyzstan",1983,3965724,"KGZ","Asia"
"Laos",1983,3540952,"LAO","Asia"
"Latvia",1983,2546934,"LVA","Europe"
"Lebanon",1983,3094955,"LBN","Asia"
"Lesotho",1983,1534358,"LSO","Africa"
"Liberia",1983,2107066,"LBR","Africa"
"Libya",1983,3718916,"LBY","Africa"
"Liechtenstein",1983,26215,"LIE","Europe"
"Lithuania",1983,3505382,"LTU","Europe"
"Luxembourg",1983,365447,"LUX","Europe"
"Macao",1983,270484,"MAC","Asia"
"Madagascar",1983,9842996,"MDG","Africa"
"Malawi",1983,7051656,"MWI","Africa"
"Malaysia",1983,14285863,"MYS","Asia"
"Maldives",1983,179097,"MDV","Asia"
"Mali",1983,8034354,"MLI","Africa"
"Malta",1983,348549,"MLT","Europe"
"Marshall Islands",1983,34799,"MHL","Oceania"
"Martinique",1983,338616,"MTQ","Americas"
"Mauritania",1983,1606708,"MRT","Africa"
"Mauritius",1983,997334,"MUS","Africa"
"Mayotte",1983,58970,"MYT","Africa"
"Mexico",1983,71971193,"MEX","Americas"
"Micronesia (country)",1983,84656,"FSM","Oceania"
"Moldova",1983,4172042,"MDA","Europe"
"Monaco",1983,27939,"MCO","Europe"
"Mongolia",1983,1829046,"MNG","Asia"
"Montenegro",1983,596914,"MNE","Europe"
"Montserrat",1983,11095,"MSR","Americas"
"Morocco",1983,21060650,"MAR","Africa"
"Mozambique",1983,12073770,"MOZ","Africa"
"Myanmar",1983,35162668,"MMR","Asia"
"Namibia",1983,1037463,"NAM","Africa"
"Nauru",1983,8194,"NRU","Oceania"
"Nepal",1983,16689080,"NPL","Asia"
"Netherlands",1983,14396860,"NLD","Europe"
"New Caledonia",1983,154981,"NCL","Oceania"
"New Zealand",1983,3219236,"NZL","Oceania"
"Nicaragua",1983,3530225,"NIC","Americas"
"Niger",1983,6708600,"NER","Africa"
"Nigeria",1983,80438209,"NGA","Africa"
"Niue",1983,3087,"NIU","Oceania"
"North Korea",1983,19053986,"PRK","Asia"
"North Macedonia",1983,1991861,"MKD","Europe"
"Northern Mariana Islands",1983,24916,"MNP","Oceania"
"Norway",1983,4128282,"NOR","Europe"
"Oman",1983,1181419,"OMN","Asia"
"Pakistan",1983,92227659,"PAK","Asia"
"Palau",1983,12995,"PLW","Oceania"
"Palestine",1983,1618729,"PSX","Asia"
"Panama",1983,2101067,"PAN","Americas"
"Papua New Guinea",1983,3333595,"PNG","Oceania"
"Paraguay",1983,3318022,"PRY","Americas"
"Peru",1983,18705915,"PER","Americas"
"Philippines",1983,52194577,"PHL","Asia"
"Poland",1983,36573658,"POL","Europe"
"Portugal",1983,9925205,"PRT","Europe"
"Puerto Rico",1983,3332594,"PRI","Americas"
"Qatar",1983,329668,"QAT","Asia"
"Reunion",1983,579195,"REU","Africa"
"Romania",1983,22459163,"ROU","Europe"
"Russia",1983,141331232,"RUS","Europe"
"Rwanda",1983,5905270,"RWA","Africa"
"Saint Barthelemy",1983,3475,"BLM","Americas"
"Saint Helena",1983,6557,"SHN","Africa"
"Saint Kitts and Nevis",1983,42305,"KNA","Americas"
"Saint Lucia",1983,125009,"LCA","Americas"
"Saint Martin (French part)",1983,11471,"MAF","Americas"
"Saint Pierre and Miquelon",1983,6165,"SPM","Americas"
"Saint Vincent and the Grenadines",1983,106810,"VCT","Americas"
"Samoa",1983,166687,"WSM","Oceania"
"San Marino",1983,22209,"SMR","Europe"
"Sao Tome and Principe",1983,104353,"STP","Africa"
"Saudi Arabia",1983,7252903,"SAU","Asia"
"Senegal",1983,6324464,"SEN","Africa"
"Serbia",1983,7864546,"SRB","Europe"
"Seychelles",1983,68326,"SYC","Africa"
"Sierra Leone",1983,3481588,"SLE","Africa"
"Singapore",1983,2685940,"SGP","Asia"
"Sint Maarten (Dutch part)",1983,16107,"SXM","Americas"
"Slovakia",1983,5086399,"SVK","Europe"
"Slovenia",1983,1923315,"SVN","Europe"
"Solomon Islands",1983,264033,"SLB","Oceania"
"Somalia",1983,6198386,"SOM","Africa"
"South Africa",1983,32739263,"ZAF","Africa"
"South Korea",1983,40000897,"KOR","Asia"
"South Sudan",1983,4661527,"SSD","Africa"
"Spain",1983,38253195,"ESP","Europe"
"Sri Lanka",1983,15388762,"LKA","Asia"
"Sudan",1983,19109728,"SDN","Africa"
"Suriname",1983,378719,"SUR","Americas"
"Sweden",1983,8328877,"SWE","Europe"
"Switzerland",1983,6419255,"CHE","Europe"
"Syria",1983,9904757,"SYR","Asia"
"Taiwan",1983,19022579,"TWN","Asia"
"Tajikistan",1983,4350834,"TJK","Asia"
"Tanzania",1983,21079828,"TZA","Africa"
"Thailand",1983,48423256,"THA","Asia"
"Togo",1983,3222849,"TGO","Africa"
"Tokelau",1983,1680,"TKL","Oceania"
"Tonga",1983,97971,"TON","Oceania"
"Trinidad and Tobago",1983,1160489,"TTO","Americas"
"Tunisia",1983,7053746,"TUN","Africa"
"Turkey",1983,48447362,"TUR","Asia"
"Turkmenistan",1983,3067482,"TKM","Asia"
"Turks and Caicos Islands",1983,8693,"TCA","Americas"
"Tuvalu",1983,7764,"TUV","Oceania"
"Uganda",1983,14221841,"UGA","Africa"
"Ukraine",1983,50636977,"UKR","Europe"
"United Arab Emirates",1983,1235269,"ARE","Asia"
"United Kingdom",1983,56332011,"GBR","Europe"
"United States",1983,236986311,"USA","Americas"
"United States Virgin Islands",1983,99403,"UMI","Oceania"
"Uruguay",1983,2988731,"URY","Americas"
"Uzbekistan",1983,16908344,"UZB","Asia"
"Vanuatu",1983,123963,"VUT","Oceania"
"Venezuela",1983,16562159,"VEN","Americas"
"Vietnam",1983,56337870,"VNM","Asia"
"Wallis and Futuna",1983,12484,"WLF","Oceania"
"Western Sahara",1983,140559,"ESH","Africa"
"Yemen",1983,10621454,"YEM","Asia"
"Zambia",1983,6381001,"ZMB","Africa"
"Zimbabwe",1983,8098356,"ZWE","Africa"
"Afghanistan",1984,11190179,"AFG","Asia"
"Albania",1984,2964906,"ALB","Europe"
"Algeria",1984,21271910,"DZA","Africa"
"American Samoa",1984,37646,"ASM","Oceania"
"Andorra",1984,42238,"AND","Europe"
"Angola",1984,9425868,"AGO","Africa"
"Anguilla",1984,6731,"AIA","Americas"
"Antigua and Barbuda",1984,64851,"ATG","Americas"
"Argentina",1984,29863040,"ARG","Americas"
"Armenia",1984,3224502,"ARM","Asia"
"Aruba",1984,63444,"ABW","Americas"
"Australia",1984,15620598,"AUS","Oceania"
"Austria",1984,7560669,"AUT","Europe"
"Azerbaijan",1984,6706245,"AZE","Asia"
"Bahamas",1984,248823,"BHS","Americas"
"Bahrain",1984,415119,"BHR","Asia"
"Bangladesh",1984,97814921,"BGD","Asia"
"Barbados",1984,254880,"BRB","Americas"
"Belarus",1984,9881646,"BLR","Europe"
"Belgium",1984,9874550,"BEL","Europe"
"Belize",1984,160011,"BLZ","Americas"
"Benin",1984,4405848,"BEN","Africa"
"Bermuda",1984,55142,"BMU","Americas"
"Bhutan",1984,492745,"BTN","Asia"
"Bolivia",1984,6281824,"BOL","Americas"
"Bonaire Sint Eustatius and Saba",1984,12235,"BES","Americas"
"Bosnia and Herzegovina",1984,4295491,"BIH","Europe"
"Botswana",1984,1083618,"BWA","Africa"
"Brazil",1984,132658811,"BRA","Americas"
"British Virgin Islands",1984,12806,"IOT","Africa"
"Brunei",1984,211626,"BRN","Asia"
"Bulgaria",1984,8952560,"BGR","Europe"
"Burkina Faso",1984,7772217,"BFA","Africa"
"Burundi",1984,4926441,"BDI","Africa"
"Cambodia",1984,5845071,"KHM","Asia"
"Cameroon",1984,9475036,"CMR","Africa"
"Canada",1984,25670330,"CAN","Americas"
"Cape Verde",1984,342461,"CPV","Africa"
"Cayman Islands",1984,20443,"CYM","Americas"
"Central African Republic",1984,2568562,"CAF","Africa"
"Chad",1984,5045104,"TCD","Africa"
"Chile",1984,12207683,"CHL","Americas"
"China",1984,1043849592,"CHN","Asia"
"Colombia",1984,28642644,"COL","Americas"
"Comoros",1984,377599,"COM","Africa"
"Congo",1984,1999483,"COG","Africa"
"Cook Islands",1984,17049,"COK","Oceania"
"Costa Rica",1984,2667550,"CRI","Americas"
"Cote d'Ivoire",1984,9650475,"CIV","Africa"
"Croatia",1984,4734431,"HRV","Europe"
"Cuba",1984,10073253,"CUB","Americas"
"Cyprus",1984,719287,"CYP","Asia"
"Czechia",1984,10303771,"CZE","Europe"
"Democratic Republic of Congo",1984,30245039,"COD","Africa"
"Denmark",1984,5111778,"DNK","Europe"
"Djibouti",1984,384025,"DJI","Africa"
"Dominica",1984,72033,"DMA","Americas"
"Dominican Republic",1984,6289004,"DOM","Americas"
"East Timor",1984,686748,"TLS","Asia"
"Ecuador",1984,9074738,"ECU","Americas"
"Egypt",1984,49247293,"EGY","Africa"
"El Salvador",1984,4797949,"SLV","Americas"
"Equatorial Guinea",1984,364855,"GNQ","Africa"
"Eritrea",1984,1771695,"ERI","Africa"
"Estonia",1984,1515563,"EST","Europe"
"Eswatini",1984,680738,"SWZ","Africa"
"Ethiopia",1984,38735677,"ETH","Africa"
"Falkland Islands",1984,2219,"FLK","Americas"
"Faroe Islands",1984,45116,"FRO","Europe"
"Fiji",1984,706672,"FJI","Oceania"
"Finland",1984,4881772,"FIN","Europe"
"France",1984,55176574,"FRA","Europe"
"French Guiana",1984,81220,"GUF","Americas"
"French Polynesia",1984,176440,"PYF","Oceania"
"Gabon",1984,833448,"GAB","Africa"
"Gambia",1984,825589,"GMB","Africa"
"Georgia",1984,5334213,"GEO","Asia"
"Germany",1984,77998146,"DEU","Europe"
"Ghana",1984,13370541,"GHA","Africa"
"Gibraltar",1984,28619,"GIB","Europe"
"Greece",1984,9978732,"GRC","Europe"
"Greenland",1984,52594,"GRL","Americas"
"Grenada",1984,95475,"GRD","Americas"
"Guadeloupe",1984,347945,"GLP","Americas"
"Guam",1984,121269,"GUM","Oceania"
"Guatemala",1984,7630635,"GTM","Americas"
"Guernsey",1984,55182,"GGY","Europe"
"Guinea",1984,5480046,"GIN","Africa"
"Guinea-Bissau",1984,883480,"GNB","Africa"
"Guyana",1984,774069,"GUY","Americas"
"Haiti",1984,6069197,"HTI","Americas"
"Honduras",1984,4199809,"HND","Americas"
"Hong Kong",1984,5315922,"HKG","Asia"
"Hungary",1984,10584283,"HUN","Europe"
"Iceland",1984,239461,"ISL","Europe"
"India",1984,754875401,"IND","Asia"
"Indonesia",1984,163251072,"IDN","Asia"
"Iran",1984,47793951,"IRN","Asia"
"Iraq",1984,15310677,"IRQ","Asia"
"Ireland",1984,3515912,"IRL","Europe"
"Isle of Man",1984,64506,"IMN","Europe"
"Israel",1984,4033688,"ISR","Asia"
"Italy",1984,56810307,"ITA","Europe"
"Jamaica",1984,2264508,"JAM","Americas"
"Japan",1984,120384352,"JPN","Asia"
"Jersey",1984,79482,"JEY","Europe"
"Jordan",1984,2654644,"JOR","Asia"
"Kazakhstan",1984,15844564,"KAZ","Asia"
"Kenya",1984,18514863,"KEN","Africa"
"Kiribati",1984,65200,"KIR","Oceania"
"Kosovo",1984,1756764,"XKX","Europe"
"Kuwait",1984,1820657,"KWT","Asia"
"Kyrgyzstan",1984,4039297,"KGZ","Asia"
"Laos",1984,3637797,"LAO","Asia"
"Latvia",1984,2562721,"LVA","Europe"
"Lebanon",1984,3152695,"LBN","Asia"
"Lesotho",1984,1578947,"LSO","Africa"
"Liberia",1984,2173269,"LBR","Africa"
"Libya",1984,3773594,"LBY","Africa"
"Liechtenstein",1984,26609,"LIE","Europe"
"Lithuania",1984,3534062,"LTU","Europe"
"Luxembourg",1984,365859,"LUX","Europe"
"Macao",1984,280504,"MAC","Asia"
"Madagascar",1984,10134509,"MDG","Africa"
"Malawi",1984,7332768,"MWI","Africa"
"Malaysia",1984,14758975,"MYS","Asia"
"Maldives",1984,184169,"MDV","Asia"
"Mali",1984,8208557,"MLI","Africa"
"Malta",1984,350499,"MLT","Europe"
"Marshall Islands",1984,36243,"MHL","Oceania"
"Martinique",1984,342774,"MTQ","Americas"
"Mauritania",1984,1653646,"MRT","Africa"
"Mauritius",1984,1011190,"MUS","Africa"
"Mayotte",1984,62136,"MYT","Africa"
"Mexico",1984,73506802,"MEX","Americas"
"Micronesia (country)",1984,87149,"FSM","Oceania"
"Moldova",1984,4215848,"MDA","Europe"
"Monaco",1984,28325,"MCO","Europe"
"Mongolia",1984,1874306,"MNG","Asia"
"Montenegro",1984,600214,"MNE","Europe"
"Montserrat",1984,11041,"MSR","Americas"
"Morocco",1984,21593725,"MAR","Africa"
"Mozambique",1984,12315898,"MOZ","Africa"
"Myanmar",1984,35899272,"MMR","Asia"
"Namibia",1984,1065957,"NAM","Africa"
"Nauru",1984,8358,"NRU","Oceania"
"Nepal",1984,17085191,"NPL","Asia"
"Netherlands",1984,14462758,"NLD","Europe"
"New Caledonia",1984,157552,"NCL","Oceania"
"New Zealand",1984,3249783,"NZL","Oceania"
"Nicaragua",1984,3619051,"NIC","Americas"
"Niger",1984,6909930,"NER","Africa"
"Nigeria",1984,82526396,"NGA","Africa"
"Niue",1984,2939,"NIU","Oceania"
"North Korea",1984,19334999,"PRK","Asia"
"North Macedonia",1984,2003347,"MKD","Europe"
"Northern Mariana Islands",1984,27553,"MNP","Oceania"
"Norway",1984,4139932,"NOR","Europe"
"Oman",1984,1247682,"OMN","Asia"
"Pakistan",1984,95164894,"PAK","Asia"
"Palau",1984,13316,"PLW","Oceania"
"Palestine",1984,1688558,"PSX","Asia"
"Panama",1984,2150738,"PAN","Americas"
"Papua New Guinea",1984,3405148,"PNG","Oceania"
"Paraguay",1984,3412892,"PRY","Americas"
"Peru",1984,19174665,"PER","Americas"
"Philippines",1984,53726136,"PHL","Asia"
"Poland",1984,36905743,"POL","Europe"
"Portugal",1984,9956841,"PRT","Europe"
"Puerto Rico",1984,3367143,"PRI","Americas"
"Qatar",1984,347854,"QAT","Asia"
"Reunion",1984,589649,"REU","Africa"
"Romania",1984,22533954,"ROU","Europe"
"Russia",1984,142464186,"RUS","Europe"
"Rwanda",1984,6107580,"RWA","Africa"
"Saint Barthelemy",1984,3759,"BLM","Americas"
"Saint Helena",1984,6599,"SHN","Africa"
"Saint Kitts and Nevis",1984,42089,"KNA","Americas"
"Saint Lucia",1984,127043,"LCA","Americas"
"Saint Martin (French part)",1984,13711,"MAF","Americas"
"Saint Pierre and Miquelon",1984,6219,"SPM","Americas"
"Saint Vincent and the Grenadines",1984,107661,"VCT","Americas"
"Samoa",1984,166760,"WSM","Oceania"
"San Marino",1984,22320,"SMR","Europe"
"Sao Tome and Principe",1984,106370,"STP","Africa"
"Saudi Arabia",1984,7697259,"SAU","Asia"
"Senegal",1984,6499319,"SEN","Africa"
"Serbia",1984,7875004,"SRB","Europe"
"Seychelles",1984,69056,"SYC","Africa"
"Sierra Leone",1984,3558718,"SLE","Africa"
"Singapore",1984,2720887,"SGP","Asia"
"Sint Maarten (Dutch part)",1984,17682,"SXM","Americas"
"Slovakia",1984,5119354,"SVK","Europe"
"Slovenia",1984,1932657,"SVN","Europe"
"Solomon Islands",1984,273128,"SLB","Oceania"
"Somalia",1984,6428346,"SOM","Africa"
"South Africa",1984,33892739,"ZAF","Africa"
"South Korea",1984,40598253,"KOR","Asia"
"South Sudan",1984,4750578,"SSD","Africa"
"Spain",1984,38437433,"ESP","Europe"
"Sri Lanka",1984,15441812,"LKA","Asia"
"Sudan",1984,19546493,"SDN","Africa"
"Suriname",1984,382146,"SUR","Americas"
"Sweden",1984,8336441,"SWE","Europe"
"Switzerland",1984,6442372,"CHE","Europe"
"Syria",1984,10258350,"SYR","Asia"
"Taiwan",1984,19306717,"TWN","Asia"
"Tajikistan",1984,4479980,"TJK","Asia"
"Tanzania",1984,21779010,"TZA","Africa"
"Thailand",1984,49351665,"THA","Asia"
"Togo",1984,3332791,"TGO","Africa"
"Tokelau",1984,1720,"TKL","Oceania"
"Tonga",1984,97957,"TON","Oceania"
"Trinidad and Tobago",1984,1172927,"TTO","Americas"
"Tunisia",1984,7220002,"TUN","Africa"
"Turkey",1984,49574017,"TUR","Asia"
"Turkmenistan",1984,3154029,"TKM","Asia"
"Turks and Caicos Islands",1984,9089,"TCA","Americas"
"Tuvalu",1984,7881,"TUV","Oceania"
"Uganda",1984,14607633,"UGA","Africa"
"Ukraine",1984,50887549,"UKR","Europe"
"United Arab Emirates",1984,1305961,"ARE","Asia"
"United Kingdom",1984,56451263,"GBR","Europe"
"United States",1984,239353915,"USA","Americas"
"United States Virgin Islands",1984,100125,"UMI","Oceania"
"Uruguay",1984,3002443,"URY","Americas"
"Uzbekistan",1984,17378811,"UZB","Asia"
"Vanuatu",1984,127071,"VUT","Oceania"
"Venezuela",1984,17008796,"VEN","Americas"
"Vietnam",1984,57706012,"VNM","Asia"
"Wallis and Futuna",1984,12649,"WLF","Oceania"
"Western Sahara",1984,146120,"ESH","Africa"
"Yemen",1984,11025549,"YEM","Asia"
"Zambia",1984,6580454,"ZMB","Africa"
"Zimbabwe",1984,8391455,"ZWE","Africa"
"Afghanistan",1985,11426806,"AFG","Asia"
"Albania",1985,3026198,"ALB","Europe"
"Algeria",1985,22008492,"DZA","Africa"
"American Samoa",1985,39089,"ASM","Oceania"
"Andorra",1985,43796,"AND","Europe"
"Angola",1985,9779081,"AGO","Africa"
"Anguilla",1985,6939,"AIA","Americas"
"Antigua and Barbuda",1985,64559,"ATG","Americas"
"Argentina",1985,30336405,"ARG","Americas"
"Armenia",1985,3260391,"ARM","Asia"
"Aruba",1985,63623,"ABW","Americas"
"Australia",1985,15835693,"AUS","Oceania"
"Austria",1985,7564263,"AUT","Europe"
"Azerbaijan",1985,6799771,"AZE","Asia"
"Bahamas",1985,253116,"BHS","Americas"
"Bahrain",1985,430315,"BHR","Asia"
"Bangladesh",1985,100253773,"BGD","Asia"
"Barbados",1985,255790,"BRB","Americas"
"Belarus",1985,9944137,"BLR","Europe"
"Belgium",1985,9880285,"BEL","Europe"
"Belize",1985,163759,"BLZ","Americas"
"Benin",1985,4537963,"BEN","Africa"
"Bermuda",1985,55517,"BMU","Americas"
"Bhutan",1985,508357,"BTN","Asia"
"Bolivia",1985,6416153,"BOL","Americas"
"Bonaire Sint Eustatius and Saba",1985,12355,"BES","Americas"
"Bosnia and Herzegovina",1985,4330317,"BIH","Europe"
"Botswana",1985,1121907,"BWA","Africa"
"Brazil",1985,135515541,"BRA","Americas"
"British Virgin Islands",1985,13254,"IOT","Africa"
"Brunei",1985,218879,"BRN","Asia"
"Bulgaria",1985,8958799,"BGR","Europe"
"Burkina Faso",1985,7999886,"BFA","Africa"
"Burundi",1985,5034001,"BDI","Africa"
"Cambodia",1985,6043723,"KHM","Asia"
"Cameroon",1985,9761674,"CMR","Africa"
"Canada",1985,25927419,"CAN","Americas"
"Cape Verde",1985,347325,"CPV","Africa"
"Cayman Islands",1985,21308,"CYM","Americas"
"Central African Republic",1985,2600894,"CAF","Africa"
"Chad",1985,5096226,"TCD","Africa"
"Chile",1985,12395228,"CHL","Americas"
"China",1985,1059807770,"CHN","Asia"
"Colombia",1985,29268416,"COL","Americas"
"Comoros",1985,388321,"COM","Africa"
"Congo",1985,2059276,"COG","Africa"
"Cook Islands",1985,16815,"COK","Oceania"
"Costa Rica",1985,2741858,"CRI","Americas"
"Cote d'Ivoire",1985,10040434,"CIV","Africa"
"Croatia",1985,4754502,"HRV","Europe"
"Cuba",1985,10157180,"CUB","Americas"
"Cyprus",1985,731234,"CYP","Asia"
"Czechia",1985,10305087,"CZE","Europe"
"Democratic Republic of Congo",1985,31264765,"COD","Africa"
"Denmark",1985,5113823,"DNK","Europe"
"Djibouti",1985,402640,"DJI","Africa"
"Dominica",1985,71718,"DMA","Americas"
"Dominican Republic",1985,6430351,"DOM","Americas"
"East Timor",1985,696631,"TLS","Asia"
"Ecuador",1985,9311101,"ECU","Americas"
"Egypt",1985,50734923,"EGY","Africa"
"El Salvador",1985,4894663,"SLV","Americas"
"Equatorial Guinea",1985,385502,"GNQ","Africa"
"Eritrea",1985,1807775,"ERI","Africa"
"Estonia",1985,1525232,"EST","Europe"
"Eswatini",1985,706157,"SWZ","Africa"
"Ethiopia",1985,39842085,"ETH","Africa"
"Falkland Islands",1985,2208,"FLK","Americas"
"Faroe Islands",1985,45555,"FRO","Europe"
"Fiji",1985,723721,"FJI","Oceania"
"Finland",1985,4902218,"FIN","Europe"
"France",1985,55467096,"FRA","Europe"
"French Guiana",1985,86074,"GUF","Americas"
"French Polynesia",1985,180956,"PYF","Oceania"
"Gabon",1985,856693,"GAB","Africa"
"Gambia",1985,858830,"GMB","Africa"
"Georgia",1985,5376853,"GEO","Asia"
"Germany",1985,77863371,"DEU","Europe"
"Ghana",1985,13661192,"GHA","Africa"
"Gibraltar",1985,28489,"GIB","Europe"
"Greece",1985,10036994,"GRC","Europe"
"Greenland",1985,53188,"GRL","Americas"
"Grenada",1985,96081,"GRD","Americas"
"Guadeloupe",1985,354843,"GLP","Americas"
"Guam",1985,124090,"GUM","Oceania"
"Guatemala",1985,7849648,"GTM","Americas"
"Guernsey",1985,55679,"GGY","Europe"
"Guinea",1985,5610322,"GIN","Africa"
"Guinea-Bissau",1985,897648,"GNB","Africa"
"Guyana",1985,771438,"GUY","Americas"
"Haiti",1985,6190811,"HTI","Americas"
"Honduras",1985,4323290,"HND","Americas"
"Hong Kong",1985,5393076,"HKG","Asia"
"Hungary",1985,10547208,"HUN","Europe"
"Iceland",1985,241364,"ISL","Europe"
"India",1985,772647748,"IND","Asia"
"Indonesia",1985,166776143,"IDN","Asia"
"Iran",1985,49582240,"IRN","Asia"
"Iraq",1985,15683386,"IRQ","Asia"
"Ireland",1985,3531226,"IRL","Europe"
"Isle of Man",1985,64371,"IMN","Europe"
"Israel",1985,4105306,"ISR","Asia"
"Italy",1985,56855442,"ITA","Europe"
"Jamaica",1985,2290618,"JAM","Americas"
"Japan",1985,120832108,"JPN","Asia"
"Jersey",1985,80348,"JEY","Europe"
"Jordan",1985,2778765,"JOR","Asia"
"Kazakhstan",1985,16031036,"KAZ","Asia"
"Kenya",1985,19201726,"KEN","Africa"
"Kiribati",1985,66465,"KIR","Oceania"
"Kosovo",1985,1795975,"XKX","Europe"
"Kuwait",1985,1894206,"KWT","Asia"
"Kyrgyzstan",1985,4102339,"KGZ","Asia"
"Laos",1985,3739942,"LAO","Asia"
"Latvia",1985,2579184,"LVA","Europe"
"Lebanon",1985,3217325,"LBN","Asia"
"Lesotho",1985,1624329,"LSO","Africa"
"Liberia",1985,2240506,"LBR","Africa"
"Libya",1985,3898702,"LBY","Africa"
"Liechtenstein",1985,26982,"LIE","Europe"
"Lithuania",1985,3562346,"LTU","Europe"
"Luxembourg",1985,366611,"LUX","Europe"
"Macao",1985,291247,"MAC","Asia"
"Madagascar",1985,10433096,"MDG","Africa"
"Malawi",1985,7620472,"MWI","Africa"
"Malaysia",1985,15252211,"MYS","Asia"
"Maldives",1985,190138,"MDV","Asia"
"Mali",1985,8374619,"MLI","Africa"
"Malta",1985,352525,"MLT","Europe"
"Marshall Islands",1985,37738,"MHL","Oceania"
"Martinique",1985,347109,"MTQ","Americas"
"Mauritania",1985,1702061,"MRT","Africa"
"Mauritius",1985,1025018,"MUS","Africa"
"Mayotte",1985,65556,"MYT","Africa"
"Mexico",1985,75043366,"MEX","Americas"
"Micronesia (country)",1985,89688,"FSM","Oceania"
"Moldova",1985,4261089,"MDA","Europe"
"Monaco",1985,28713,"MCO","Europe"
"Mongolia",1985,1921473,"MNG","Asia"
"Montenegro",1985,603459,"MNE","Europe"
"Montserrat",1985,10975,"MSR","Americas"
"Morocco",1985,22113898,"MAR","Africa"
"Mozambique",1985,12548910,"MOZ","Africa"
"Myanmar",1985,36622772,"MMR","Asia"
"Namibia",1985,1096837,"NAM","Africa"
"Nauru",1985,8534,"NRU","Oceania"
"Nepal",1985,17477653,"NPL","Asia"
"Netherlands",1985,14538902,"NLD","Europe"
"New Caledonia",1985,160210,"NCL","Oceania"
"New Zealand",1985,3267974,"NZL","Oceania"
"Nicaragua",1985,3706428,"NIC","Americas"
"Niger",1985,7118414,"NER","Africa"
"Nigeria",1985,84897926,"NGA","Africa"
"Niue",1985,2766,"NIU","Oceania"
"North Korea",1985,19620343,"PRK","Asia"
"North Macedonia",1985,2014275,"MKD","Europe"
"Northern Mariana Islands",1985,30239,"MNP","Oceania"
"Norway",1985,4152358,"NOR","Europe"
"Oman",1985,1325436,"OMN","Asia"
"Pakistan",1985,98229244,"PAK","Asia"
"Palau",1985,13667,"PLW","Oceania"
"Palestine",1985,1745210,"PSX","Asia"
"Panama",1985,2200878,"PAN","Americas"
"Papua New Guinea",1985,3478900,"PNG","Oceania"
"Paraguay",1985,3510633,"PRY","Americas"
"Peru",1985,19648163,"PER","Americas"
"Philippines",1985,55212957,"PHL","Asia"
"Poland",1985,37200797,"POL","Europe"
"Portugal",1985,9979431,"PRT","Europe"
"Puerto Rico",1985,3399269,"PRI","Americas"
"Qatar",1985,365901,"QAT","Asia"
"Reunion",1985,600375,"REU","Africa"
"Romania",1985,22605759,"ROU","Europe"
"Russia",1985,143569334,"RUS","Europe"
"Rwanda",1985,6317187,"RWA","Africa"
"Saint Barthelemy",1985,4029,"BLM","Americas"
"Saint Helena",1985,6644,"SHN","Africa"
"Saint Kitts and Nevis",1985,41838,"KNA","Americas"
"Saint Lucia",1985,129131,"LCA","Americas"
"Saint Martin (French part)",1985,16081,"MAF","Americas"
"Saint Pierre and Miquelon",1985,6263,"SPM","Americas"
"Saint Vincent and the Grenadines",1985,108479,"VCT","Americas"
"Samoa",1985,166812,"WSM","Oceania"
"San Marino",1985,22460,"SMR","Europe"
"Sao Tome and Principe",1985,108626,"STP","Africa"
"Saudi Arabia",1985,8151737,"SAU","Asia"
"Senegal",1985,6683247,"SEN","Africa"
"Serbia",1985,7881490,"SRB","Europe"
"Seychelles",1985,69788,"SYC","Africa"
"Sierra Leone",1985,3638396,"SLE","Africa"
"Singapore",1985,2734979,"SGP","Asia"
"Sint Maarten (Dutch part)",1985,19277,"SXM","Americas"
"Slovakia",1985,5151107,"SVK","Europe"
"Slovenia",1985,1941433,"SVN","Europe"
"Solomon Islands",1985,282423,"SLB","Oceania"
"Somalia",1985,6693242,"SOM","Africa"
"South Africa",1985,35042049,"ZAF","Africa"
"South Korea",1985,41148910,"KOR","Asia"
"South Sudan",1985,4834246,"SSD","Africa"
"Spain",1985,38601263,"ESP","Europe"
"Sri Lanka",1985,15544108,"LKA","Asia"
"Sudan",1985,19905826,"SDN","Africa"
"Suriname",1985,386935,"SUR","Americas"
"Sweden",1985,8350190,"SWE","Europe"
"Switzerland",1985,6470914,"CHE","Europe"
"Syria",1985,10625629,"SYR","Asia"
"Taiwan",1985,19571649,"TWN","Asia"
"Tajikistan",1985,4618964,"TJK","Asia"
"Tanzania",1985,22501649,"TZA","Africa"
"Thailand",1985,50270704,"THA","Asia"
"Togo",1985,3441058,"TGO","Africa"
"Tokelau",1985,1750,"TKL","Oceania"
"Tonga",1985,97960,"TON","Oceania"
"Trinidad and Tobago",1985,1187321,"TTO","Americas"
"Tunisia",1985,7409853,"TUN","Africa"
"Turkey",1985,50687071,"TUR","Asia"
"Turkmenistan",1985,3247499,"TKM","Asia"
"Turks and Caicos Islands",1985,9509,"TCA","Americas"
"Tuvalu",1985,8029,"TUV","Oceania"
"Uganda",1985,15023633,"UGA","Africa"
"Ukraine",1985,51108721,"UKR","Europe"
"United Arab Emirates",1985,1377874,"ARE","Asia"
"United Kingdom",1985,56606370,"GBR","Europe"
"United States",1985,241690387,"USA","Americas"
"United States Virgin Islands",1985,100767,"UMI","Oceania"
"Uruguay",1985,3016999,"URY","Americas"
"Uzbekistan",1985,17875288,"UZB","Asia"
"Vanuatu",1985,130331,"VUT","Oceania"
"Venezuela",1985,17461384,"VEN","Americas"
"Vietnam",1985,59060576,"VNM","Asia"
"Wallis and Futuna",1985,12783,"WLF","Oceania"
"Western Sahara",1985,151742,"ESH","Africa"
"Yemen",1985,11453783,"YEM","Asia"
"Zambia",1985,6780909,"ZMB","Africa"
"Zimbabwe",1985,8686765,"ZWE","Africa"
"Afghanistan",1986,11420029,"AFG","Asia"
"Albania",1986,3087615,"ALB","Europe"
"Algeria",1986,22745453,"DZA","Africa"
"American Samoa",1986,40544,"ASM","Oceania"
"Andorra",1986,45715,"AND","Europe"
"Angola",1986,10139414,"AGO","Africa"
"Anguilla",1986,7213,"AIA","Americas"
"Antigua and Barbuda",1986,64247,"ATG","Americas"
"Argentina",1986,30811934,"ARG","Americas"
"Armenia",1986,3294810,"ARM","Asia"
"Aruba",1986,63597,"ABW","Americas"
"Australia",1986,16069581,"AUS","Oceania"
"Austria",1986,7569357,"AUT","Europe"
"Azerbaijan",1986,6891297,"AZE","Asia"
"Bahamas",1986,257491,"BHS","Americas"
"Bahrain",1986,446244,"BHR","Asia"
"Bangladesh",1986,102635523,"BGD","Asia"
"Barbados",1986,256588,"BRB","Americas"
"Belarus",1986,10004246,"BLR","Europe"
"Belgium",1986,9886926,"BEL","Europe"
"Belize",1986,167526,"BLZ","Americas"
"Benin",1986,4675383,"BEN","Africa"
"Bermuda",1986,55864,"BMU","Americas"
"Bhutan",1986,524271,"BTN","Asia"
"Bolivia",1986,6552428,"BOL","Americas"
"Bonaire Sint Eustatius and Saba",1986,12446,"BES","Americas"
"Bosnia and Herzegovina",1986,4362058,"BIH","Europe"
"Botswana",1986,1160604,"BWA","Africa"
"Brazil",1986,138336321,"BRA","Americas"
"British Virgin Islands",1986,13697,"IOT","Africa"
"Brunei",1986,226453,"BRN","Asia"
"Bulgaria",1986,8963423,"BGR","Europe"
"Burkina Faso",1986,8228800,"BFA","Africa"
"Burundi",1986,5129377,"BDI","Africa"
"Cambodia",1986,6285655,"KHM","Asia"
"Cameroon",1986,10060303,"CMR","Africa"
"Canada",1986,26210985,"CAN","Americas"
"Cape Verde",1986,352263,"CPV","Africa"
"Cayman Islands",1986,22179,"CYM","Americas"
"Central African Republic",1986,2634204,"CAF","Africa"
"Chad",1986,5251031,"TCD","Africa"
"Chile",1986,12588885,"CHL","Americas"
"China",1986,1077233559,"CHN","Asia"
"Colombia",1986,29879060,"COL","Americas"
"Comoros",1986,399281,"COM","Africa"
"Congo",1986,2120548,"COG","Africa"
"Cook Islands",1986,16593,"COK","Oceania"
"Costa Rica",1986,2817168,"CRI","Americas"
"Cote d'Ivoire",1986,10440882,"CIV","Africa"
"Croatia",1986,4773008,"HRV","Europe"
"Cuba",1986,10244201,"CUB","Americas"
"Cyprus",1986,743067,"CYP","Asia"
"Czechia",1986,10304323,"CZE","Europe"
"Democratic Republic of Congo",1986,32265151,"COD","Africa"
"Denmark",1986,5120640,"DNK","Europe"
"Djibouti",1986,426293,"DJI","Africa"
"Dominica",1986,71383,"DMA","Americas"
"Dominican Republic",1986,6571160,"DOM","Americas"
"East Timor",1986,707149,"TLS","Asia"
"Ecuador",1986,9545948,"ECU","Americas"
"Egypt",1986,52206247,"EGY","Africa"
"El Salvador",1986,4992728,"SLV","Americas"
"Equatorial Guinea",1986,404690,"GNQ","Africa"
"Eritrea",1986,1845122,"ERI","Africa"
"Estonia",1986,1535547,"EST","Europe"
"Eswatini",1986,734694,"SWZ","Africa"
"Ethiopia",1986,41037606,"ETH","Africa"
"Falkland Islands",1986,2212,"FLK","Americas"
"Faroe Islands",1986,45985,"FRO","Europe"
"Fiji",1986,739271,"FJI","Oceania"
"Finland",1986,4918203,"FIN","Europe"
"France",1986,55752790,"FRA","Europe"
"French Guiana",1986,91123,"GUF","Americas"
"French Polynesia",1986,185633,"PYF","Oceania"
"Gabon",1986,880661,"GAB","Africa"
"Gambia",1986,893973,"GMB","Africa"
"Georgia",1986,5419081,"GEO","Asia"
"Germany",1986,77923761,"DEU","Europe"
"Ghana",1986,13965158,"GHA","Africa"
"Gibraltar",1986,28301,"GIB","Europe"
"Greece",1986,10088711,"GRC","Europe"
"Greenland",1986,53712,"GRL","Americas"
"Grenada",1986,96757,"GRD","Americas"
"Guadeloupe",1986,361878,"GLP","Americas"
"Guam",1986,126931,"GUM","Oceania"
"Guatemala",1986,8070770,"GTM","Americas"
"Guernsey",1986,56212,"GGY","Europe"
"Guinea",1986,5750616,"GIN","Africa"
"Guinea-Bissau",1986,912074,"GNB","Africa"
"Guyana",1986,768063,"GUY","Americas"
"Haiti",1986,6316078,"HTI","Americas"
"Honduras",1986,4448852,"HND","Americas"
"Hong Kong",1986,5451391,"HKG","Asia"
"Hungary",1986,10511045,"HUN","Europe"
"Iceland",1986,243149,"ISL","Europe"
"India",1986,790689937,"IND","Asia"
"Indonesia",1986,170175010,"IDN","Asia"
"Iran",1986,51445995,"IRN","Asia"
"Iraq",1986,16074099,"IRQ","Asia"
"Ireland",1986,3541823,"IRL","Europe"
"Isle of Man",1986,64676,"IMN","Europe"
"Israel",1986,4168914,"ISR","Asia"
"Italy",1986,56875927,"ITA","Europe"
"Jamaica",1986,2312079,"JAM","Americas"
"Japan",1986,121366674,"JPN","Asia"
"Jersey",1986,81142,"JEY","Europe"
"Jordan",1986,2909846,"JOR","Asia"
"Kazakhstan",1986,16262647,"KAZ","Asia"
"Kenya",1986,19901590,"KEN","Africa"
"Kiribati",1986,68028,"KIR","Oceania"
"Kosovo",1986,1836934,"XKX","Europe"
"Kuwait",1986,1972472,"KWT","Asia"
"Kyrgyzstan",1986,4168538,"KGZ","Asia"
"Laos",1986,3846680,"LAO","Asia"
"Latvia",1986,2599736,"LVA","Europe"
"Lebanon",1986,3300333,"LBN","Asia"
"Lesotho",1986,1666089,"LSO","Africa"
"Liberia",1986,2308469,"LBR","Africa"
"Libya",1986,4017358,"LBY","Africa"
"Liechtenstein",1986,27359,"LIE","Europe"
"Lithuania",1986,3593726,"LTU","Europe"
"Luxembourg",1986,368353,"LUX","Europe"
"Macao",1986,302633,"MAC","Asia"
"Madagascar",1986,10736824,"MDG","Africa"
"Malawi",1986,7906436,"MWI","Africa"
"Malaysia",1986,15760366,"MYS","Asia"
"Maldives",1986,196897,"MDV","Asia"
"Mali",1986,8531230,"MLI","Africa"
"Malta",1986,355040,"MLT","Europe"
"Marshall Islands",1986,39266,"MHL","Oceania"
"Martinique",1986,351530,"MTQ","Americas"
"Mauritania",1986,1751804,"MRT","Africa"
"Mauritius",1986,1038306,"MUS","Africa"
"Mayotte",1986,69597,"MYT","Africa"
"Mexico",1986,76585591,"MEX","Americas"
"Micronesia (country)",1986,92228,"FSM","Oceania"
"Moldova",1986,4309319,"MDA","Europe"
"Monaco",1986,29066,"MCO","Europe"
"Mongolia",1986,1970925,"MNG","Asia"
"Montenegro",1986,606762,"MNE","Europe"
"Montserrat",1986,10924,"MSR","Americas"
"Morocco",1986,22600746,"MAR","Africa"
"Mozambique",1986,12770538,"MOZ","Africa"
"Myanmar",1986,37314833,"MMR","Asia"
"Namibia",1986,1131041,"NAM","Africa"
"Nauru",1986,8725,"NRU","Oceania"
"Nepal",1986,17868082,"NPL","Asia"
"Netherlands",1986,14626434,"NLD","Europe"
"New Caledonia",1986,162868,"NCL","Oceania"
"New Zealand",1986,3281450,"NZL","Oceania"
"Nicaragua",1986,3794107,"NIC","Americas"
"Niger",1986,7335772,"NER","Africa"
"Nigeria",1986,87235909,"NGA","Africa"
"Niue",1986,2621,"NIU","Oceania"
"North Korea",1986,19910806,"PRK","Asia"
"North Macedonia",1986,2024687,"MKD","Europe"
"Northern Mariana Islands",1986,32957,"MNP","Oceania"
"Norway",1986,4167200,"NOR","Europe"
"Oman",1986,1413377,"OMN","Asia"
"Pakistan",1986,101606724,"PAK","Asia"
"Palau",1986,14003,"PLW","Oceania"
"Palestine",1986,1789273,"PSX","Asia"
"Panama",1986,2251272,"PAN","Americas"
"Papua New Guinea",1986,3554751,"PNG","Oceania"
"Paraguay",1986,3611429,"PRY","Americas"
"Peru",1986,20117096,"PER","Americas"
"Philippines",1986,56645026,"PHL","Asia"
"Poland",1986,37452565,"POL","Europe"
"Portugal",1986,9993048,"PRT","Europe"
"Puerto Rico",1986,3428728,"PRI","Americas"
"Qatar",1986,382378,"QAT","Asia"
"Reunion",1986,610845,"REU","Africa"
"Romania",1986,22674684,"ROU","Europe"
"Russia",1986,144807772,"RUS","Europe"
"Rwanda",1986,6531836,"RWA","Africa"
"Saint Barthelemy",1986,4302,"BLM","Americas"
"Saint Helena",1986,6661,"SHN","Africa"
"Saint Kitts and Nevis",1986,41594,"KNA","Americas"
"Saint Lucia",1986,131218,"LCA","Americas"
"Saint Martin (French part)",1986,18542,"MAF","Americas"
"Saint Pierre and Miquelon",1986,6299,"SPM","Americas"
"Saint Vincent and the Grenadines",1986,109254,"VCT","Americas"
"Samoa",1986,167025,"WSM","Oceania"
"San Marino",1986,22627,"SMR","Europe"
"Sao Tome and Principe",1986,111123,"STP","Africa"
"Saudi Arabia",1986,8628583,"SAU","Asia"
"Senegal",1986,6878156,"SEN","Africa"
"Serbia",1986,7884538,"SRB","Europe"
"Seychelles",1986,70537,"SYC","Africa"
"Sierra Leone",1986,3728330,"SLE","Africa"
"Singapore",1986,2744624,"SGP","Asia"
"Sint Maarten (Dutch part)",1986,20910,"SXM","Americas"
"Slovakia",1986,5180038,"SVK","Europe"
"Slovenia",1986,1964786,"SVN","Europe"
"Solomon Islands",1986,291804,"SLB","Oceania"
"Somalia",1986,6974737,"SOM","Africa"
"South Africa",1986,36180469,"ZAF","Africa"
"South Korea",1986,41718464,"KOR","Asia"
"South Sudan",1986,4921204,"SSD","Africa"
"Spain",1986,38735655,"ESP","Europe"
"Sri Lanka",1986,15731202,"LKA","Asia"
"Sudan",1986,20288200,"SDN","Africa"
"Suriname",1986,392293,"SUR","Americas"
"Sweden",1986,8369633,"SWE","Europe"
"Switzerland",1986,6504692,"CHE","Europe"
"Syria",1986,11002795,"SYR","Asia"
"Taiwan",1986,19805937,"TWN","Asia"
"Tajikistan",1986,4772088,"TJK","Asia"
"Tanzania",1986,23258913,"TZA","Africa"
"Thailand",1986,51177780,"THA","Asia"
"Togo",1986,3547910,"TGO","Africa"
"Tokelau",1986,1773,"TKL","Oceania"
"Tonga",1986,97979,"TON","Oceania"
"Trinidad and Tobago",1986,1203085,"TTO","Americas"
"Tunisia",1986,7600254,"TUN","Africa"
"Turkey",1986,51777719,"TUR","Asia"
"Turkmenistan",1986,3347770,"TKM","Asia"
"Turks and Caicos Islands",1986,9922,"TCA","Americas"
"Tuvalu",1986,8200,"TUV","Oceania"
"Uganda",1986,15467525,"UGA","Africa"
"Ukraine",1986,51318690,"UKR","Europe"
"United Arab Emirates",1986,1467334,"ARE","Asia"
"United Kingdom",1986,56751883,"GBR","Europe"
"United States",1986,243953759,"USA","Americas"
"United States Virgin Islands",1986,101304,"UMI","Oceania"
"Uruguay",1986,3032799,"URY","Americas"
"Uzbekistan",1986,18395580,"UZB","Asia"
"Vanuatu",1986,133685,"VUT","Oceania"
"Venezuela",1986,17923491,"VEN","Americas"
"Vietnam",1986,60346997,"VNM","Asia"
"Wallis and Futuna",1986,12920,"WLF","Oceania"
"Western Sahara",1986,157323,"ESH","Africa"
"Yemen",1986,11900998,"YEM","Asia"
"Zambia",1986,6986421,"ZMB","Africa"
"Zimbabwe",1986,8982530,"ZWE","Africa"
"Afghanistan",1987,11387776,"AFG","Asia"
"Albania",1987,3148799,"ALB","Europe"
"Algeria",1987,23443581,"DZA","Africa"
"American Samoa",1987,42048,"ASM","Oceania"
"Andorra",1987,47634,"AND","Europe"
"Angola",1987,10497814,"AGO","Africa"
"Anguilla",1987,7473,"AIA","Americas"
"Antigua and Barbuda",1987,63919,"ATG","Americas"
"Argentina",1987,31291711,"ARG","Americas"
"Armenia",1987,3328478,"ARM","Asia"
"Aruba",1987,63368,"ABW","Americas"
"Australia",1987,16322225,"AUS","Oceania"
"Austria",1987,7574271,"AUT","Europe"
"Azerbaijan",1987,6977603,"AZE","Asia"
"Bahamas",1987,261901,"BHS","Americas"
"Bahrain",1987,462815,"BHR","Asia"
"Bangladesh",1987,104959246,"BGD","Asia"
"Barbados",1987,257234,"BRB","Americas"
"Belarus",1987,10057565,"BLR","Europe"
"Belgium",1987,9899101,"BEL","Europe"
"Belize",1987,171310,"BLZ","Americas"
"Benin",1987,4818432,"BEN","Africa"
"Bermuda",1987,56241,"BMU","Americas"
"Bhutan",1987,540521,"BTN","Asia"
"Bolivia",1987,6692123,"BOL","Americas"
"Bonaire Sint Eustatius and Saba",1987,12555,"BES","Americas"
"Bosnia and Herzegovina",1987,4390205,"BIH","Europe"
"Botswana",1987,1199135,"BWA","Africa"
"Brazil",1987,141104892,"BRA","Americas"
"British Virgin Islands",1987,14179,"IOT","Africa"
"Brunei",1987,233831,"BRN","Asia"
"Bulgaria",1987,8976164,"BGR","Europe"
"Burkina Faso",1987,8457062,"BFA","Africa"
"Burundi",1987,5247755,"BDI","Africa"
"Cambodia",1987,6557930,"KHM","Asia"
"Cameroon",1987,10370699,"CMR","Africa"
"Canada",1987,26540862,"CAN","Americas"
"Cape Verde",1987,357260,"CPV","Africa"
"Cayman Islands",1987,23047,"CYM","Americas"
"Central African Republic",1987,2669098,"CAF","Africa"
"Chad",1987,5438268,"TCD","Africa"
"Chile",1987,12790094,"CHL","Americas"
"China",1987,1096217389,"CHN","Asia"
"Colombia",1987,30499419,"COL","Americas"
"Comoros",1987,410390,"COM","Africa"
"Congo",1987,2183425,"COG","Africa"
"Cook Islands",1987,16553,"COK","Oceania"
"Costa Rica",1987,2892639,"CRI","Americas"
"Cote d'Ivoire",1987,10851431,"CIV","Africa"
"Croatia",1987,4790155,"HRV","Europe"
"Cuba",1987,10335288,"CUB","Americas"
"Cyprus",1987,754738,"CYP","Asia"
"Czechia",1987,10303375,"CZE","Europe"
"Democratic Republic of Congo",1987,33298859,"COD","Africa"
"Denmark",1987,5127093,"DNK","Europe"
"Djibouti",1987,454369,"DJI","Africa"
"Dominica",1987,70996,"DMA","Americas"
"Dominican Republic",1987,6712483,"DOM","Americas"
"East Timor",1987,718443,"TLS","Asia"
"Ecuador",1987,9779242,"ECU","Americas"
"Egypt",1987,53674387,"EGY","Africa"
"El Salvador",1987,5092400,"SLV","Americas"
"Equatorial Guinea",1987,422480,"GNQ","Africa"
"Eritrea",1987,1888625,"ERI","Africa"
"Estonia",1987,1547214,"EST","Europe"
"Eswatini",1987,763761,"SWZ","Africa"
"Ethiopia",1987,42459986,"ETH","Africa"
"Falkland Islands",1987,2230,"FLK","Americas"
"Faroe Islands",1987,46440,"FRO","Europe"
"Fiji",1987,750507,"FJI","Oceania"
"Finland",1987,4932209,"FIN","Europe"
"France",1987,56048312,"FRA","Europe"
"French Guiana",1987,96381,"GUF","Americas"
"French Polynesia",1987,190418,"PYF","Oceania"
"Gabon",1987,905440,"GAB","Africa"
"Gambia",1987,931059,"GMB","Africa"
"Georgia",1987,5460967,"GEO","Asia"
"Germany",1987,78062270,"DEU","Europe"
"Ghana",1987,14289071,"GHA","Africa"
"Gibraltar",1987,28061,"GIB","Europe"
"Greece",1987,10134472,"GRC","Europe"
"Greenland",1987,54240,"GRL","Americas"
"Grenada",1987,97489,"GRD","Americas"
"Guadeloupe",1987,368911,"GLP","Americas"
"Guam",1987,129818,"GUM","Oceania"
"Guatemala",1987,8296445,"GTM","Americas"
"Guernsey",1987,56827,"GGY","Europe"
"Guinea",1987,5900151,"GIN","Africa"
"Guinea-Bissau",1987,926826,"GNB","Africa"
"Guyana",1987,764085,"GUY","Americas"
"Haiti",1987,6445079,"HTI","Americas"
"Honduras",1987,4576866,"HND","Americas"
"Hong Kong",1987,5486328,"HKG","Asia"
"Hungary",1987,10475048,"HUN","Europe"
"Iceland",1987,245820,"ISL","Europe"
"India",1987,808931212,"IND","Asia"
"Indonesia",1987,173511105,"IDN","Asia"
"Iran",1987,53323438,"IRN","Asia"
"Iraq",1987,16521010,"IRQ","Asia"
"Ireland",1987,3540333,"IRL","Europe"
"Isle of Man",1987,65568,"IMN","Europe"
"Israel",1987,4236819,"ISR","Asia"
"Italy",1987,56891873,"ITA","Europe"
"Jamaica",1987,2329763,"JAM","Americas"
"Japan",1987,121943539,"JPN","Asia"
"Jersey",1987,81866,"JEY","Europe"
"Jordan",1987,3047580,"JOR","Asia"
"Kazakhstan",1987,16527676,"KAZ","Asia"
"Kenya",1987,20616047,"KEN","Africa"
"Kiribati",1987,69697,"KIR","Oceania"
"Kosovo",1987,1880559,"XKX","Europe"
"Kuwait",1987,2052961,"KWT","Asia"
"Kyrgyzstan",1987,4238418,"KGZ","Asia"
"Laos",1987,3957572,"LAO","Asia"
"Latvia",1987,2625912,"LVA","Europe"
"Lebanon",1987,3385511,"LBN","Asia"
"Lesotho",1987,1703345,"LSO","Africa"
"Liberia",1987,2377182,"LBR","Africa"
"Libya",1987,4129694,"LBY","Africa"
"Liechtenstein",1987,27743,"LIE","Europe"
"Lithuania",1987,3627319,"LTU","Europe"
"Luxembourg",1987,370738,"LUX","Europe"
"Macao",1987,314578,"MAC","Asia"
"Madagascar",1987,11047249,"MDG","Africa"
"Malawi",1987,8293121,"MWI","Africa"
"Malaysia",1987,16276698,"MYS","Asia"
"Maldives",1987,203909,"MDV","Asia"
"Mali",1987,8681122,"MLI","Africa"
"Malta",1987,358037,"MLT","Europe"
"Marshall Islands",1987,40798,"MHL","Oceania"
"Martinique",1987,356092,"MTQ","Americas"
"Mauritania",1987,1802970,"MRT","Africa"
"Mauritius",1987,1051073,"MUS","Africa"
"Mayotte",1987,74193,"MYT","Africa"
"Mexico",1987,78136597,"MEX","Americas"
"Micronesia (country)",1987,94819,"FSM","Oceania"
"Moldova",1987,4359011,"MDA","Europe"
"Monaco",1987,29423,"MCO","Europe"
"Mongolia",1987,2022742,"MNG","Asia"
"Montenegro",1987,610124,"MNE","Europe"
"Montserrat",1987,10878,"MSR","Americas"
"Morocco",1987,23054340,"MAR","Africa"
"Mozambique",1987,12822524,"MOZ","Africa"
"Myanmar",1987,37971555,"MMR","Asia"
"Namibia",1987,1167851,"NAM","Africa"
"Nauru",1987,8932,"NRU","Oceania"
"Nepal",1987,18250464,"NPL","Asia"
"Netherlands",1987,14724898,"NLD","Europe"
"New Caledonia",1987,165602,"NCL","Oceania"
"New Zealand",1987,3299396,"NZL","Oceania"
"Nicaragua",1987,3882114,"NIC","Americas"
"Niger",1987,7561099,"NER","Africa"
"Nigeria",1987,89591667,"NGA","Africa"
"Niue",1987,2544,"NIU","Oceania"
"North Korea",1987,20205432,"PRK","Asia"
"North Macedonia",1987,2035115,"MKD","Europe"
"Northern Mariana Islands",1987,35709,"MNP","Oceania"
"Norway",1987,4186767,"NOR","Europe"
"Oman",1987,1500958,"OMN","Asia"
"Pakistan",1987,105130661,"PAK","Asia"
"Palau",1987,14312,"PLW","Oceania"
"Palestine",1987,1876719,"PSX","Asia"
"Panama",1987,2301926,"PAN","Americas"
"Papua New Guinea",1987,3632496,"PNG","Oceania"
"Paraguay",1987,3714850,"PRY","Americas"
"Peru",1987,20582272,"PER","Americas"
"Philippines",1987,58157444,"PHL","Asia"
"Poland",1987,37665659,"POL","Europe"
"Portugal",1987,10001937,"PRT","Europe"
"Puerto Rico",1987,3457093,"PRI","Americas"
"Qatar",1987,396963,"QAT","Asia"
"Reunion",1987,621060,"REU","Africa"
"Romania",1987,22745537,"ROU","Europe"
"Russia",1987,146147324,"RUS","Europe"
"Rwanda",1987,6749446,"RWA","Africa"
"Saint Barthelemy",1987,4563,"BLM","Americas"
"Saint Helena",1987,6673,"SHN","Africa"
"Saint Kitts and Nevis",1987,41316,"KNA","Americas"
"Saint Lucia",1987,133194,"LCA","Americas"
"Saint Martin (French part)",1987,21089,"MAF","Americas"
"Saint Pierre and Miquelon",1987,6329,"SPM","Americas"
"Saint Vincent and the Grenadines",1987,109979,"VCT","Americas"
"Samoa",1987,167628,"WSM","Oceania"
"San Marino",1987,22659,"SMR","Europe"
"Sao Tome and Principe",1987,113887,"STP","Africa"
"Saudi Arabia",1987,9130167,"SAU","Asia"
"Senegal",1987,7081482,"SEN","Africa"
"Serbia",1987,7885315,"SRB","Europe"
"Seychelles",1987,71307,"SYC","Africa"
"Sierra Leone",1987,3829680,"SLE","Africa"
"Singapore",1987,2781580,"SGP","Asia"
"Sint Maarten (Dutch part)",1987,22600,"SXM","Americas"
"Slovakia",1987,5205843,"SVK","Europe"
"Slovenia",1987,1987975,"SVN","Europe"
"Solomon Islands",1987,301384,"SLB","Oceania"
"Somalia",1987,7228265,"SOM","Africa"
"South Africa",1987,37326139,"ZAF","Africa"
"South Korea",1987,42322046,"KOR","Asia"
"South Sudan",1987,4962358,"SSD","Africa"
"Spain",1987,38851959,"ESP","Europe"
"Sri Lanka",1987,15916537,"LKA","Asia"
"Sudan",1987,20704852,"SDN","Africa"
"Suriname",1987,396868,"SUR","Americas"
"Sweden",1987,8397600,"SWE","Europe"
"Switzerland",1987,6545718,"CHE","Europe"
"Syria",1987,11388866,"SYR","Asia"
"Taiwan",1987,20015775,"TWN","Asia"
"Tajikistan",1987,4939016,"TJK","Asia"
"Tanzania",1987,24030329,"TZA","Africa"
"Thailand",1987,52074054,"THA","Asia"
"Togo",1987,3657474,"TGO","Africa"
"Tokelau",1987,1764,"TKL","Oceania"
"Tonga",1987,98356,"TON","Oceania"
"Trinidad and Tobago",1987,1217320,"TTO","Americas"
"Tunisia",1987,7789942,"TUN","Africa"
"Turkey",1987,52843620,"TUR","Asia"
"Turkmenistan",1987,3452682,"TKM","Asia"
"Turks and Caicos Islands",1987,10346,"TCA","Americas"
"Tuvalu",1987,8360,"TUV","Oceania"
"Uganda",1987,15954115,"UGA","Africa"
"Ukraine",1987,51515681,"UKR","Europe"
"United Arab Emirates",1987,1574214,"ARE","Asia"
"United Kingdom",1987,56885983,"GBR","Europe"
"United States",1987,246161249,"USA","Americas"
"United States Virgin Islands",1987,101698,"UMI","Oceania"
"Uruguay",1987,3049842,"URY","Americas"
"Uzbekistan",1987,18930024,"UZB","Asia"
"Vanuatu",1987,137162,"VUT","Oceania"
"Venezuela",1987,18394915,"VEN","Americas"
"Vietnam",1987,61584586,"VNM","Asia"
"Wallis and Futuna",1987,13051,"WLF","Oceania"
"Western Sahara",1987,162843,"ESH","Africa"
"Yemen",1987,12369868,"YEM","Asia"
"Zambia",1987,7191237,"ZMB","Africa"
"Zimbabwe",1987,9284594,"ZWE","Africa"
"Afghanistan",1988,11523244,"AFG","Asia"
"Albania",1988,3212878,"ALB","Europe"
"Algeria",1988,24109485,"DZA","Africa"
"American Samoa",1988,43584,"ASM","Oceania"
"Andorra",1988,49394,"AND","Europe"
"Angola",1988,10861253,"AGO","Africa"
"Anguilla",1988,7763,"AIA","Americas"
"Antigua and Barbuda",1988,63588,"ATG","Americas"
"Argentina",1988,31780481,"ARG","Americas"
"Armenia",1988,3355070,"ARM","Asia"
"Aruba",1988,63176,"ABW","Americas"
"Australia",1988,16594053,"AUS","Oceania"
"Austria",1988,7585290,"AUT","Europe"
"Azerbaijan",1988,7081352,"AZE","Asia"
"Bahamas",1988,266404,"BHS","Americas"
"Bahrain",1988,479884,"BHR","Asia"
"Bangladesh",1988,107215958,"BGD","Asia"
"Barbados",1988,257733,"BRB","Americas"
"Belarus",1988,10107584,"BLR","Europe"
"Belgium",1988,9916509,"BEL","Europe"
"Belize",1988,175147,"BLZ","Americas"
"Benin",1988,4967293,"BEN","Africa"
"Bermuda",1988,56667,"BMU","Americas"
"Bhutan",1988,556946,"BTN","Asia"
"Bolivia",1988,6835460,"BOL","Americas"
"Bonaire Sint Eustatius and Saba",1988,12666,"BES","Americas"
"Bosnia and Herzegovina",1988,4414365,"BIH","Europe"
"Botswana",1988,1235436,"BWA","Africa"
"Brazil",1988,143826311,"BRA","Americas"
"British Virgin Islands",1988,14662,"IOT","Africa"
"Brunei",1988,240887,"BRN","Asia"
"Bulgaria",1988,8985672,"BGR","Europe"
"Burkina Faso",1988,8687396,"BFA","Africa"
"Burundi",1988,5365292,"BDI","Africa"
"Cambodia",1988,6811959,"KHM","Asia"
"Cameroon",1988,10684921,"CMR","Africa"
"Canada",1988,26927889,"CAN","Americas"
"Cape Verde",1988,362289,"CPV","Africa"
"Cayman Islands",1988,23918,"CYM","Americas"
"Central African Republic",1988,2713912,"CAF","Africa"
"Chad",1988,5625553,"TCD","Africa"
"Chile",1988,12999380,"CHL","Americas"
"China",1988,1115244112,"CHN","Asia"
"Colombia",1988,31130481,"COL","Americas"
"Comoros",1988,421646,"COM","Africa"
"Congo",1988,2247607,"COG","Africa"
"Cook Islands",1988,16731,"COK","Oceania"
"Costa Rica",1988,2968051,"CRI","Americas"
"Cote d'Ivoire",1988,11275141,"CIV","Africa"
"Croatia",1988,4805990,"HRV","Europe"
"Cuba",1988,10432542,"CUB","Americas"
"Cyprus",1988,766191,"CYP","Asia"
"Czechia",1988,10305395,"CZE","Europe"
"Democratic Republic of Congo",1988,34382706,"COD","Africa"
"Denmark",1988,5129588,"DNK","Europe"
"Djibouti",1988,484482,"DJI","Africa"
"Dominica",1988,70576,"DMA","Americas"
"Dominican Republic",1988,6855687,"DOM","Americas"
"East Timor",1988,730703,"TLS","Asia"
"Ecuador",1988,10010751,"ECU","Americas"
"Egypt",1988,55187620,"EGY","Africa"
"El Salvador",1988,5195776,"SLV","Americas"
"Equatorial Guinea",1988,439612,"GNQ","Africa"
"Eritrea",1988,1938222,"ERI","Africa"
"Estonia",1988,1559057,"EST","Europe"
"Eswatini",1988,799759,"SWZ","Africa"
"Ethiopia",1988,44150786,"ETH","Africa"
"Falkland Islands",1988,2261,"FLK","Americas"
"Faroe Islands",1988,46929,"FRO","Europe"
"Fiji",1988,758654,"FJI","Oceania"
"Finland",1988,4946577,"FIN","Europe"
"France",1988,56361796,"FRA","Europe"
"French Guiana",1988,101841,"GUF","Americas"
"French Polynesia",1988,195166,"PYF","Oceania"
"Gabon",1988,930962,"GAB","Africa"
"Gambia",1988,970122,"GMB","Africa"
"Georgia",1988,5500204,"GEO","Asia"
"Germany",1988,78385947,"DEU","Europe"
"Ghana",1988,14636525,"GHA","Africa"
"Gibraltar",1988,27815,"GIB","Europe"
"Greece",1988,10176962,"GRC","Europe"
"Greenland",1988,54775,"GRL","Americas"
"Grenada",1988,98271,"GRD","Americas"
"Guadeloupe",1988,375968,"GLP","Americas"
"Guam",1988,132762,"GUM","Oceania"
"Guatemala",1988,8532046,"GTM","Americas"
"Guernsey",1988,57486,"GGY","Europe"
"Guinea",1988,6056521,"GIN","Africa"
"Guinea-Bissau",1988,942018,"GNB","Africa"
"Guyana",1988,759622,"GUY","Americas"
"Haiti",1988,6578104,"HTI","Americas"
"Honduras",1988,4707642,"HND","Americas"
"Hong Kong",1988,5514851,"HKG","Asia"
"Hungary",1988,10440480,"HUN","Europe"
"Iceland",1988,249685,"ISL","Europe"
"India",1988,827342945,"IND","Asia"
"Indonesia",1988,176855016,"IDN","Asia"
"Iran",1988,55072645,"IRN","Asia"
"Iraq",1988,16908764,"IRQ","Asia"
"Ireland",1988,3525037,"IRL","Europe"
"Isle of Man",1988,66660,"IMN","Europe"
"Israel",1988,4307287,"ISR","Asia"
"Italy",1988,56928699,"ITA","Europe"
"Jamaica",1988,2345742,"JAM","Americas"
"Japan",1988,122476904,"JPN","Asia"
"Jersey",1988,82565,"JEY","Europe"
"Jordan",1988,3192988,"JOR","Asia"
"Kazakhstan",1988,16781120,"KAZ","Asia"
"Kenya",1988,21356181,"KEN","Africa"
"Kiribati",1988,71401,"KIR","Oceania"
"Kosovo",1988,1917834,"XKX","Europe"
"Kuwait",1988,2134665,"KWT","Asia"
"Kyrgyzstan",1988,4307975,"KGZ","Asia"
"Laos",1988,4072563,"LAO","Asia"
"Latvia",1988,2652204,"LVA","Europe"
"Lebanon",1988,3454594,"LBN","Asia"
"Lesotho",1988,1739796,"LSO","Africa"
"Liberia",1988,2446894,"LBR","Africa"
"Libya",1988,4237705,"LBY","Africa"
"Liechtenstein",1988,28120,"LIE","Europe"
"Lithuania",1988,3672594,"LTU","Europe"
"Luxembourg",1988,373745,"LUX","Europe"
"Macao",1988,326852,"MAC","Asia"
"Madagascar",1988,11369413,"MDG","Africa"
"Malawi",1988,8753208,"MWI","Africa"
"Malaysia",1988,16796561,"MYS","Asia"
"Maldives",1988,210845,"MDV","Asia"
"Mali",1988,8833951,"MLI","Africa"
"Malta",1988,361172,"MLT","Europe"
"Marshall Islands",1988,42291,"MHL","Oceania"
"Martinique",1988,360750,"MTQ","Americas"
"Mauritania",1988,1855820,"MRT","Africa"
"Mauritius",1988,1063547,"MUS","Africa"
"Mayotte",1988,79089,"MYT","Africa"
"Mexico",1988,79695481,"MEX","Americas"
"Micronesia (country)",1988,97068,"FSM","Oceania"
"Moldova",1988,4407722,"MDA","Europe"
"Monaco",1988,29756,"MCO","Europe"
"Mongolia",1988,2076281,"MNG","Asia"
"Montenegro",1988,613538,"MNE","Europe"
"Montserrat",1988,10815,"MSR","Americas"
"Morocco",1988,23500486,"MAR","Africa"
"Mozambique",1988,12800513,"MOZ","Africa"
"Myanmar",1988,38600885,"MMR","Asia"
"Namibia",1988,1209657,"NAM","Africa"
"Nauru",1988,9147,"NRU","Oceania"
"Nepal",1988,18638608,"NPL","Asia"
"Netherlands",1988,14825852,"NLD","Europe"
"New Caledonia",1988,168470,"NCL","Oceania"
"New Zealand",1988,3315973,"NZL","Oceania"
"Nicaragua",1988,3972276,"NIC","Americas"
"Niger",1988,7793714,"NER","Africa"
"Nigeria",1988,92020036,"NGA","Africa"
"Niue",1988,2519,"NIU","Oceania"
"North Korea",1988,20503104,"PRK","Asia"
"North Macedonia",1988,2045692,"MKD","Europe"
"Northern Mariana Islands",1988,38497,"MNP","Oceania"
"Norway",1988,4209425,"NOR","Europe"
"Oman",1988,1588524,"OMN","Asia"
"Pakistan",1988,108724679,"PAK","Asia"
"Palau",1988,14625,"PLW","Oceania"
"Palestine",1988,1977251,"PSX","Asia"
"Panama",1988,2352806,"PAN","Americas"
"Papua New Guinea",1988,3711839,"PNG","Oceania"
"Paraguay",1988,3820510,"PRY","Americas"
"Peru",1988,21054658,"PER","Americas"
"Philippines",1988,59739014,"PHL","Asia"
"Poland",1988,37817816,"POL","Europe"
"Portugal",1988,10004538,"PRT","Europe"
"Puerto Rico",1988,3485015,"PRI","Americas"
"Qatar",1988,411227,"QAT","Asia"
"Reunion",1988,631207,"REU","Africa"
"Romania",1988,22815389,"ROU","Europe"
"Russia",1988,147364443,"RUS","Europe"
"Rwanda",1988,6968018,"RWA","Africa"
"Saint Barthelemy",1988,4799,"BLM","Americas"
"Saint Helena",1988,6664,"SHN","Africa"
"Saint Kitts and Nevis",1988,41038,"KNA","Americas"
"Saint Lucia",1988,134969,"LCA","Americas"
"Saint Martin (French part)",1988,23745,"MAF","Americas"
"Saint Pierre and Miquelon",1988,6333,"SPM","Americas"
"Saint Vincent and the Grenadines",1988,110632,"VCT","Americas"
"Samoa",1988,168321,"WSM","Oceania"
"San Marino",1988,22819,"SMR","Europe"
"Sao Tome and Principe",1988,116912,"STP","Africa"
"Saudi Arabia",1988,9629123,"SAU","Asia"
"Senegal",1988,7289576,"SEN","Africa"
"Serbia",1988,7884411,"SRB","Europe"
"Seychelles",1988,72178,"SYC","Africa"
"Sierra Leone",1988,3934469,"SLE","Africa"
"Singapore",1988,2848994,"SGP","Asia"
"Sint Maarten (Dutch part)",1988,24341,"SXM","Americas"
"Slovakia",1988,5229632,"SVK","Europe"
"Slovenia",1988,1993477,"SVN","Europe"
"Solomon Islands",1988,311230,"SLB","Oceania"
"Somalia",1988,7235317,"SOM","Africa"
"South Africa",1988,38480593,"ZAF","Africa"
"South Korea",1988,42922928,"KOR","Asia"
"South Sudan",1988,4847993,"SSD","Africa"
"Spain",1988,38952207,"ESP","Europe"
"Sri Lanka",1988,16078570,"LKA","Asia"
"Sudan",1988,21138392,"SDN","Africa"
"Suriname",1988,402184,"SUR","Americas"
"Sweden",1988,8436315,"SWE","Europe"
"Switzerland",1988,6594095,"CHE","Europe"
"Syria",1988,11782217,"SYR","Asia"
"Taiwan",1988,20223611,"TWN","Asia"
"Tajikistan",1988,5114938,"TJK","Asia"
"Tanzania",1988,24769647,"TZA","Africa"
"Thailand",1988,52969542,"THA","Asia"
"Togo",1988,3769711,"TGO","Africa"
"Tokelau",1988,1754,"TKL","Oceania"
"Tonga",1988,98944,"TON","Oceania"
"Trinidad and Tobago",1988,1230022,"TTO","Americas"
"Tunisia",1988,7974393,"TUN","Africa"
"Turkey",1988,53909576,"TUR","Asia"
"Turkmenistan",1988,3559317,"TKM","Asia"
"Turks and Caicos Islands",1988,10765,"TCA","Americas"
"Tuvalu",1988,8503,"TUV","Oceania"
"Uganda",1988,16470436,"UGA","Africa"
"Ukraine",1988,51724803,"UKR","Europe"
"United Arab Emirates",1988,1681747,"ARE","Asia"
"United Kingdom",1988,57026498,"GBR","Europe"
"United States",1988,248393183,"USA","Americas"
"United States Virgin Islands",1988,101920,"UMI","Oceania"
"Uruguay",1988,3067912,"URY","Americas"
"Uzbekistan",1988,19460581,"UZB","Asia"
"Vanuatu",1988,140719,"VUT","Oceania"
"Venezuela",1988,18870966,"VEN","Americas"
"Vietnam",1988,62843178,"VNM","Asia"
"Wallis and Futuna",1988,13187,"WLF","Oceania"
"Western Sahara",1988,168370,"ESH","Africa"
"Yemen",1988,12859672,"YEM","Asia"
"Zambia",1988,7391399,"ZMB","Africa"
"Zimbabwe",1988,9583054,"ZWE","Africa"
"Afghanistan",1989,11874030,"AFG","Asia"
"Albania",1989,3260326,"ALB","Europe"
"Algeria",1989,24754440,"DZA","Africa"
"American Samoa",1989,45169,"ASM","Oceania"
"Andorra",1989,50589,"AND","Europe"
"Angola",1989,11238508,"AGO","Africa"
"Anguilla",1989,8071,"AIA","Americas"
"Antigua and Barbuda",1989,63290,"ATG","Americas"
"Argentina",1989,32270914,"ARG","Americas"
"Armenia",1989,3443051,"ARM","Asia"
"Aruba",1989,63366,"ABW","Americas"
"Australia",1989,16869306,"AUS","Oceania"
"Austria",1989,7620361,"AUT","Europe"
"Azerbaijan",1989,7167525,"AZE","Asia"
"Bahamas",1989,271140,"BHS","Americas"
"Bahrain",1989,497284,"BHR","Asia"
"Bangladesh",1989,109433756,"BGD","Asia"
"Barbados",1989,258059,"BRB","Americas"
"Belarus",1989,10158729,"BLR","Europe"
"Belgium",1989,9936527,"BEL","Europe"
"Belize",1989,179071,"BLZ","Americas"
"Benin",1989,5121611,"BEN","Africa"
"Bermuda",1989,57111,"BMU","Americas"
"Bhutan",1989,573542,"BTN","Asia"
"Bolivia",1989,6981727,"BOL","Americas"
"Bonaire Sint Eustatius and Saba",1989,12789,"BES","Americas"
"Bosnia and Herzegovina",1989,4433940,"BIH","Europe"
"Botswana",1989,1270237,"BWA","Africa"
"Brazil",1989,146502923,"BRA","Americas"
"British Virgin Islands",1989,15160,"IOT","Africa"
"Brunei",1989,248029,"BRN","Asia"
"Bulgaria",1989,8936335,"BGR","Europe"
"Burkina Faso",1989,8921126,"BFA","Africa"
"Burundi",1989,5471650,"BDI","Africa"
"Cambodia",1989,7073418,"KHM","Asia"
"Cameroon",1989,11002700,"CMR","Africa"
"Canada",1989,27365995,"CAN","Americas"
"Cape Verde",1989,367762,"CPV","Africa"
"Cayman Islands",1989,24859,"CYM","Americas"
"Central African Republic",1989,2783930,"CAF","Africa"
"Chad",1989,5819543,"TCD","Africa"
"Chile",1989,13214962,"CHL","Americas"
"China",1989,1133990957,"CHN","Asia"
"Colombia",1989,31776227,"COL","Americas"
"Comoros",1989,433056,"COM","Africa"
"Congo",1989,2313516,"COG","Africa"
"Cook Islands",1989,16922,"COK","Oceania"
"Costa Rica",1989,3043775,"CRI","Americas"
"Cote d'Ivoire",1989,11719717,"CIV","Africa"
"Croatia",1989,4820680,"HRV","Europe"
"Cuba",1989,10533199,"CUB","Americas"
"Cyprus",1989,777376,"CYP","Asia"
"Czechia",1989,10305562,"CZE","Europe"
"Democratic Republic of Congo",1989,35486810,"COD","Africa"
"Denmark",1989,5132673,"DNK","Europe"
"Djibouti",1989,523310,"DJI","Africa"
"Dominica",1989,70125,"DMA","Americas"
"Dominican Republic",1989,7002239,"DOM","Americas"
"East Timor",1989,744806,"TLS","Asia"
"Ecuador",1989,10241804,"ECU","Americas"
"Egypt",1989,56710590,"EGY","Africa"
"El Salvador",1989,5298931,"SLV","Americas"
"Equatorial Guinea",1989,456777,"GNQ","Africa"
"Eritrea",1989,1986972,"ERI","Africa"
"Estonia",1989,1567538,"EST","Europe"
"Eswatini",1989,837771,"SWZ","Africa"
"Ethiopia",1989,45879633,"ETH","Africa"
"Falkland Islands",1989,2301,"FLK","Americas"
"Faroe Islands",1989,47487,"FRO","Europe"
"Fiji",1989,766283,"FJI","Oceania"
"Finland",1989,4964475,"FIN","Europe"
"France",1989,56685031,"FRA","Europe"
"French Guiana",1989,107539,"GUF","Americas"
"French Polynesia",1989,199598,"PYF","Oceania"
"Gabon",1989,957093,"GAB","Africa"
"Gambia",1989,1011321,"GMB","Africa"
"Georgia",1989,5499593,"GEO","Asia"
"Germany",1989,79007007,"DEU","Europe"
"Ghana",1989,15006762,"GHA","Africa"
"Gibraltar",1989,27519,"GIB","Europe"
"Greece",1989,10217995,"GRC","Europe"
"Greenland",1989,55289,"GRL","Americas"
"Grenada",1989,99089,"GRD","Americas"
"Guadeloupe",1989,382756,"GLP","Americas"
"Guam",1989,135773,"GUM","Oceania"
"Guatemala",1989,8775500,"GTM","Americas"
"Guernsey",1989,58157,"GGY","Europe"
"Guinea",1989,6215770,"GIN","Africa"
"Guinea-Bissau",1989,957737,"GNB","Africa"
"Guyana",1989,754818,"GUY","Americas"
"Haiti",1989,6714685,"HTI","Americas"
"Honduras",1989,4841788,"HND","Americas"
"Hong Kong",1989,5540530,"HKG","Asia"
"Hungary",1989,10403359,"HUN","Europe"
"Iceland",1989,252816,"ISL","Europe"
"India",1989,846039483,"IND","Asia"
"Indonesia",1989,180201584,"IDN","Asia"
"Iran",1989,56704871,"IRN","Asia"
"Iraq",1989,17364492,"IRQ","Asia"
"Ireland",1989,3511027,"IRL","Europe"
"Isle of Man",1989,67759,"IMN","Europe"
"Israel",1989,4381463,"ISR","Asia"
"Italy",1989,56976698,"ITA","Europe"
"Jamaica",1989,2361865,"JAM","Americas"
"Japan",1989,122947358,"JPN","Asia"
"Jersey",1989,83283,"JEY","Europe"
"Jordan",1989,3349582,"JOR","Asia"
"Kazakhstan",1989,16996969,"KAZ","Asia"
"Kenya",1989,22118394,"KEN","Africa"
"Kiribati",1989,73116,"KIR","Oceania"
"Kosovo",1989,1946296,"XKX","Europe"
"Kuwait",1989,2217418,"KWT","Asia"
"Kyrgyzstan",1989,4381956,"KGZ","Asia"
"Laos",1989,4190933,"LAO","Asia"
"Latvia",1989,2664789,"LVA","Europe"
"Lebanon",1989,3525236,"LBN","Asia"
"Lesotho",1989,1775386,"LSO","Africa"
"Liberia",1989,2517803,"LBR","Africa"
"Libya",1989,4342874,"LBY","Africa"
"Liechtenstein",1989,28509,"LIE","Europe"
"Lithuania",1989,3696048,"LTU","Europe"
"Luxembourg",1989,377329,"LUX","Europe"
"Macao",1989,339181,"MAC","Asia"
"Madagascar",1989,11704948,"MDG","Africa"
"Malawi",1989,9176180,"MWI","Africa"
"Malaysia",1989,17314954,"MYS","Asia"
"Maldives",1989,217711,"MDV","Asia"
"Mali",1989,8999884,"MLI","Africa"
"Malta",1989,364472,"MLT","Europe"
"Marshall Islands",1989,43565,"MHL","Oceania"
"Martinique",1989,365517,"MTQ","Americas"
"Mauritania",1989,1903022,"MRT","Africa"
"Mauritius",1989,1075933,"MUS","Africa"
"Mayotte",1989,84238,"MYT","Africa"
"Mexico",1989,81247123,"MEX","Americas"
"Micronesia (country)",1989,98966,"FSM","Oceania"
"Moldova",1989,4439337,"MDA","Europe"
"Monaco",1989,30058,"MCO","Europe"
"Mongolia",1989,2124142,"MNG","Asia"
"Montenegro",1989,616995,"MNE","Europe"
"Montserrat",1989,10753,"MSR","Americas"
"Morocco",1989,23939368,"MAR","Africa"
"Mozambique",1989,12906799,"MOZ","Africa"
"Myanmar",1989,39214577,"MMR","Asia"
"Namibia",1989,1288907,"NAM","Africa"
"Nauru",1989,9367,"NRU","Oceania"
"Nepal",1989,19057757,"NPL","Asia"
"Netherlands",1989,14921064,"NLD","Europe"
"New Caledonia",1989,171987,"NCL","Oceania"
"New Zealand",1989,3333771,"NZL","Oceania"
"Nicaragua",1989,4066426,"NIC","Americas"
"Niger",1989,8034731,"NER","Africa"
"Nigeria",1989,94530966,"NGA","Africa"
"Niue",1989,2489,"NIU","Oceania"
"North Korea",1989,20804320,"PRK","Asia"
"North Macedonia",1989,2055604,"MKD","Europe"
"Northern Mariana Islands",1989,41283,"MNP","Oceania"
"Norway",1989,4226863,"NOR","Europe"
"Oman",1989,1676195,"OMN","Asia"
"Pakistan",1989,112336581,"PAK","Asia"
"Palau",1989,14923,"PLW","Oceania"
"Palestine",1989,2055577,"PSX","Asia"
"Panama",1989,2403760,"PAN","Americas"
"Papua New Guinea",1989,3796029,"PNG","Oceania"
"Paraguay",1989,3927744,"PRY","Americas"
"Peru",1989,21532534,"PER","Americas"
"Philippines",1989,61265204,"PHL","Asia"
"Poland",1989,37938044,"POL","Europe"
"Portugal",1989,10001339,"PRT","Europe"
"Puerto Rico",1989,3511949,"PRI","Americas"
"Qatar",1989,425609,"QAT","Asia"
"Reunion",1989,641435,"REU","Africa"
"Romania",1989,22887592,"ROU","Europe"
"Russia",1989,148281823,"RUS","Europe"
"Rwanda",1989,7184657,"RWA","Africa"
"Saint Barthelemy",1989,5026,"BLM","Americas"
"Saint Helena",1989,6634,"SHN","Africa"
"Saint Kitts and Nevis",1989,40731,"KNA","Americas"
"Saint Lucia",1989,136486,"LCA","Americas"
"Saint Martin (French part)",1989,26440,"MAF","Americas"
"Saint Pierre and Miquelon",1989,6341,"SPM","Americas"
"Saint Vincent and the Grenadines",1989,111241,"VCT","Americas"
"Samoa",1989,168736,"WSM","Oceania"
"San Marino",1989,23130,"SMR","Europe"
"Sao Tome and Principe",1989,119943,"STP","Africa"
"Saudi Arabia",1989,10128344,"SAU","Asia"
"Senegal",1989,7502168,"SEN","Africa"
"Serbia",1989,7881211,"SRB","Europe"
"Seychelles",1989,73094,"SYC","Africa"
"Sierra Leone",1989,4033983,"SLE","Africa"
"Singapore",1989,2938607,"SGP","Asia"
"Sint Maarten (Dutch part)",1989,26150,"SXM","Americas"
"Slovakia",1989,5249882,"SVK","Europe"
"Slovenia",1989,1995417,"SVN","Europe"
"Solomon Islands",1989,321243,"SLB","Oceania"
"Somalia",1989,7114780,"SOM","Africa"
"South Africa",1989,39628521,"ZAF","Africa"
"South Korea",1989,43524716,"KOR","Asia"
"South Sudan",1989,4713194,"SSD","Africa"
"Spain",1989,39029506,"ESP","Europe"
"Sri Lanka",1989,16248507,"LKA","Asia"
"Sudan",1989,21577977,"SDN","Africa"
"Suriname",1989,408371,"SUR","Americas"
"Sweden",1989,8492778,"SWE","Europe"
"Switzerland",1989,6647740,"CHE","Europe"
"Syria",1989,12179017,"SYR","Asia"
"Taiwan",1989,20418862,"TWN","Asia"
"Tajikistan",1989,5267204,"TJK","Asia"
"Tanzania",1989,25438705,"TZA","Africa"
"Thailand",1989,53848913,"THA","Asia"
"Togo",1989,3883375,"TGO","Africa"
"Tokelau",1989,1747,"TKL","Oceania"
"Tonga",1989,99369,"TON","Oceania"
"Trinidad and Tobago",1989,1241570,"TTO","Americas"
"Tunisia",1989,8151614,"TUN","Africa"
"Turkey",1989,54976671,"TUR","Asia"
"Turkmenistan",1989,3662424,"TKM","Asia"
"Turks and Caicos Islands",1989,11164,"TCA","Americas"
"Tuvalu",1989,8649,"TUV","Oceania"
"Uganda",1989,17010661,"UGA","Africa"
"Ukraine",1989,51917779,"UKR","Europe"
"United Arab Emirates",1989,1789812,"ARE","Asia"
"United Kingdom",1989,57182093,"GBR","Europe"
"United States",1989,250674998,"USA","Americas"
"United States Virgin Islands",1989,101888,"UMI","Oceania"
"Uruguay",1989,3086210,"URY","Americas"
"Uzbekistan",1989,19977152,"UZB","Asia"
"Vanuatu",1989,144360,"VUT","Oceania"
"Venezuela",1989,19348872,"VEN","Americas"
"Vietnam",1989,64147307,"VNM","Asia"
"Wallis and Futuna",1989,13324,"WLF","Oceania"
"Western Sahara",1989,173893,"ESH","Africa"
"Yemen",1989,13364132,"YEM","Asia"
"Zambia",1989,7589181,"ZMB","Africa"
"Zimbabwe",1989,9864749,"ZWE","Africa"
"Afghanistan",1990,12045622,"AFG","Asia"
"Albania",1990,3277919,"ALB","Europe"
"Algeria",1990,25375759,"DZA","Africa"
"American Samoa",1990,46620,"ASM","Oceania"
"Andorra",1990,52573,"AND","Europe"
"Angola",1990,11626308,"AGO","Africa"
"Anguilla",1990,8381,"AIA","Americas"
"Antigua and Barbuda",1990,63032,"ATG","Americas"
"Argentina",1990,32755859,"ARG","Americas"
"Armenia",1990,3552069,"ARM","Asia"
"Aruba",1990,64410,"ABW","Americas"
"Australia",1990,17126249,"AUS","Oceania"
"Austria",1990,7679582,"AUT","Europe"
"Azerbaijan",1990,7231035,"AZE","Asia"
"Bahamas",1990,275910,"BHS","Americas"
"Bahrain",1990,514755,"BHR","Asia"
"Bangladesh",1990,111633674,"BGD","Asia"
"Barbados",1990,258536,"BRB","Americas"
"Belarus",1990,10186209,"BLR","Europe"
"Belgium",1990,9960924,"BEL","Europe"
"Belize",1990,183049,"BLZ","Americas"
"Benin",1990,5281430,"BEN","Africa"
"Bermuda",1990,57539,"BMU","Americas"
"Bhutan",1990,589259,"BTN","Asia"
"Bolivia",1990,7130085,"BOL","Americas"
"Bonaire Sint Eustatius and Saba",1990,12909,"BES","Americas"
"Bosnia and Herzegovina",1990,4448604,"BIH","Europe"
"Botswana",1990,1305648,"BWA","Africa"
"Brazil",1990,149143183,"BRA","Americas"
"British Virgin Islands",1990,15688,"IOT","Africa"
"Brunei",1990,255256,"BRN","Asia"
"Bulgaria",1990,8822320,"BGR","Europe"
"Burkina Faso",1990,9159313,"BFA","Africa"
"Burundi",1990,5587010,"BDI","Africa"
"Cambodia",1990,7374704,"KHM","Asia"
"Cameroon",1990,11331770,"CMR","Africa"
"Canada",1990,27789386,"CAN","Americas"
"Cape Verde",1990,375391,"CPV","Africa"
"Cayman Islands",1990,25973,"CYM","Americas"
"Central African Republic",1990,2871873,"CAF","Africa"
"Chad",1990,5982793,"TCD","Africa"
"Chile",1990,13437138,"CHL","Americas"
"China",1990,1153582668,"CHN","Asia"
"Colombia",1990,32440020,"COL","Americas"
"Comoros",1990,444556,"COM","Africa"
"Congo",1990,2380511,"COG","Africa"
"Cook Islands",1990,17105,"COK","Oceania"
"Costa Rica",1990,3121652,"CRI","Americas"
"Cote d'Ivoire",1990,12189726,"CIV","Africa"
"Croatia",1990,4835027,"HRV","Europe"
"Cuba",1990,10631749,"CUB","Americas"
"Cyprus",1990,788307,"CYP","Asia"
"Czechia",1990,10301937,"CZE","Europe"
"Democratic Republic of Congo",1990,36684021,"COD","Africa"
"Denmark",1990,5140973,"DNK","Europe"
"Djibouti",1990,579498,"DJI","Africa"
"Dominica",1990,69598,"DMA","Americas"
"Dominican Republic",1990,7151120,"DOM","Americas"
"East Timor",1990,760290,"TLS","Asia"
"Ecuador",1990,10473624,"ECU","Americas"
"Egypt",1990,58396583,"EGY","Africa"
"El Salvador",1990,5399679,"SLV","Americas"
"Equatorial Guinea",1990,474244,"GNQ","Africa"
"Eritrea",1990,2032699,"ERI","Africa"
"Estonia",1990,1570254,"EST","Europe"
"Eswatini",1990,872384,"SWZ","Africa"
"Ethiopia",1990,47609716,"ETH","Africa"
"Falkland Islands",1990,2330,"FLK","Americas"
"Faroe Islands",1990,47477,"FRO","Europe"
"Fiji",1990,773274,"FJI","Oceania"
"Finland",1990,4986530,"FIN","Europe"
"France",1990,56990186,"FRA","Europe"
"French Guiana",1990,112664,"GUF","Americas"
"French Polynesia",1990,203730,"PYF","Oceania"
"Gabon",1990,983691,"GAB","Africa"
"Gambia",1990,1054658,"GMB","Africa"
"Georgia",1990,5448811,"GEO","Asia"
"Germany",1990,79707913,"DEU","Europe"
"Ghana",1990,15394598,"GHA","Africa"
"Gibraltar",1990,27170,"GIB","Europe"
"Greece",1990,10258439,"GRC","Europe"
"Greenland",1990,55602,"GRL","Americas"
"Grenada",1990,99917,"GRD","Americas"
"Guadeloupe",1990,388769,"GLP","Americas"
"Guam",1990,138577,"GUM","Oceania"
"Guatemala",1990,9024719,"GTM","Americas"
"Guernsey",1990,58871,"GGY","Europe"
"Guinea",1990,6434328,"GIN","Africa"
"Guinea-Bissau",1990,973638,"GNB","Africa"
"Guyana",1990,749835,"GUY","Americas"
"Haiti",1990,6854395,"HTI","Americas"
"Honduras",1990,4980446,"HND","Americas"
"Hong Kong",1990,5560560,"HKG","Asia"
"Hungary",1990,10381231,"HUN","Europe"
"Iceland",1990,254791,"ISL","Europe"
"India",1990,864972170,"IND","Asia"
"Indonesia",1990,183501051,"IDN","Asia"
"Iran",1990,58380046,"IRN","Asia"
"Iraq",1990,17581160,"IRQ","Asia"
"Ireland",1990,3513969,"IRL","Europe"
"Isle of Man",1990,68901,"IMN","Europe"
"Israel",1990,4544949,"ISR","Asia"
"Italy",1990,57031408,"ITA","Europe"
"Jamaica",1990,2379829,"JAM","Americas"
"Japan",1990,123399717,"JPN","Asia"
"Jersey",1990,84167,"JEY","Europe"
"Jordan",1990,3621870,"JOR","Asia"
"Kazakhstan",1990,17154015,"KAZ","Asia"
"Kenya",1990,22892599,"KEN","Africa"
"Kiribati",1990,74830,"KIR","Oceania"
"Kosovo",1990,1973734,"XKX","Europe"
"Kuwait",1990,1684784,"KWT","Asia"
"Kyrgyzstan",1990,4459486,"KGZ","Asia"
"Laos",1990,4311910,"LAO","Asia"
"Latvia",1990,2660082,"LVA","Europe"
"Lebanon",1990,3595125,"LBN","Asia"
"Lesotho",1990,1809647,"LSO","Africa"
"Liberia",1990,2223612,"LBR","Africa"
"Libya",1990,4445195,"LBY","Africa"
"Liechtenstein",1990,28873,"LIE","Europe"
"Lithuania",1990,3694967,"LTU","Europe"
"Luxembourg",1990,381666,"LUX","Europe"
"Macao",1990,351076,"MAC","Asia"
"Madagascar",1990,12055603,"MDG","Africa"
"Malawi",1990,9545814,"MWI","Africa"
"Malaysia",1990,17833124,"MYS","Asia"
"Maldives",1990,224739,"MDV","Asia"
"Mali",1990,9178778,"MLI","Africa"
"Malta",1990,367864,"MLT","Europe"
"Marshall Islands",1990,44607,"MHL","Oceania"
"Martinique",1990,370951,"MTQ","Americas"
"Mauritania",1990,1951832,"MRT","Africa"
"Mauritius",1990,1088984,"MUS","Africa"
"Mayotte",1990,89559,"MYT","Africa"
"Mexico",1990,82820134,"MEX","Americas"
"Micronesia (country)",1990,100860,"FSM","Oceania"
"Moldova",1990,4451100,"MDA","Europe"
"Monaco",1990,30326,"MCO","Europe"
"Mongolia",1990,2164532,"MNG","Asia"
"Montenegro",1990,620462,"MNE","Europe"
"Montserrat",1990,10661,"MSR","Americas"
"Morocco",1990,24375508,"MAR","Africa"
"Mozambique",1990,13094484,"MOZ","Africa"
"Myanmar",1990,39817205,"MMR","Asia"
"Namibia",1990,1369257,"NAM","Africa"
"Nauru",1990,9607,"NRU","Oceania"
"Nepal",1990,19524530,"NPL","Asia"
"Netherlands",1990,15030838,"NLD","Europe"
"New Caledonia",1990,176426,"NCL","Oceania"
"New Zealand",1990,3396932,"NZL","Oceania"
"Nicaragua",1990,4162512,"NIC","Americas"
"Niger",1990,8286020,"NER","Africa"
"Nigeria",1990,97120870,"NGA","Africa"
"Niue",1990,2467,"NIU","Oceania"
"North Korea",1990,21112087,"PRK","Asia"
"North Macedonia",1990,2063645,"MKD","Europe"
"Northern Mariana Islands",1990,43313,"MNP","Oceania"
"Norway",1990,4241384,"NOR","Europe"
"Oman",1990,1763918,"OMN","Asia"
"Pakistan",1990,116155530,"PAK","Asia"
"Palau",1990,15237,"PLW","Oceania"
"Palestine",1990,2139019,"PSX","Asia"
"Panama",1990,2455535,"PAN","Americas"
"Papua New Guinea",1990,3896435,"PNG","Oceania"
"Paraguay",1990,4035697,"PRY","Americas"
"Peru",1990,22014724,"PER","Americas"
"Philippines",1990,62854613,"PHL","Asia"
"Poland",1990,38055404,"POL","Europe"
"Portugal",1990,9989475,"PRT","Europe"
"Puerto Rico",1990,3540994,"PRI","Americas"
"Qatar",1990,440133,"QAT","Asia"
"Reunion",1990,652520,"REU","Africa"
"Romania",1990,22939481,"ROU","Europe"
"Russia",1990,148979487,"RUS","Europe"
"Rwanda",1990,7375269,"RWA","Africa"
"Saint Barthelemy",1990,5231,"BLM","Americas"
"Saint Helena",1990,6591,"SHN","Africa"
"Saint Kitts and Nevis",1990,40410,"KNA","Americas"
"Saint Lucia",1990,137810,"LCA","Americas"
"Saint Martin (French part)",1990,28205,"MAF","Americas"
"Saint Pierre and Miquelon",1990,6332,"SPM","Americas"
"Saint Vincent and the Grenadines",1990,111769,"VCT","Americas"
"Samoa",1990,169011,"WSM","Oceania"
"San Marino",1990,23455,"SMR","Europe"
"Sao Tome and Principe",1990,122945,"STP","Africa"
"Saudi Arabia",1990,10640660,"SAU","Asia"
"Senegal",1990,7720473,"SEN","Africa"
"Serbia",1990,7874543,"SRB","Europe"
"Seychelles",1990,73954,"SYC","Africa"
"Sierra Leone",1990,4196781,"SLE","Africa"
"Singapore",1990,3039544,"SGP","Asia"
"Sint Maarten (Dutch part)",1990,28035,"SXM","Americas"
"Slovakia",1990,5266022,"SVK","Europe"
"Slovenia",1990,1997968,"SVN","Europe"
"Solomon Islands",1990,331409,"SLB","Oceania"
"Somalia",1990,7082766,"SOM","Africa"
"South Africa",1990,40746216,"ZAF","Africa"
"South Korea",1990,44081380,"KOR","Asia"
"South Sudan",1990,4737589,"SSD","Africa"
"Spain",1990,39084924,"ESP","Europe"
"Sri Lanka",1990,16352408,"LKA","Asia"
"Sudan",1990,22021425,"SDN","Africa"
"Suriname",1990,412451,"SUR","Americas"
"Sweden",1990,8558526,"SWE","Europe"
"Switzerland",1990,6713123,"CHE","Europe"
"Syria",1990,12579170,"SYR","Asia"
"Taiwan",1990,20594854,"TWN","Asia"
"Tajikistan",1990,5398731,"TJK","Asia"
"Tanzania",1990,26110150,"TZA","Africa"
"Thailand",1990,54738282,"THA","Asia"
"Togo",1990,3998711,"TGO","Africa"
"Tokelau",1990,1754,"TKL","Oceania"
"Tonga",1990,99666,"TON","Oceania"
"Trinidad and Tobago",1990,1252162,"TTO","Americas"
"Tunisia",1990,8324459,"TUN","Africa"
"Turkey",1990,56015570,"TUR","Asia"
"Turkmenistan",1990,3760508,"TKM","Asia"
"Turks and Caicos Islands",1990,11663,"TCA","Americas"
"Tuvalu",1990,8778,"TUV","Oceania"
"Uganda",1990,17569850,"UGA","Africa"
"Ukraine",1990,52054034,"UKR","Europe"
"United Arab Emirates",1990,1898182,"ARE","Asia"
"United Kingdom",1990,57367820,"GBR","Europe"
"United States",1990,253373337,"USA","Americas"
"United States Virgin Islands",1990,102282,"UMI","Oceania"
"Uruguay",1990,3104365,"URY","Americas"
"Uzbekistan",1990,20464919,"UZB","Asia"
"Vanuatu",1990,148024,"VUT","Oceania"
"Venezuela",1990,19826964,"VEN","Americas"
"Vietnam",1990,65504503,"VNM","Asia"
"Wallis and Futuna",1990,13466,"WLF","Oceania"
"Western Sahara",1990,179512,"ESH","Africa"
"Yemen",1990,13887801,"YEM","Asia"
"Zambia",1990,7786113,"ZMB","Africa"
"Zimbabwe",1990,10137236,"ZWE","Africa"
"Afghanistan",1991,12238831,"AFG","Asia"
"Albania",1991,3282561,"ALB","Europe"
"Algeria",1991,25987891,"DZA","Africa"
"American Samoa",1991,47856,"ASM","Oceania"
"Andorra",1991,56650,"AND","Europe"
"Angola",1991,12023483,"AGO","Africa"
"Anguilla",1991,8684,"AIA","Americas"
"Antigua and Barbuda",1991,63355,"ATG","Americas"
"Argentina",1991,33230247,"ARG","Americas"
"Armenia",1991,3613925,"ARM","Asia"
"Aruba",1991,66522,"ABW","Americas"
"Australia",1991,17353139,"AUS","Oceania"
"Austria",1991,7757088,"AUT","Europe"
"Azerbaijan",1991,7314263,"AZE","Asia"
"Bahamas",1991,280701,"BHS","Americas"
"Bahrain",1991,531841,"BHR","Asia"
"Bangladesh",1991,113787065,"BGD","Asia"
"Barbados",1991,259339,"BRB","Americas"
"Belarus",1991,10193837,"BLR","Europe"
"Belgium",1991,9998909,"BEL","Europe"
"Belize",1991,187007,"BLZ","Americas"
"Benin",1991,5446879,"BEN","Africa"
"Bermuda",1991,57962,"BMU","Americas"
"Bhutan",1991,599743,"BTN","Asia"
"Bolivia",1991,7280258,"BOL","Americas"
"Bonaire Sint Eustatius and Saba",1991,13014,"BES","Americas"
"Bosnia and Herzegovina",1991,4458299,"BIH","Europe"
"Botswana",1991,1341717,"BWA","Africa"
"Brazil",1991,151724204,"BRA","Americas"
"British Virgin Islands",1991,16173,"IOT","Africa"
"Brunei",1991,262551,"BRN","Asia"
"Bulgaria",1991,8695748,"BGR","Europe"
"Burkina Faso",1991,9394584,"BFA","Africa"
"Burundi",1991,5703814,"BDI","Africa"
"Cambodia",1991,7686811,"KHM","Asia"
"Cameroon",1991,11667134,"CMR","Africa"
"Canada",1991,28157104,"CAN","Americas"
"Cape Verde",1991,384554,"CPV","Africa"
"Cayman Islands",1991,27267,"CYM","Americas"
"Central African Republic",1991,2963149,"CAF","Africa"
"Chad",1991,6205631,"TCD","Africa"
"Chile",1991,13662434,"CHL","Americas"
"China",1991,1170788481,"CHN","Asia"
"Colombia",1991,33098327,"COL","Americas"
"Comoros",1991,455521,"COM","Africa"
"Congo",1991,2449187,"COG","Africa"
"Cook Islands",1991,17290,"COK","Oceania"
"Costa Rica",1991,3202139,"CRI","Americas"
"Cote d'Ivoire",1991,12683818,"CIV","Africa"
"Croatia",1991,4825112,"HRV","Europe"
"Cuba",1991,10717592,"CUB","Americas"
"Cyprus",1991,798903,"CYP","Asia"
"Czechia",1991,10304363,"CZE","Europe"
"Democratic Republic of Congo",1991,37925779,"COD","Africa"
"Denmark",1991,5154296,"DNK","Europe"
"Djibouti",1991,631053,"DJI","Africa"
"Dominica",1991,69273,"DMA","Americas"
"Dominican Republic",1991,7299794,"DOM","Americas"
"East Timor",1991,778243,"TLS","Asia"
"Ecuador",1991,10702316,"ECU","Americas"
"Egypt",1991,60028948,"EGY","Africa"
"El Salvador",1991,5495037,"SLV","Americas"
"Equatorial Guinea",1991,492165,"GNQ","Africa"
"Eritrea",1991,1919524,"ERI","Africa"
"Estonia",1991,1565333,"EST","Europe"
"Eswatini",1991,908153,"SWZ","Africa"
"Ethiopia",1991,49717150,"ETH","Africa"
"Falkland Islands",1991,2381,"FLK","Americas"
"Faroe Islands",1991,46796,"FRO","Europe"
"Fiji",1991,779613,"FJI","Oceania"
"Finland",1991,5013842,"FIN","Europe"
"France",1991,57271510,"FRA","Europe"
"French Guiana",1991,116938,"GUF","Americas"
"French Polynesia",1991,207716,"PYF","Oceania"
"Gabon",1991,1010777,"GAB","Africa"
"Gambia",1991,1099908,"GMB","Africa"
"Georgia",1991,5379465,"GEO","Asia"
"Germany",1991,80303142,"DEU","Europe"
"Ghana",1991,15787445,"GHA","Africa"
"Gibraltar",1991,26882,"GIB","Europe"
"Greece",1991,10306590,"GRC","Europe"
"Greenland",1991,55696,"GRL","Americas"
"Grenada",1991,100751,"GRD","Americas"
"Guadeloupe",1991,393733,"GLP","Americas"
"Guam",1991,141045,"GUM","Oceania"
"Guatemala",1991,9272532,"GTM","Americas"
"Guernsey",1991,59350,"GGY","Europe"
"Guinea",1991,6697116,"GIN","Africa"
"Guinea-Bissau",1991,994595,"GNB","Africa"
"Guyana",1991,747819,"GUY","Americas"
"Haiti",1991,6995409,"HTI","Americas"
"Honduras",1991,5123756,"HND","Americas"
"Hong Kong",1991,5628035,"HKG","Asia"
"Hungary",1991,10378132,"HUN","Europe"
"Iceland",1991,257764,"ISL","Europe"
"India",1991,883927551,"IND","Asia"
"Indonesia",1991,186778184,"IDN","Asia"
"Iran",1991,59986887,"IRN","Asia"
"Iraq",1991,17767202,"IRQ","Asia"
"Ireland",1991,3534214,"IRL","Europe"
"Isle of Man",1991,69786,"IMN","Europe"
"Israel",1991,4779837,"ISR","Asia"
"Italy",1991,57075339,"ITA","Europe"
"Jamaica",1991,2400824,"JAM","Americas"
"Japan",1991,123889808,"JPN","Asia"
"Jersey",1991,84863,"JEY","Europe"
"Jordan",1991,3915102,"JOR","Asia"
"Kazakhstan",1991,17278551,"KAZ","Asia"
"Kenya",1991,23646463,"KEN","Africa"
"Kiribati",1991,76340,"KIR","Oceania"
"Kosovo",1991,2005318,"XKX","Europe"
"Kuwait",1991,1351363,"KWT","Asia"
"Kyrgyzstan",1991,4532078,"KGZ","Asia"
"Laos",1991,4435070,"LAO","Asia"
"Latvia",1991,2648888,"LVA","Europe"
"Lebanon",1991,3668859,"LBN","Asia"
"Lesotho",1991,1842330,"LSO","Africa"
"Liberia",1991,1956479,"LBR","Africa"
"Libya",1991,4544355,"LBY","Africa"
"Liechtenstein",1991,29259,"LIE","Europe"
"Lithuania",1991,3701357,"LTU","Europe"
"Luxembourg",1991,386773,"LUX","Europe"
"Macao",1991,362231,"MAC","Asia"
"Madagascar",1991,12421371,"MDG","Africa"
"Malawi",1991,9844177,"MWI","Africa"
"Malaysia",1991,18342429,"MYS","Asia"
"Maldives",1991,231769,"MDV","Asia"
"Mali",1991,9362832,"MLI","Africa"
"Malta",1991,371288,"MLT","Europe"
"Marshall Islands",1991,45542,"MHL","Oceania"
"Martinique",1991,377255,"MTQ","Americas"
"Mauritania",1991,2009686,"MRT","Africa"
"Mauritius",1991,1103000,"MUS","Africa"
"Mayotte",1991,95069,"MYT","Africa"
"Mexico",1991,84430515,"MEX","Americas"
"Micronesia (country)",1991,102715,"FSM","Oceania"
"Moldova",1991,4456561,"MDA","Europe"
"Monaco",1991,30602,"MCO","Europe"
"Mongolia",1991,2202716,"MNG","Asia"
"Montenegro",1991,623514,"MNE","Europe"
"Montserrat",1991,10416,"MSR","Americas"
"Morocco",1991,24798965,"MAR","Africa"
"Mozambique",1991,13352046,"MOZ","Africa"
"Myanmar",1991,40394111,"MMR","Asia"
"Namibia",1991,1415638,"NAM","Africa"
"Nauru",1991,9841,"NRU","Oceania"
"Nepal",1991,20036454,"NPL","Asia"
"Netherlands",1991,15155049,"NLD","Europe"
"New Caledonia",1991,181199,"NCL","Oceania"
"New Zealand",1991,3480888,"NZL","Oceania"
"Nicaragua",1991,4259592,"NIC","Americas"
"Niger",1991,8546856,"NER","Africa"
"Nigeria",1991,99720103,"NGA","Africa"
"Niue",1991,2436,"NIU","Oceania"
"North Korea",1991,21428591,"PRK","Asia"
"North Macedonia",1991,2055937,"MKD","Europe"
"Northern Mariana Islands",1991,44367,"MNP","Oceania"
"Norway",1991,4261568,"NOR","Europe"
"Oman",1991,1851429,"OMN","Asia"
"Pakistan",1991,120060354,"PAK","Asia"
"Palau",1991,15590,"PLW","Oceania"
"Palestine",1991,2228905,"PSX","Asia"
"Panama",1991,2508220,"PAN","Americas"
"Papua New Guinea",1991,4021791,"PNG","Oceania"
"Paraguay",1991,4144328,"PRY","Americas"
"Peru",1991,22483739,"PER","Americas"
"Philippines",1991,64382194,"PHL","Asia"
"Poland",1991,38152898,"POL","Europe"
"Portugal",1991,9969142,"PRT","Europe"
"Puerto Rico",1991,3573617,"PRI","Americas"
"Qatar",1991,454807,"QAT","Asia"
"Reunion",1991,664414,"REU","Africa"
"Romania",1991,22947368,"ROU","Europe"
"Russia",1991,149448388,"RUS","Europe"
"Rwanda",1991,7526910,"RWA","Africa"
"Saint Barthelemy",1991,5421,"BLM","Americas"
"Saint Helena",1991,6551,"SHN","Africa"
"Saint Kitts and Nevis",1991,40325,"KNA","Americas"
"Saint Lucia",1991,139486,"LCA","Americas"
"Saint Martin (French part)",1991,28778,"MAF","Americas"
"Saint Pierre and Miquelon",1991,6351,"SPM","Americas"
"Saint Vincent and the Grenadines",1991,112190,"VCT","Americas"
"Samoa",1991,169329,"WSM","Oceania"
"San Marino",1991,23778,"SMR","Europe"
"Sao Tome and Principe",1991,125669,"STP","Africa"
"Saudi Arabia",1991,11160699,"SAU","Asia"
"Senegal",1991,7943038,"SEN","Africa"
"Serbia",1991,7867015,"SRB","Europe"
"Seychelles",1991,74784,"SYC","Africa"
"Sierra Leone",1991,4246212,"SLE","Africa"
"Singapore",1991,3136244,"SGP","Asia"
"Sint Maarten (Dutch part)",1991,30022,"SXM","Americas"
"Slovakia",1991,5284824,"SVK","Europe"
"Slovenia",1991,1999136,"SVN","Europe"
"Solomon Islands",1991,341703,"SLB","Oceania"
"Somalia",1991,6813704,"SOM","Africa"
"South Africa",1991,41687861,"ZAF","Africa"
"South Korea",1991,44439112,"KOR","Asia"
"South Sudan",1991,4836630,"SSD","Africa"
"Spain",1991,39201702,"ESP","Europe"
"Sri Lanka",1991,16475313,"LKA","Asia"
"Sudan",1991,22470633,"SDN","Africa"
"Suriname",1991,414976,"SUR","Americas"
"Sweden",1991,8616913,"SWE","Europe"
"Switzerland",1991,6796900,"CHE","Europe"
"Syria",1991,12980777,"SYR","Asia"
"Taiwan",1991,20781705,"TWN","Asia"
"Tajikistan",1991,5541146,"TJK","Asia"
"Tanzania",1991,26780391,"TZA","Africa"
"Thailand",1991,55637391,"THA","Asia"
"Togo",1991,4115519,"TGO","Africa"
"Tokelau",1991,1755,"TKL","Oceania"
"Tonga",1991,99865,"TON","Oceania"
"Trinidad and Tobago",1991,1262128,"TTO","Americas"
"Tunisia",1991,8501781,"TUN","Africa"
"Turkey",1991,57009853,"TUR","Asia"
"Turkmenistan",1991,3855848,"TKM","Asia"
"Turks and Caicos Islands",1991,12281,"TCA","Americas"
"Tuvalu",1991,8910,"TUV","Oceania"
"Uganda",1991,18155852,"UGA","Africa"
"Ukraine",1991,52170917,"UKR","Europe"
"United Arab Emirates",1991,2006584,"ARE","Asia"
"United Kingdom",1991,57555147,"GBR","Europe"
"United States",1991,256471373,"USA","Americas"
"United States Virgin Islands",1991,103314,"UMI","Oceania"
"Uruguay",1991,3122314,"URY","Americas"
"Uzbekistan",1991,20962868,"UZB","Asia"
"Vanuatu",1991,151764,"VUT","Oceania"
"Venezuela",1991,20304851,"VEN","Americas"
"Vietnam",1991,66891732,"VNM","Asia"
"Wallis and Futuna",1991,13613,"WLF","Oceania"
"Western Sahara",1991,185269,"ESH","Africa"
"Yemen",1991,14430160,"YEM","Asia"
"Zambia",1991,7981603,"ZMB","Africa"
"Zimbabwe",1991,10404776,"ZWE","Africa"
"Afghanistan",1992,13278937,"AFG","Asia"
"Albania",1992,3282454,"ALB","Europe"
"Algeria",1992,26628518,"DZA","Africa"
"American Samoa",1992,49013,"ASM","Oceania"
"Andorra",1992,60165,"AND","Europe"
"Angola",1992,12423671,"AGO","Africa"
"Anguilla",1992,8963,"AIA","Americas"
"Antigua and Barbuda",1992,64373,"ATG","Americas"
"Argentina",1992,33693487,"ARG","Americas"
"Armenia",1992,3571827,"ARM","Asia"
"Aruba",1992,68842,"ABW","Americas"
"Australia",1992,17549234,"AUS","Oceania"
"Austria",1992,7842667,"AUT","Europe"
"Azerbaijan",1992,7405734,"AZE","Asia"
"Bahamas",1992,285877,"BHS","Americas"
"Bahrain",1992,547704,"BHR","Asia"
"Bangladesh",1992,115952146,"BGD","Asia"
"Barbados",1992,260219,"BRB","Americas"
"Belarus",1992,10217518,"BLR","Europe"
"Belgium",1992,10045947,"BEL","Europe"
"Belize",1992,190952,"BLZ","Americas"
"Benin",1992,5617799,"BEN","Africa"
"Bermuda",1992,58378,"BMU","Americas"
"Bhutan",1992,577737,"BTN","Asia"
"Bolivia",1992,7430292,"BOL","Americas"
"Bonaire Sint Eustatius and Saba",1992,13139,"BES","Americas"
"Bosnia and Herzegovina",1992,4234572,"BIH","Europe"
"Botswana",1992,1379980,"BWA","Africa"
"Brazil",1992,154275022,"BRA","Americas"
"British Virgin Islands",1992,16579,"IOT","Africa"
"Brunei",1992,269798,"BRN","Asia"
"Bulgaria",1992,8559045,"BGR","Europe"
"Burkina Faso",1992,9629232,"BFA","Africa"
"Burundi",1992,5858357,"BDI","Africa"
"Cambodia",1992,8113030,"KHM","Asia"
"Cameroon",1992,12006318,"CMR","Africa"
"Canada",1992,28500013,"CAN","Americas"
"Cape Verde",1992,393380,"CPV","Africa"
"Cayman Islands",1992,28587,"CYM","Americas"
"Central African Republic",1992,3058793,"CAF","Africa"
"Chad",1992,6474612,"TCD","Africa"
"Chile",1992,13884526,"CHL","Americas"
"China",1992,1184574195,"CHN","Asia"
"Colombia",1992,33760526,"COL","Americas"
"Comoros",1992,465075,"COM","Africa"
"Congo",1992,2519425,"COG","Africa"
"Cook Islands",1992,17451,"COK","Oceania"
"Costa Rica",1992,3284214,"CRI","Americas"
"Cote d'Ivoire",1992,13200262,"CIV","Africa"
"Croatia",1992,4782191,"HRV","Europe"
"Cuba",1992,10785760,"CUB","Americas"
"Cyprus",1992,810293,"CYP","Asia"
"Czechia",1992,10312408,"CZE","Europe"
"Democratic Republic of Congo",1992,39228862,"COD","Africa"
"Denmark",1992,5171320,"DNK","Europe"
"Djibouti",1992,625972,"DJI","Africa"
"Dominica",1992,69288,"DMA","Americas"
"Dominican Republic",1992,7447429,"DOM","Americas"
"East Timor",1992,799277,"TLS","Asia"
"Ecuador",1992,10930078,"ECU","Americas"
"Egypt",1992,61480607,"EGY","Africa"
"El Salvador",1992,5585557,"SLV","Americas"
"Equatorial Guinea",1992,510728,"GNQ","Africa"
"Eritrea",1992,1798710,"ERI","Africa"
"Estonia",1992,1540174,"EST","Europe"
"Eswatini",1992,943372,"SWZ","Africa"
"Ethiopia",1992,51853704,"ETH","Africa"
"Falkland Islands",1992,2461,"FLK","Americas"
"Faroe Islands",1992,46001,"FRO","Europe"
"Fiji",1992,785300,"FJI","Oceania"
"Finland",1992,5042099,"FIN","Europe"
"France",1992,57554812,"FRA","Europe"
"French Guiana",1992,121217,"GUF","Americas"
"French Polynesia",1992,211522,"PYF","Oceania"
"Gabon",1992,1038337,"GAB","Africa"
"Gambia",1992,1145534,"GMB","Africa"
"Georgia",1992,5294140,"GEO","Asia"
"Germany",1992,80934859,"DEU","Europe"
"Ghana",1992,16184805,"GHA","Africa"
"Gibraltar",1992,26853,"GIB","Europe"
"Greece",1992,10359849,"GRC","Europe"
"Greenland",1992,55724,"GRL","Americas"
"Grenada",1992,101574,"GRD","Americas"
"Guadeloupe",1992,398111,"GLP","Americas"
"Guam",1992,143347,"GUM","Oceania"
"Guatemala",1992,9522213,"GTM","Americas"
"Guernsey",1992,59497,"GGY","Europe"
"Guinea",1992,6914320,"GIN","Africa"
"Guinea-Bissau",1992,1024313,"GNB","Africa"
"Guyana",1992,749870,"GUY","Americas"
"Haiti",1992,7136529,"HTI","Americas"
"Honduras",1992,5271385,"HND","Americas"
"Hong Kong",1992,5759509,"HKG","Asia"
"Hungary",1992,10371431,"HUN","Europe"
"Iceland",1992,261051,"ISL","Europe"
"India",1992,902957019,"IND","Asia"
"Indonesia",1992,190043693,"IDN","Asia"
"Iran",1992,61184930,"IRN","Asia"
"Iraq",1992,18300802,"IRQ","Asia"
"Ireland",1992,3558372,"IRL","Europe"
"Isle of Man",1992,70331,"IMN","Europe"
"Israel",1992,4957184,"ISR","Asia"
"Italy",1992,57124951,"ITA","Europe"
"Jamaica",1992,2424641,"JAM","Americas"
"Japan",1992,124383659,"JPN","Asia"
"Jersey",1992,85191,"JEY","Europe"
"Jordan",1992,4127648,"JOR","Asia"
"Kazakhstan",1992,17332566,"KAZ","Asia"
"Kenya",1992,24382423,"KEN","Africa"
"Kiribati",1992,77618,"KIR","Oceania"
"Kosovo",1992,2039671,"XKX","Europe"
"Kuwait",1992,1634908,"KWT","Asia"
"Kyrgyzstan",1992,4600263,"KGZ","Asia"
"Laos",1992,4559603,"LAO","Asia"
"Latvia",1992,2614781,"LVA","Europe"
"Lebanon",1992,3747321,"LBN","Asia"
"Lesotho",1992,1873226,"LSO","Africa"
"Liberia",1992,2072424,"LBR","Africa"
"Libya",1992,4640308,"LBY","Africa"
"Liechtenstein",1992,29709,"LIE","Europe"
"Lithuania",1992,3697504,"LTU","Europe"
"Luxembourg",1992,391922,"LUX","Europe"
"Macao",1992,372210,"MAC","Asia"
"Madagascar",1992,12800810,"MDG","Africa"
"Malawi",1992,10135031,"MWI","Africa"
"Malaysia",1992,18834520,"MYS","Asia"
"Maldives",1992,238515,"MDV","Asia"
"Mali",1992,9553498,"MLI","Africa"
"Malta",1992,374759,"MLT","Europe"
"Marshall Islands",1992,46367,"MHL","Oceania"
"Martinique",1992,383888,"MTQ","Americas"
"Mauritania",1992,2088090,"MRT","Africa"
"Mauritius",1992,1117626,"MUS","Africa"
"Mayotte",1992,101166,"MYT","Africa"
"Mexico",1992,86044763,"MEX","Americas"
"Micronesia (country)",1992,104782,"FSM","Oceania"
"Moldova",1992,4455670,"MDA","Europe"
"Monaco",1992,30867,"MCO","Europe"
"Mongolia",1992,2239077,"MNG","Asia"
"Montenegro",1992,625982,"MNE","Europe"
"Montserrat",1992,9973,"MSR","Americas"
"Morocco",1992,25212419,"MAR","Africa"
"Mozambique",1992,13613263,"MOZ","Africa"
"Myanmar",1992,40950295,"MMR","Asia"
"Namibia",1992,1461283,"NAM","Africa"
"Nauru",1992,10006,"NRU","Oceania"
"Nepal",1992,20609656,"NPL","Asia"
"Netherlands",1992,15276746,"NLD","Europe"
"New Caledonia",1992,186031,"NCL","Oceania"
"New Zealand",1992,3532198,"NZL","Oceania"
"Nicaragua",1992,4356980,"NIC","Americas"
"Niger",1992,8817588,"NER","Africa"
"Nigeria",1992,102372727,"NGA","Africa"
"Niue",1992,2400,"NIU","Oceania"
"North Korea",1992,21750862,"PRK","Asia"
"North Macedonia",1992,2032464,"MKD","Europe"
"Northern Mariana Islands",1992,45149,"MNP","Oceania"
"Norway",1992,4286210,"NOR","Europe"
"Oman",1992,1938185,"OMN","Asia"
"Pakistan",1992,123546809,"PAK","Asia"
"Palau",1992,15971,"PLW","Oceania"
"Palestine",1992,2324654,"PSX","Asia"
"Panama",1992,2561294,"PAN","Americas"
"Papua New Guinea",1992,4166647,"PNG","Oceania"
"Paraguay",1992,4253558,"PRY","Americas"
"Peru",1992,22946300,"PER","Americas"
"Philippines",1992,65926081,"PHL","Asia"
"Poland",1992,38233580,"POL","Europe"
"Portugal",1992,9960299,"PRT","Europe"
"Puerto Rico",1992,3606342,"PRI","Americas"
"Qatar",1992,469606,"QAT","Asia"
"Reunion",1992,676375,"REU","Africa"
"Romania",1992,22912341,"ROU","Europe"
"Russia",1992,148915936,"RUS","Europe"
"Rwanda",1992,7683212,"RWA","Africa"
"Saint Barthelemy",1992,5605,"BLM","Americas"
"Saint Helena",1992,6506,"SHN","Africa"
"Saint Kitts and Nevis",1992,40689,"KNA","Americas"
"Saint Lucia",1992,141580,"LCA","Americas"
"Saint Martin (French part)",1992,29056,"MAF","Americas"
"Saint Pierre and Miquelon",1992,6381,"SPM","Americas"
"Saint Vincent and the Grenadines",1992,112467,"VCT","Americas"
"Samoa",1992,170295,"WSM","Oceania"
"San Marino",1992,24098,"SMR","Europe"
"Sao Tome and Principe",1992,128084,"STP","Africa"
"Saudi Arabia",1992,11686632,"SAU","Asia"
"Senegal",1992,8168344,"SEN","Africa"
"Serbia",1992,7859760,"SRB","Europe"
"Seychelles",1992,75591,"SYC","Africa"
"Sierra Leone",1992,4166312,"SLE","Africa"
"Singapore",1992,3226410,"SGP","Asia"
"Sint Maarten (Dutch part)",1992,31546,"SXM","Americas"
"Slovakia",1992,5306409,"SVK","Europe"
"Slovenia",1992,1995805,"SVN","Europe"
"Solomon Islands",1992,352168,"SLB","Oceania"
"Somalia",1992,6495056,"SOM","Africa"
"South Africa",1992,42443459,"ZAF","Africa"
"South Korea",1992,44653652,"KOR","Asia"
"South Sudan",1992,4909700,"SSD","Africa"
"Spain",1992,39420297,"ESP","Europe"
"Sri Lanka",1992,16739239,"LKA","Asia"
"Sudan",1992,22927309,"SDN","Africa"
"Suriname",1992,417557,"SUR","Americas"
"Sweden",1992,8667529,"SWE","Europe"
"Switzerland",1992,6875000,"CHE","Europe"
"Syria",1992,13385522,"SYR","Asia"
"Taiwan",1992,20982040,"TWN","Asia"
"Tajikistan",1992,5649349,"TJK","Asia"
"Tanzania",1992,27457553,"TZA","Africa"
"Thailand",1992,56528779,"THA","Asia"
"Togo",1992,4233571,"TGO","Africa"
"Tokelau",1992,1761,"TKL","Oceania"
"Tonga",1992,1e+05,"TON","Oceania"
"Trinidad and Tobago",1992,1271625,"TTO","Americas"
"Tunisia",1992,8682454,"TUN","Africa"
"Turkey",1992,57990062,"TUR","Asia"
"Turkmenistan",1992,3944649,"TKM","Asia"
"Turks and Caicos Islands",1992,12949,"TCA","Americas"
"Tuvalu",1992,9025,"TUV","Oceania"
"Uganda",1992,18784994,"UGA","Africa"
"Ukraine",1992,52323629,"UKR","Europe"
"United Arab Emirates",1992,2114680,"ARE","Asia"
"United Kingdom",1992,57719216,"GBR","Europe"
"United States",1992,259605966,"USA","Americas"
"United States Virgin Islands",1992,104396,"UMI","Oceania"
"Uruguay",1992,3139656,"URY","Americas"
"Uzbekistan",1992,21485048,"UZB","Asia"
"Vanuatu",1992,155571,"VUT","Oceania"
"Venezuela",1992,20780903,"VEN","Americas"
"Vietnam",1992,68260287,"VNM","Asia"
"Wallis and Futuna",1992,13754,"WLF","Oceania"
"Western Sahara",1992,190913,"ESH","Africa"
"Yemen",1992,14989446,"YEM","Asia"
"Zambia",1992,8176624,"ZMB","Africa"
"Zimbabwe",1992,10702643,"ZWE","Africa"
"Afghanistan",1993,14943125,"AFG","Asia"
"Albania",1993,3277776,"ALB","Europe"
"Algeria",1993,27276996,"DZA","Africa"
"American Samoa",1993,50137,"ASM","Oceania"
"Andorra",1993,63239,"AND","Europe"
"Angola",1993,12827083,"AGO","Africa"
"Anguilla",1993,9219,"AIA","Americas"
"Antigua and Barbuda",1993,65545,"ATG","Americas"
"Argentina",1993,34152666,"ARG","Americas"
"Armenia",1993,3453292,"ARM","Asia"
"Aruba",1993,71045,"ABW","Americas"
"Australia",1993,17722869,"AUS","Oceania"
"Austria",1993,7907434,"AUT","Europe"
"Azerbaijan",1993,7504063,"AZE","Asia"
"Bahamas",1993,291306,"BHS","Americas"
"Bahrain",1993,562766,"BHR","Asia"
"Bangladesh",1993,118132306,"BGD","Asia"
"Barbados",1993,260992,"BRB","Americas"
"Belarus",1993,10241269,"BLR","Europe"
"Belgium",1993,10084882,"BEL","Europe"
"Belize",1993,194864,"BLZ","Americas"
"Benin",1993,5872663,"BEN","Africa"
"Bermuda",1993,58778,"BMU","Americas"
"Bhutan",1993,554639,"BTN","Asia"
"Bolivia",1993,7579145,"BOL","Americas"
"Bonaire Sint Eustatius and Saba",1993,13249,"BES","Americas"
"Bosnia and Herzegovina",1993,3904437,"BIH","Europe"
"Botswana",1993,1420068,"BWA","Africa"
"Brazil",1993,156794519,"BRA","Americas"
"British Virgin Islands",1993,16966,"IOT","Africa"
"Brunei",1993,276932,"BRN","Asia"
"Bulgaria",1993,8466479,"BGR","Europe"
"Burkina Faso",1993,9871666,"BFA","Africa"
"Burundi",1993,5676803,"BDI","Africa"
"Cambodia",1993,8616342,"KHM","Asia"
"Cameroon",1993,12353076,"CMR","Africa"
"Canada",1993,28830582,"CAN","Americas"
"Cape Verde",1993,401932,"CPV","Africa"
"Cayman Islands",1993,29956,"CYM","Americas"
"Central African Republic",1993,3157792,"CAF","Africa"
"Chad",1993,6629100,"TCD","Africa"
"Chile",1993,14102219,"CHL","Americas"
"China",1993,1197308522,"CHN","Asia"
"Colombia",1993,34441431,"COL","Americas"
"Comoros",1993,473634,"COM","Africa"
"Congo",1993,2595072,"COG","Africa"
"Cook Islands",1993,17570,"COK","Oceania"
"Costa Rica",1993,3367386,"CRI","Americas"
"Cote d'Ivoire",1993,13735912,"CIV","Africa"
"Croatia",1993,4729691,"HRV","Europe"
"Cuba",1993,10840991,"CUB","Americas"
"Cyprus",1993,825997,"CYP","Asia"
"Czechia",1993,10320353,"CZE","Europe"
"Democratic Republic of Congo",1993,40656298,"COD","Africa"
"Denmark",1993,5188587,"DNK","Europe"
"Djibouti",1993,614201,"DJI","Africa"
"Dominica",1993,69404,"DMA","Americas"
"Dominican Republic",1993,7594508,"DOM","Americas"
"East Timor",1993,821399,"TLS","Asia"
"Ecuador",1993,11154232,"ECU","Americas"
"Egypt",1993,62915626,"EGY","Africa"
"El Salvador",1993,5659912,"SLV","Americas"
"Equatorial Guinea",1993,529977,"GNQ","Africa"
"Eritrea",1993,1855977,"ERI","Africa"
"Estonia",1993,1504295,"EST","Europe"
"Eswatini",1993,971287,"SWZ","Africa"
"Ethiopia",1993,53708848,"ETH","Africa"
"Falkland Islands",1993,2551,"FLK","Americas"
"Faroe Islands",1993,45109,"FRO","Europe"
"Fiji",1993,790333,"FJI","Oceania"
"Finland",1993,5066547,"FIN","Europe"
"France",1993,57801206,"FRA","Europe"
"French Guiana",1993,125616,"GUF","Americas"
"French Polynesia",1993,215191,"PYF","Oceania"
"Gabon",1993,1066348,"GAB","Africa"
"Gambia",1993,1188323,"GMB","Africa"
"Georgia",1993,5178738,"GEO","Asia"
"Germany",1993,81486723,"DEU","Europe"
"Ghana",1993,16589470,"GHA","Africa"
"Gibraltar",1993,27046,"GIB","Europe"
"Greece",1993,10412703,"GRC","Europe"
"Greenland",1993,55735,"GRL","Americas"
"Grenada",1993,102350,"GRD","Americas"
"Guadeloupe",1993,402278,"GLP","Americas"
"Guam",1993,145626,"GUM","Oceania"
"Guatemala",1993,9779702,"GTM","Americas"
"Guernsey",1993,59481,"GGY","Europe"
"Guinea",1993,7128131,"GIN","Africa"
"Guinea-Bissau",1993,1058703,"GNB","Africa"
"Guyana",1993,752924,"GUY","Americas"
"Haiti",1993,7278133,"HTI","Americas"
"Honduras",1993,5423203,"HND","Americas"
"Hong Kong",1993,5902464,"HKG","Asia"
"Hungary",1993,10356813,"HUN","Europe"
"Iceland",1993,263720,"ISL","Europe"
"India",1993,922118324,"IND","Asia"
"Indonesia",1993,193305126,"IDN","Asia"
"Iran",1993,61403494,"IRN","Asia"
"Iraq",1993,19201146,"IRQ","Asia"
"Ireland",1993,3576075,"IRL","Europe"
"Isle of Man",1993,70753,"IMN","Europe"
"Israel",1993,5085987,"ISR","Asia"
"Italy",1993,57170710,"ITA","Europe"
"Jamaica",1993,2449859,"JAM","Americas"
"Japan",1993,124839901,"JPN","Asia"
"Jersey",1993,85459,"JEY","Europe"
"Jordan",1993,4347964,"JOR","Asia"
"Kazakhstan",1993,17274430,"KAZ","Asia"
"Kenya",1993,25117140,"KEN","Africa"
"Kiribati",1993,78814,"KIR","Oceania"
"Kosovo",1993,2072631,"XKX","Europe"
"Kuwait",1993,1672112,"KWT","Asia"
"Kyrgyzstan",1993,4626757,"KGZ","Asia"
"Laos",1993,4685022,"LAO","Asia"
"Latvia",1993,2563756,"LVA","Europe"
"Lebanon",1993,3820609,"LBN","Asia"
"Lesotho",1993,1901753,"LSO","Africa"
"Liberia",1993,2155082,"LBR","Africa"
"Libya",1993,4733004,"LBY","Africa"
"Liechtenstein",1993,30151,"LIE","Europe"
"Lithuania",1993,3680148,"LTU","Europe"
"Luxembourg",1993,397153,"LUX","Europe"
"Macao",1993,381281,"MAC","Asia"
"Madagascar",1993,13197304,"MDG","Africa"
"Malawi",1993,10283993,"MWI","Africa"
"Malaysia",1993,19322622,"MYS","Asia"
"Maldives",1993,244844,"MDV","Asia"
"Mali",1993,9754741,"MLI","Africa"
"Malta",1993,378175,"MLT","Europe"
"Marshall Islands",1993,47062,"MHL","Oceania"
"Martinique",1993,390499,"MTQ","Americas"
"Mauritania",1993,2174275,"MRT","Africa"
"Mauritius",1993,1132346,"MUS","Africa"
"Mayotte",1993,107946,"MYT","Africa"
"Mexico",1993,87653764,"MEX","Americas"
"Micronesia (country)",1993,107036,"FSM","Oceania"
"Moldova",1993,4448191,"MDA","Europe"
"Monaco",1993,31120,"MCO","Europe"
"Mongolia",1993,2273471,"MNG","Asia"
"Montenegro",1993,628058,"MNE","Europe"
"Montserrat",1993,9404,"MSR","Americas"
"Morocco",1993,25614533,"MAR","Africa"
"Mozambique",1993,14051158,"MOZ","Africa"
"Myanmar",1993,41502369,"MMR","Asia"
"Namibia",1993,1508649,"NAM","Africa"
"Nauru",1993,10083,"NRU","Oceania"
"Nepal",1993,21180113,"NPL","Asia"
"Netherlands",1993,15389666,"NLD","Europe"
"New Caledonia",1993,190814,"NCL","Oceania"
"New Zealand",1993,3573556,"NZL","Oceania"
"Nicaragua",1993,4453681,"NIC","Americas"
"Niger",1993,9100738,"NER","Africa"
"Nigeria",1993,105122021,"NGA","Africa"
"Niue",1993,2355,"NIU","Oceania"
"North Korea",1993,22073307,"PRK","Asia"
"North Macedonia",1993,2006806,"MKD","Europe"
"Northern Mariana Islands",1993,45925,"MNP","Oceania"
"Norway",1993,4311815,"NOR","Europe"
"Oman",1993,2021630,"OMN","Asia"
"Pakistan",1993,127020068,"PAK","Asia"
"Palau",1993,16354,"PLW","Oceania"
"Palestine",1993,2425021,"PSX","Asia"
"Panama",1993,2615043,"PAN","Americas"
"Papua New Guinea",1993,4320826,"PNG","Oceania"
"Paraguay",1993,4362655,"PRY","Americas"
"Peru",1993,23413735,"PER","Americas"
"Philippines",1993,67530570,"PHL","Asia"
"Poland",1993,38294834,"POL","Europe"
"Portugal",1993,9972293,"PRT","Europe"
"Puerto Rico",1993,3637164,"PRI","Americas"
"Qatar",1993,484511,"QAT","Asia"
"Reunion",1993,688048,"REU","Africa"
"Romania",1993,22842206,"ROU","Europe"
"Russia",1993,148135377,"RUS","Europe"
"Rwanda",1993,7981091,"RWA","Africa"
"Saint Barthelemy",1993,5797,"BLM","Americas"
"Saint Helena",1993,6454,"SHN","Africa"
"Saint Kitts and Nevis",1993,41216,"KNA","Americas"
"Saint Lucia",1993,143684,"LCA","Americas"
"Saint Martin (French part)",1993,29252,"MAF","Americas"
"Saint Pierre and Miquelon",1993,6393,"SPM","Americas"
"Saint Vincent and the Grenadines",1993,112705,"VCT","Americas"
"Samoa",1993,171735,"WSM","Oceania"
"San Marino",1993,24448,"SMR","Europe"
"Sao Tome and Principe",1993,130427,"STP","Africa"
"Saudi Arabia",1993,12215814,"SAU","Asia"
"Senegal",1993,8396241,"SEN","Africa"
"Serbia",1993,7849677,"SRB","Europe"
"Seychelles",1993,76371,"SYC","Africa"
"Sierra Leone",1993,4157079,"SLE","Africa"
"Singapore",1993,3317840,"SGP","Asia"
"Sint Maarten (Dutch part)",1993,32008,"SXM","Americas"
"Slovakia",1993,5326307,"SVK","Europe"
"Slovenia",1993,1990771,"SVN","Europe"
"Solomon Islands",1993,362804,"SLB","Oceania"
"Somalia",1993,6681358,"SOM","Africa"
"South Africa",1993,43297110,"ZAF","Africa"
"South Korea",1993,44887672,"KOR","Asia"
"South Sudan",1993,4955961,"SSD","Africa"
"Spain",1993,39651575,"ESP","Europe"
"Sri Lanka",1993,17025877,"LKA","Asia"
"Sudan",1993,23445550,"SDN","Africa"
"Suriname",1993,419321,"SUR","Americas"
"Sweden",1993,8717989,"SWE","Europe"
"Switzerland",1993,6938058,"CHE","Europe"
"Syria",1993,13795647,"SYR","Asia"
"Taiwan",1993,21174631,"TWN","Asia"
"Tajikistan",1993,5724962,"TJK","Asia"
"Tanzania",1993,28332637,"TZA","Africa"
"Thailand",1993,57408155,"THA","Asia"
"Togo",1993,4207411,"TGO","Africa"
"Tokelau",1993,1762,"TKL","Oceania"
"Tonga",1993,100077,"TON","Oceania"
"Trinidad and Tobago",1993,1280417,"TTO","Americas"
"Tunisia",1993,8857863,"TUN","Africa"
"Turkey",1993,58999121,"TUR","Asia"
"Turkmenistan",1993,4032366,"TKM","Asia"
"Turks and Caicos Islands",1993,13622,"TCA","Americas"
"Tuvalu",1993,9107,"TUV","Oceania"
"Uganda",1993,19445115,"UGA","Africa"
"Ukraine",1993,52350078,"UKR","Europe"
"United Arab Emirates",1993,2222054,"ARE","Asia"
"United Kingdom",1993,57860992,"GBR","Europe"
"United States",1993,262633187,"USA","Americas"
"United States Virgin Islands",1993,105351,"UMI","Oceania"
"Uruguay",1993,3156306,"URY","Americas"
"Uzbekistan",1993,21987911,"UZB","Asia"
"Vanuatu",1993,159431,"VUT","Oceania"
"Venezuela",1993,21254472,"VEN","Americas"
"Vietnam",1993,69586352,"VNM","Asia"
"Wallis and Futuna",1993,13906,"WLF","Oceania"
"Western Sahara",1993,196442,"ESH","Africa"
"Yemen",1993,15563867,"YEM","Asia"
"Zambia",1993,8373871,"ZMB","Africa"
"Zimbabwe",1993,10860236,"ZWE","Africa"
"Afghanistan",1994,16250755,"AFG","Asia"
"Albania",1994,3269363,"ALB","Europe"
"Algeria",1994,27887227,"DZA","Africa"
"American Samoa",1994,51230,"ASM","Oceania"
"Andorra",1994,64586,"AND","Europe"
"Angola",1994,13249709,"AGO","Africa"
"Anguilla",1994,9444,"AIA","Americas"
"Antigua and Barbuda",1994,66810,"ATG","Americas"
"Argentina",1994,34613440,"ARG","Americas"
"Armenia",1994,3364574,"ARM","Asia"
"Aruba",1994,73428,"ABW","Americas"
"Australia",1994,17897388,"AUS","Oceania"
"Austria",1994,7938100,"AUT","Europe"
"Azerbaijan",1994,7608844,"AZE","Asia"
"Bahamas",1994,296467,"BHS","Americas"
"Bahrain",1994,577908,"BHR","Asia"
"Bangladesh",1994,120343133,"BGD","Asia"
"Barbados",1994,261588,"BRB","Americas"
"Belarus",1994,10230138,"BLR","Europe"
"Belgium",1994,10115950,"BEL","Europe"
"Belize",1994,199048,"BLZ","Americas"
"Benin",1994,6096466,"BEN","Africa"
"Bermuda",1994,59156,"BMU","Americas"
"Bhutan",1994,554469,"BTN","Asia"
"Bolivia",1994,7727273,"BOL","Americas"
"Bonaire Sint Eustatius and Saba",1994,13365,"BES","Americas"
"Bosnia and Herzegovina",1994,3725362,"BIH","Europe"
"Botswana",1994,1459984,"BWA","Africa"
"Brazil",1994,159264962,"BRA","Americas"
"British Virgin Islands",1994,17390,"IOT","Africa"
"Brunei",1994,284042,"BRN","Asia"
"Bulgaria",1994,8416871,"BGR","Europe"
"Burkina Faso",1994,10123754,"BFA","Africa"
"Burundi",1994,5713811,"BDI","Africa"
"Cambodia",1994,9239109,"KHM","Asia"
"Cameroon",1994,12704854,"CMR","Africa"
"Canada",1994,29147326,"CAN","Americas"
"Cape Verde",1994,410184,"CPV","Africa"
"Cayman Islands",1994,31339,"CYM","Americas"
"Central African Republic",1994,3257896,"CAF","Africa"
"Chad",1994,6783407,"TCD","Africa"
"Chile",1994,14316210,"CHL","Americas"
"China",1994,1209003049,"CHN","Asia"
"Colombia",1994,35127363,"COL","Americas"
"Comoros",1994,482096,"COM","Africa"
"Congo",1994,2673098,"COG","Africa"
"Cook Islands",1994,17663,"COK","Oceania"
"Costa Rica",1994,3451080,"CRI","Americas"
"Cote d'Ivoire",1994,14287165,"CIV","Africa"
"Croatia",1994,4675467,"HRV","Europe"
"Cuba",1994,10885965,"CUB","Americas"
"Cyprus",1994,844610,"CYP","Asia"
"Czechia",1994,10322286,"CZE","Europe"
"Democratic Republic of Congo",1994,42626833,"COD","Africa"
"Denmark",1994,5206148,"DNK","Europe"
"Djibouti",1994,626667,"DJI","Africa"
"Dominica",1994,69441,"DMA","Americas"
"Dominican Republic",1994,7741635,"DOM","Americas"
"East Timor",1994,844449,"TLS","Asia"
"Ecuador",1994,11372139,"ECU","Americas"
"Egypt",1994,64285546,"EGY","Africa"
"El Salvador",1994,5714084,"SLV","Americas"
"Equatorial Guinea",1994,550092,"GNQ","Africa"
"Eritrea",1994,1913870,"ERI","Africa"
"Estonia",1994,1475669,"EST","Europe"
"Eswatini",1994,971178,"SWZ","Africa"
"Ethiopia",1994,55611462,"ETH","Africa"
"Falkland Islands",1994,2646,"FLK","Americas"
"Faroe Islands",1994,44137,"FRO","Europe"
"Fiji",1994,794730,"FJI","Oceania"
"Finland",1994,5088409,"FIN","Europe"
"France",1994,57999814,"FRA","Europe"
"French Guiana",1994,130093,"GUF","Americas"
"French Polynesia",1994,218693,"PYF","Oceania"
"Gabon",1994,1094670,"GAB","Africa"
"Gambia",1994,1227183,"GMB","Africa"
"Georgia",1994,5046220,"GEO","Asia"
"Germany",1994,81773563,"DEU","Europe"
"Ghana",1994,16993137,"GHA","Africa"
"Gibraltar",1994,27221,"GIB","Europe"
"Greece",1994,10466221,"GRC","Europe"
"Greenland",1994,55720,"GRL","Americas"
"Grenada",1994,103103,"GRD","Americas"
"Guadeloupe",1994,406280,"GLP","Americas"
"Guam",1994,147842,"GUM","Oceania"
"Guatemala",1994,10043662,"GTM","Americas"
"Guernsey",1994,59438,"GGY","Europe"
"Guinea",1994,7345063,"GIN","Africa"
"Guinea-Bissau",1994,1091990,"GNB","Africa"
"Guyana",1994,755769,"GUY","Americas"
"Haiti",1994,7419729,"HTI","Americas"
"Honduras",1994,5579196,"HND","Americas"
"Hong Kong",1994,6042217,"HKG","Asia"
"Hungary",1994,10339884,"HUN","Europe"
"Iceland",1994,266020,"ISL","Europe"
"India",1994,941163717,"IND","Asia"
"Indonesia",1994,196591779,"IDN","Asia"
"Iran",1994,61520555,"IRN","Asia"
"Iraq",1994,20139770,"IRQ","Asia"
"Ireland",1994,3590114,"IRL","Europe"
"Isle of Man",1994,71139,"IMN","Europe"
"Israel",1994,5216641,"ISR","Asia"
"Italy",1994,57420092,"ITA","Europe"
"Jamaica",1994,2475182,"JAM","Americas"
"Japan",1994,125286818,"JPN","Asia"
"Jersey",1994,85656,"JEY","Europe"
"Jordan",1994,4561358,"JOR","Asia"
"Kazakhstan",1994,17043729,"KAZ","Asia"
"Kenya",1994,25857088,"KEN","Africa"
"Kiribati",1994,79995,"KIR","Oceania"
"Kosovo",1994,2105204,"XKX","Europe"
"Kuwait",1994,1664323,"KWT","Asia"
"Kyrgyzstan",1994,4649147,"KGZ","Asia"
"Laos",1994,4809166,"LAO","Asia"
"Latvia",1994,2521185,"LVA","Europe"
"Lebanon",1994,3889755,"LBN","Asia"
"Lesotho",1994,1927659,"LSO","Africa"
"Liberia",1994,2149886,"LBR","Africa"
"Libya",1994,4822003,"LBY","Africa"
"Liechtenstein",1994,30576,"LIE","Europe"
"Lithuania",1994,3654839,"LTU","Europe"
"Luxembourg",1994,402544,"LUX","Europe"
"Macao",1994,390082,"MAC","Asia"
"Madagascar",1994,13613809,"MDG","Africa"
"Malawi",1994,10164857,"MWI","Africa"
"Malaysia",1994,19820400,"MYS","Asia"
"Maldives",1994,250784,"MDV","Asia"
"Mali",1994,9966984,"MLI","Africa"
"Malta",1994,381414,"MLT","Europe"
"Marshall Islands",1994,47686,"MHL","Oceania"
"Martinique",1994,397027,"MTQ","Americas"
"Mauritania",1994,2249419,"MRT","Africa"
"Mauritius",1994,1146506,"MUS","Africa"
"Mayotte",1994,115105,"MYT","Africa"
"Mexico",1994,89259151,"MEX","Americas"
"Micronesia (country)",1994,109041,"FSM","Oceania"
"Moldova",1994,4434410,"MDA","Europe"
"Monaco",1994,31345,"MCO","Europe"
"Mongolia",1994,2305695,"MNG","Asia"
"Montenegro",1994,629834,"MNE","Europe"
"Montserrat",1994,8821,"MSR","Americas"
"Morocco",1994,26000781,"MAR","Africa"
"Mozambique",1994,15033800,"MOZ","Africa"
"Myanmar",1994,42055096,"MMR","Asia"
"Namibia",1994,1556264,"NAM","Africa"
"Nauru",1994,10120,"NRU","Oceania"
"Nepal",1994,21717442,"NPL","Asia"
"Netherlands",1994,15485402,"NLD","Europe"
"New Caledonia",1994,195581,"NCL","Oceania"
"New Zealand",1994,3620986,"NZL","Oceania"
"Nicaragua",1994,4549265,"NIC","Americas"
"Niger",1994,9398215,"NER","Africa"
"Nigeria",1994,107935674,"NGA","Africa"
"Niue",1994,2318,"NIU","Oceania"
"North Korea",1994,22393915,"PRK","Asia"
"North Macedonia",1994,1992614,"MKD","Europe"
"Northern Mariana Islands",1994,46709,"MNP","Oceania"
"Norway",1994,4336416,"NOR","Europe"
"Oman",1994,2081794,"OMN","Asia"
"Pakistan",1994,130748025,"PAK","Asia"
"Palau",1994,16751,"PLW","Oceania"
"Palestine",1994,2529115,"PSX","Asia"
"Panama",1994,2669500,"PAN","Americas"
"Papua New Guinea",1994,4480157,"PNG","Oceania"
"Paraguay",1994,4471379,"PRY","Americas"
"Peru",1994,23881446,"PER","Americas"
"Philippines",1994,69019243,"PHL","Asia"
"Poland",1994,38344258,"POL","Europe"
"Portugal",1994,9998435,"PRT","Europe"
"Puerto Rico",1994,3666034,"PRI","Americas"
"Qatar",1994,499420,"QAT","Asia"
"Reunion",1994,699325,"REU","Africa"
"Romania",1994,22756199,"ROU","Europe"
"Russia",1994,148200678,"RUS","Europe"
"Rwanda",1994,6792303,"RWA","Africa"
"Saint Barthelemy",1994,5973,"BLM","Americas"
"Saint Helena",1994,6396,"SHN","Africa"
"Saint Kitts and Nevis",1994,41742,"KNA","Americas"
"Saint Lucia",1994,145851,"LCA","Americas"
"Saint Martin (French part)",1994,29391,"MAF","Americas"
"Saint Pierre and Miquelon",1994,6411,"SPM","Americas"
"Saint Vincent and the Grenadines",1994,112879,"VCT","Americas"
"Samoa",1994,173120,"WSM","Oceania"
"San Marino",1994,24808,"SMR","Europe"
"Sao Tome and Principe",1994,132704,"STP","Africa"
"Saudi Arabia",1994,12749987,"SAU","Asia"
"Senegal",1994,8624033,"SEN","Africa"
"Serbia",1994,7837112,"SRB","Europe"
"Seychelles",1994,77233,"SYC","Africa"
"Sierra Leone",1994,4173057,"SLE","Africa"
"Singapore",1994,3417765,"SGP","Asia"
"Sint Maarten (Dutch part)",1994,31898,"SXM","Americas"
"Slovakia",1994,5343170,"SVK","Europe"
"Slovenia",1994,1988211,"SVN","Europe"
"Solomon Islands",1994,373642,"SLB","Oceania"
"Somalia",1994,7026753,"SOM","Africa"
"South Africa",1994,44004087,"ZAF","Africa"
"South Korea",1994,45130788,"KOR","Asia"
"South Sudan",1994,5071138,"SSD","Africa"
"Spain",1994,39858677,"ESP","Europe"
"Sri Lanka",1994,17275722,"LKA","Asia"
"Sudan",1994,24043904,"SDN","Africa"
"Suriname",1994,422341,"SUR","Americas"
"Sweden",1994,8780150,"SWE","Europe"
"Switzerland",1994,6993543,"CHE","Europe"
"Syria",1994,14208530,"SYR","Asia"
"Taiwan",1994,21357095,"TWN","Asia"
"Tajikistan",1994,5825325,"TJK","Asia"
"Tanzania",1994,29442315,"TZA","Africa"
"Thailand",1994,58260809,"THA","Asia"
"Togo",1994,4222903,"TGO","Africa"
"Tokelau",1994,1752,"TKL","Oceania"
"Tonga",1994,100140,"TON","Oceania"
"Trinidad and Tobago",1994,1288301,"TTO","Americas"
"Tunisia",1994,9018389,"TUN","Africa"
"Turkey",1994,60033776,"TUR","Asia"
"Turkmenistan",1994,4116616,"TKM","Asia"
"Turks and Caicos Islands",1994,14322,"TCA","Americas"
"Tuvalu",1994,9190,"TUV","Oceania"
"Uganda",1994,20108752,"UGA","Africa"
"Ukraine",1994,52075944,"UKR","Europe"
"United Arab Emirates",1994,2328151,"ARE","Asia"
"United Kingdom",1994,58003148,"GBR","Europe"
"United States",1994,265474761,"USA","Americas"
"United States Virgin Islands",1994,106193,"UMI","Oceania"
"Uruguay",1994,3172786,"URY","Americas"
"Uzbekistan",1994,22463238,"UZB","Asia"
"Vanuatu",1994,163276,"VUT","Oceania"
"Venezuela",1994,21725143,"VEN","Americas"
"Vietnam",1994,70854342,"VNM","Asia"
"Wallis and Futuna",1994,14036,"WLF","Oceania"
"Western Sahara",1994,201885,"ESH","Africa"
"Yemen",1994,16149093,"YEM","Asia"
"Zambia",1994,8576216,"ZMB","Africa"
"Zimbabwe",1994,10873091,"ZWE","Africa"
"Afghanistan",1995,17065794,"AFG","Asia"
"Albania",1995,3258518,"ALB","Europe"
"Algeria",1995,28470152,"DZA","Africa"
"American Samoa",1995,52290,"ASM","Oceania"
"Andorra",1995,63884,"AND","Europe"
"Angola",1995,13699738,"AGO","Africa"
"Anguilla",1995,9687,"AIA","Americas"
"Antigua and Barbuda",1995,68168,"ATG","Americas"
"Argentina",1995,35069968,"ARG","Americas"
"Armenia",1995,3307535,"ARM","Asia"
"Aruba",1995,75880,"ABW","Americas"
"Australia",1995,18095295,"AUS","Oceania"
"Austria",1995,7950275,"AUT","Europe"
"Azerbaijan",1995,7719236,"AZE","Asia"
"Bahamas",1995,301424,"BHS","Americas"
"Bahrain",1995,593177,"BHR","Asia"
"Bangladesh",1995,122600315,"BGD","Asia"
"Barbados",1995,262002,"BRB","Americas"
"Belarus",1995,10197421,"BLR","Europe"
"Belgium",1995,10137211,"BEL","Europe"
"Belize",1995,204125,"BLZ","Americas"
"Benin",1995,6226726,"BEN","Africa"
"Bermuda",1995,59511,"BMU","Americas"
"Bhutan",1995,547951,"BTN","Asia"
"Bolivia",1995,7874632,"BOL","Americas"
"Bonaire Sint Eustatius and Saba",1995,13478,"BES","Americas"
"Bosnia and Herzegovina",1995,3715510,"BIH","Europe"
"Botswana",1995,1498791,"BWA","Africa"
"Brazil",1995,161735036,"BRA","Americas"
"British Virgin Islands",1995,17820,"IOT","Africa"
"Brunei",1995,291159,"BRN","Asia"
"Bulgaria",1995,8357522,"BGR","Europe"
"Burkina Faso",1995,10386684,"BFA","Africa"
"Burundi",1995,6066272,"BDI","Africa"
"Cambodia",1995,10018456,"KHM","Asia"
"Cameroon",1995,13058470,"CMR","Africa"
"Canada",1995,29459088,"CAN","Americas"
"Cape Verde",1995,418067,"CPV","Africa"
"Cayman Islands",1995,32726,"CYM","Americas"
"Central African Republic",1995,3348007,"CAF","Africa"
"Chad",1995,7089011,"TCD","Africa"
"Chile",1995,14527329,"CHL","Americas"
"China",1995,1220133877,"CHN","Asia"
"Colombia",1995,35804622,"COL","Americas"
"Comoros",1995,490544,"COM","Africa"
"Congo",1995,2749415,"COG","Africa"
"Cook Islands",1995,17752,"COK","Oceania"
"Costa Rica",1995,3535133,"CRI","Americas"
"Cote d'Ivoire",1995,14855524,"CIV","Africa"
"Croatia",1995,4619314,"HRV","Europe"
"Cuba",1995,10925320,"CUB","Americas"
"Cyprus",1995,862642,"CYP","Asia"
"Czechia",1995,10311979,"CZE","Europe"
"Democratic Republic of Congo",1995,44433665,"COD","Africa"
"Denmark",1995,5233317,"DNK","Europe"
"Djibouti",1995,633037,"DJI","Africa"
"Dominica",1995,69439,"DMA","Americas"
"Dominican Republic",1995,7888070,"DOM","Americas"
"East Timor",1995,868114,"TLS","Asia"
"Ecuador",1995,11590473,"ECU","Americas"
"Egypt",1995,65652570,"EGY","Africa"
"El Salvador",1995,5762080,"SLV","Americas"
"Equatorial Guinea",1995,571227,"GNQ","Africa"
"Eritrea",1995,2025219,"ERI","Africa"
"Estonia",1995,1452730,"EST","Europe"
"Eswatini",1995,970391,"SWZ","Africa"
"Ethiopia",1995,57537286,"ETH","Africa"
"Falkland Islands",1995,2748,"FLK","Americas"
"Faroe Islands",1995,43812,"FRO","Europe"
"Fiji",1995,798701,"FJI","Oceania"
"Finland",1995,5107865,"FIN","Europe"
"France",1995,58192155,"FRA","Europe"
"French Guiana",1995,134596,"GUF","Americas"
"French Polynesia",1995,222079,"PYF","Oceania"
"Gabon",1995,1123170,"GAB","Africa"
"Gambia",1995,1264273,"GMB","Africa"
"Georgia",1995,4925686,"GEO","Asia"
"Germany",1995,82019850,"DEU","Europe"
"Ghana",1995,17398968,"GHA","Africa"
"Gibraltar",1995,27360,"GIB","Europe"
"Greece",1995,10519187,"GRC","Europe"
"Greenland",1995,55810,"GRL","Americas"
"Grenada",1995,103847,"GRD","Americas"
"Guadeloupe",1995,410144,"GLP","Americas"
"Guam",1995,150029,"GUM","Oceania"
"Guatemala",1995,10312954,"GTM","Americas"
"Guernsey",1995,59356,"GGY","Europe"
"Guinea",1995,7553203,"GIN","Africa"
"Guinea-Bissau",1995,1119904,"GNB","Africa"
"Guyana",1995,758347,"GUY","Americas"
"Haiti",1995,7562506,"HTI","Americas"
"Honduras",1995,5739577,"HND","Americas"
"Hong Kong",1995,6177052,"HKG","Asia"
"Hungary",1995,10322744,"HUN","Europe"
"Iceland",1995,267474,"ISL","Europe"
"India",1995,960300991,"IND","Asia"
"Indonesia",1995,199888001,"IDN","Asia"
"Iran",1995,62205523,"IRN","Asia"
"Iraq",1995,20825809,"IRQ","Asia"
"Ireland",1995,3610640,"IRL","Europe"
"Isle of Man",1995,71476,"IMN","Europe"
"Israel",1995,5354680,"ISR","Asia"
"Italy",1995,57403300,"ITA","Europe"
"Jamaica",1995,2500101,"JAM","Americas"
"Japan",1995,125672604,"JPN","Asia"
"Jersey",1995,85840,"JEY","Europe"
"Jordan",1995,4752048,"JOR","Asia"
"Kazakhstan",1995,16730491,"KAZ","Asia"
"Kenya",1995,26601698,"KEN","Africa"
"Kiribati",1995,81210,"KIR","Oceania"
"Kosovo",1995,2137464,"XKX","Europe"
"Kuwait",1995,1681473,"KWT","Asia"
"Kyrgyzstan",1995,4713592,"KGZ","Asia"
"Laos",1995,4929360,"LAO","Asia"
"Latvia",1995,2485908,"LVA","Europe"
"Lebanon",1995,3960693,"LBN","Asia"
"Lesotho",1995,1951400,"LSO","Africa"
"Liberia",1995,2169123,"LBR","Africa"
"Libya",1995,4906800,"LBY","Africa"
"Liechtenstein",1995,31008,"LIE","Europe"
"Lithuania",1995,3626997,"LTU","Europe"
"Luxembourg",1995,408185,"LUX","Europe"
"Macao",1995,398649,"MAC","Asia"
"Madagascar",1995,14051223,"MDG","Africa"
"Malawi",1995,10150070,"MWI","Africa"
"Malaysia",1995,20330550,"MYS","Asia"
"Maldives",1995,256611,"MDV","Asia"
"Mali",1995,10185329,"MLI","Africa"
"Malta",1995,384512,"MLT","Europe"
"Marshall Islands",1995,48246,"MHL","Oceania"
"Martinique",1995,403456,"MTQ","Americas"
"Mauritania",1995,2311973,"MRT","Africa"
"Mauritius",1995,1159775,"MUS","Africa"
"Mayotte",1995,122538,"MYT","Africa"
"Mexico",1995,90862395,"MEX","Americas"
"Micronesia (country)",1995,110204,"FSM","Oceania"
"Moldova",1995,4414174,"MDA","Europe"
"Monaco",1995,31585,"MCO","Europe"
"Mongolia",1995,2335667,"MNG","Asia"
"Montenegro",1995,631335,"MNE","Europe"
"Montserrat",1995,8222,"MSR","Americas"
"Morocco",1995,26399383,"MAR","Africa"
"Mozambique",1995,15960479,"MOZ","Africa"
"Myanmar",1995,42605294,"MMR","Asia"
"Namibia",1995,1602135,"NAM","Africa"
"Nauru",1995,10148,"NRU","Oceania"
"Nepal",1995,22245397,"NPL","Asia"
"Netherlands",1995,15564977,"NLD","Europe"
"New Caledonia",1995,200346,"NCL","Oceania"
"New Zealand",1995,3674389,"NZL","Oceania"
"Nicaragua",1995,4642885,"NIC","Americas"
"Niger",1995,9714496,"NER","Africa"
"Nigeria",1995,110819373,"NGA","Africa"
"Niue",1995,2275,"NIU","Oceania"
"North Korea",1995,22669252,"PRK","Asia"
"North Macedonia",1995,1998489,"MKD","Europe"
"Northern Mariana Islands",1995,48150,"MNP","Oceania"
"Norway",1995,4358940,"NOR","Europe"
"Oman",1995,2120489,"OMN","Asia"
"Pakistan",1995,134582195,"PAK","Asia"
"Palau",1995,17179,"PLW","Oceania"
"Palestine",1995,2636498,"PSX","Asia"
"Panama",1995,2724493,"PAN","Americas"
"Papua New Guinea",1995,4644227,"PNG","Oceania"
"Paraguay",1995,4579758,"PRY","Americas"
"Peru",1995,24348871,"PER","Americas"
"Philippines",1995,70546206,"PHL","Asia"
"Poland",1995,38364630,"POL","Europe"
"Portugal",1995,10031702,"PRT","Europe"
"Puerto Rico",1995,3693536,"PRI","Americas"
"Qatar",1995,514279,"QAT","Asia"
"Reunion",1995,710420,"REU","Africa"
"Romania",1995,22657664,"ROU","Europe"
"Russia",1995,148291356,"RUS","Europe"
"Rwanda",1995,5674072,"RWA","Africa"
"Saint Barthelemy",1995,6161,"BLM","Americas"
"Saint Helena",1995,6326,"SHN","Africa"
"Saint Kitts and Nevis",1995,42291,"KNA","Americas"
"Saint Lucia",1995,148174,"LCA","Americas"
"Saint Martin (French part)",1995,29447,"MAF","Americas"
"Saint Pierre and Miquelon",1995,6415,"SPM","Americas"
"Saint Vincent and the Grenadines",1995,113012,"VCT","Americas"
"Samoa",1995,174539,"WSM","Oceania"
"San Marino",1995,25138,"SMR","Europe"
"Sao Tome and Principe",1995,134864,"STP","Africa"
"Saudi Arabia",1995,13289193,"SAU","Asia"
"Senegal",1995,8848068,"SEN","Africa"
"Serbia",1995,7823230,"SRB","Europe"
"Seychelles",1995,78088,"SYC","Africa"
"Sierra Leone",1995,4179128,"SLE","Africa"
"Singapore",1995,3533576,"SGP","Asia"
"Sint Maarten (Dutch part)",1995,31751,"SXM","Americas"
"Slovakia",1995,5354244,"SVK","Europe"
"Slovenia",1995,1988051,"SVN","Europe"
"Solomon Islands",1995,384696,"SLB","Oceania"
"Somalia",1995,7284965,"SOM","Africa"
"South Africa",1995,44541512,"ZAF","Africa"
"South Korea",1995,45368368,"KOR","Asia"
"South Sudan",1995,5225783,"SSD","Africa"
"Spain",1995,40052688,"ESP","Europe"
"Sri Lanka",1995,17564019,"LKA","Asia"
"Sudan",1995,24672095,"SDN","Africa"
"Suriname",1995,429569,"SUR","Americas"
"Sweden",1995,8826250,"SWE","Europe"
"Switzerland",1995,7040436,"CHE","Europe"
"Syria",1995,14616758,"SYR","Asia"
"Taiwan",1995,21534451,"TWN","Asia"
"Tajikistan",1995,5948531,"TJK","Asia"
"Tanzania",1995,30383451,"TZA","Africa"
"Thailand",1995,59098195,"THA","Asia"
"Togo",1995,4410784,"TGO","Africa"
"Tokelau",1995,1757,"TKL","Oceania"
"Tonga",1995,100194,"TON","Oceania"
"Trinidad and Tobago",1995,1295122,"TTO","Americas"
"Tunisia",1995,9161208,"TUN","Africa"
"Turkey",1995,61024457,"TUR","Asia"
"Turkmenistan",1995,4191159,"TKM","Asia"
"Turks and Caicos Islands",1995,15026,"TCA","Americas"
"Tuvalu",1995,9266,"TUV","Oceania"
"Uganda",1995,20665626,"UGA","Africa"
"Ukraine",1995,51665488,"UKR","Europe"
"United Arab Emirates",1995,2434622,"ARE","Asia"
"United Kingdom",1995,58154574,"GBR","Europe"
"United States",1995,268205740,"USA","Americas"
"United States Virgin Islands",1995,106939,"UMI","Oceania"
"Uruguay",1995,3189385,"URY","Americas"
"Uzbekistan",1995,22917532,"UZB","Asia"
"Vanuatu",1995,167109,"VUT","Oceania"
"Venezuela",1995,22193779,"VEN","Americas"
"Vietnam",1995,72049901,"VNM","Asia"
"Wallis and Futuna",1995,14182,"WLF","Oceania"
"Western Sahara",1995,209903,"ESH","Africa"
"Yemen",1995,16740017,"YEM","Asia"
"Zambia",1995,8785712,"ZMB","Africa"
"Zimbabwe",1995,10974557,"ZWE","Africa"
"Afghanistan",1996,17763221,"AFG","Asia"
"Albania",1996,3245632,"ALB","Europe"
"Algeria",1996,29032996,"DZA","Africa"
"American Samoa",1996,53336,"ASM","Oceania"
"Andorra",1996,63958,"AND","Europe"
"Angola",1996,14170920,"AGO","Africa"
"Anguilla",1996,9965,"AIA","Americas"
"Antigua and Barbuda",1996,69588,"ATG","Americas"
"Argentina",1996,35513745,"ARG","Americas"
"Armenia",1996,3278685,"ARM","Asia"
"Aruba",1996,78445,"ABW","Americas"
"Australia",1996,18305265,"AUS","Oceania"
"Austria",1996,7960868,"AUT","Europe"
"Azerbaijan",1996,7830936,"AZE","Asia"
"Bahamas",1996,306237,"BHS","Americas"
"Bahrain",1996,608545,"BHR","Asia"
"Bangladesh",1996,124862131,"BGD","Asia"
"Barbados",1996,262246,"BRB","Americas"
"Belarus",1996,10163972,"BLR","Europe"
"Belgium",1996,10156921,"BEL","Europe"
"Belize",1996,210272,"BLZ","Americas"
"Benin",1996,6391818,"BEN","Africa"
"Bermuda",1996,59782,"BMU","Americas"
"Bhutan",1996,548740,"BTN","Asia"
"Bolivia",1996,8021698,"BOL","Americas"
"Bonaire Sint Eustatius and Saba",1996,13609,"BES","Americas"
"Bosnia and Herzegovina",1996,3875200,"BIH","Europe"
"Botswana",1996,1535870,"BWA","Africa"
"Brazil",1996,164202497,"BRA","Americas"
"British Virgin Islands",1996,18265,"IOT","Africa"
"Brunei",1996,298236,"BRN","Asia"
"Bulgaria",1996,8291353,"BGR","Europe"
"Burkina Faso",1996,10655892,"BFA","Africa"
"Burundi",1996,6070462,"BDI","Africa"
"Cambodia",1996,10801215,"KHM","Asia"
"Cameroon",1996,13414719,"CMR","Africa"
"Canada",1996,29767159,"CAN","Americas"
"Cape Verde",1996,425543,"CPV","Africa"
"Cayman Islands",1996,34122,"CYM","Americas"
"Central African Republic",1996,3435931,"CAF","Africa"
"Chad",1996,7410061,"TCD","Africa"
"Chile",1996,14734005,"CHL","Americas"
"China",1996,1230944759,"CHN","Asia"
"Colombia",1996,36462687,"COL","Americas"
"Comoros",1996,499069,"COM","Africa"
"Congo",1996,2826743,"COG","Africa"
"Cook Islands",1996,17835,"COK","Oceania"
"Costa Rica",1996,3618974,"CRI","Americas"
"Cote d'Ivoire",1996,15442278,"CIV","Africa"
"Croatia",1996,4562239,"HRV","Europe"
"Cuba",1996,10961962,"CUB","Americas"
"Cyprus",1996,880238,"CYP","Asia"
"Czechia",1996,10296088,"CZE","Europe"
"Democratic Republic of Congo",1996,45296084,"COD","Africa"
"Denmark",1996,5263020,"DNK","Europe"
"Djibouti",1996,648307,"DJI","Africa"
"Dominica",1996,69379,"DMA","Americas"
"Dominican Republic",1996,8032847,"DOM","Americas"
"East Timor",1996,892242,"TLS","Asia"
"Ecuador",1996,11810910,"ECU","Americas"
"Egypt",1996,67027996,"EGY","Africa"
"El Salvador",1996,5805229,"SLV","Americas"
"Equatorial Guinea",1996,593449,"GNQ","Africa"
"Eritrea",1996,2128421,"ERI","Africa"
"Estonia",1996,1434604,"EST","Europe"
"Eswatini",1996,989802,"SWZ","Africa"
"Ethiopia",1996,59467593,"ETH","Africa"
"Falkland Islands",1996,2828,"FLK","Americas"
"Faroe Islands",1996,44144,"FRO","Europe"
"Fiji",1996,803745,"FJI","Oceania"
"Finland",1996,5124663,"FIN","Europe"
"France",1996,58380593,"FRA","Europe"
"French Guiana",1996,139138,"GUF","Americas"
"French Polynesia",1996,225458,"PYF","Oceania"
"Gabon",1996,1151968,"GAB","Africa"
"Gambia",1996,1301367,"GMB","Africa"
"Georgia",1996,4812721,"GEO","Asia"
"Germany",1996,82263144,"DEU","Europe"
"Ghana",1996,17810138,"GHA","Africa"
"Gibraltar",1996,27461,"GIB","Europe"
"Greece",1996,10570036,"GRC","Europe"
"Greenland",1996,55972,"GRL","Americas"
"Grenada",1996,104542,"GRD","Americas"
"Guadeloupe",1996,413892,"GLP","Americas"
"Guam",1996,152135,"GUM","Oceania"
"Guatemala",1996,10583483,"GTM","Americas"
"Guernsey",1996,59367,"GGY","Europe"
"Guinea",1996,7769994,"GIN","Africa"
"Guinea-Bissau",1996,1143493,"GNB","Africa"
"Guyana",1996,760482,"GUY","Americas"
"Haiti",1996,7707513,"HTI","Americas"
"Honduras",1996,5903901,"HND","Americas"
"Hong Kong",1996,6302426,"HKG","Asia"
"Hungary",1996,10302188,"HUN","Europe"
"Iceland",1996,268918,"ISL","Europe"
"India",1996,979678413,"IND","Asia"
"Indonesia",1996,203204307,"IDN","Asia"
"Iran",1996,62881242,"IRN","Asia"
"Iraq",1996,21501270,"IRQ","Asia"
"Ireland",1996,3638460,"IRL","Europe"
"Isle of Man",1996,72014,"IMN","Europe"
"Israel",1996,5499504,"ISR","Asia"
"Italy",1996,57162044,"ITA","Europe"
"Jamaica",1996,2524412,"JAM","Americas"
"Japan",1996,125975260,"JPN","Asia"
"Jersey",1996,86137,"JEY","Europe"
"Jordan",1996,4912465,"JOR","Asia"
"Kazakhstan",1996,16415996,"KAZ","Asia"
"Kenya",1996,27344153,"KEN","Africa"
"Kiribati",1996,82589,"KIR","Oceania"
"Kosovo",1996,2168709,"XKX","Europe"
"Kuwait",1996,1730197,"KWT","Asia"
"Kyrgyzstan",1996,4782835,"KGZ","Asia"
"Laos",1996,5045638,"LAO","Asia"
"Latvia",1996,2457860,"LVA","Europe"
"Lebanon",1996,4034739,"LBN","Asia"
"Lesotho",1996,1972379,"LSO","Africa"
"Liberia",1996,2232235,"LBR","Africa"
"Libya",1996,4987359,"LBY","Africa"
"Liechtenstein",1996,31451,"LIE","Europe"
"Lithuania",1996,3599662,"LTU","Europe"
"Luxembourg",1996,413725,"LUX","Europe"
"Macao",1996,406981,"MAC","Asia"
"Madagascar",1996,14510669,"MDG","Africa"
"Malawi",1996,10352180,"MWI","Africa"
"Malaysia",1996,20850037,"MYS","Asia"
"Maldives",1996,262320,"MDV","Asia"
"Mali",1996,10407232,"MLI","Africa"
"Malta",1996,387581,"MLT","Europe"
"Marshall Islands",1996,48752,"MHL","Oceania"
"Martinique",1996,409774,"MTQ","Americas"
"Mauritania",1996,2358149,"MRT","Africa"
"Mauritius",1996,1172330,"MUS","Africa"
"Mayotte",1996,130128,"MYT","Africa"
"Mexico",1996,92452649,"MEX","Americas"
"Micronesia (country)",1996,110678,"FSM","Oceania"
"Moldova",1996,4387601,"MDA","Europe"
"Monaco",1996,31805,"MCO","Europe"
"Mongolia",1996,2363425,"MNG","Asia"
"Montenegro",1996,632573,"MNE","Europe"
"Montserrat",1996,7582,"MSR","Americas"
"Morocco",1996,26808063,"MAR","Africa"
"Mozambique",1996,16492428,"MOZ","Africa"
"Myanmar",1996,43154805,"MMR","Asia"
"Namibia",1996,1646060,"NAM","Africa"
"Nauru",1996,10169,"NRU","Oceania"
"Nepal",1996,22741817,"NPL","Asia"
"Netherlands",1996,15639984,"NLD","Europe"
"New Caledonia",1996,204998,"NCL","Oceania"
"New Zealand",1996,3729337,"NZL","Oceania"
"Nicaragua",1996,4729928,"NIC","Americas"
"Niger",1996,10044804,"NER","Africa"
"Nigeria",1996,113754733,"NGA","Africa"
"Niue",1996,2245,"NIU","Oceania"
"North Korea",1996,22895702,"PRK","Asia"
"North Macedonia",1996,2012505,"MKD","Europe"
"Northern Mariana Islands",1996,51676,"MNP","Oceania"
"Norway",1996,4381089,"NOR","Europe"
"Oman",1996,2156879,"OMN","Asia"
"Pakistan",1996,138557040,"PAK","Asia"
"Palau",1996,17635,"PLW","Oceania"
"Palestine",1996,2746783,"PSX","Asia"
"Panama",1996,2780170,"PAN","Americas"
"Papua New Guinea",1996,4813314,"PNG","Oceania"
"Paraguay",1996,4687490,"PRY","Americas"
"Peru",1996,24811120,"PER","Americas"
"Philippines",1996,72190194,"PHL","Asia"
"Poland",1996,38359111,"POL","Europe"
"Portugal",1996,10067607,"PRT","Europe"
"Puerto Rico",1996,3719905,"PRI","Americas"
"Qatar",1996,528984,"QAT","Asia"
"Reunion",1996,721410,"REU","Africa"
"Romania",1996,22541865,"ROU","Europe"
"Russia",1996,148084532,"RUS","Europe"
"Rwanda",1996,6708729,"RWA","Africa"
"Saint Barthelemy",1996,6341,"BLM","Americas"
"Saint Helena",1996,6262,"SHN","Africa"
"Saint Kitts and Nevis",1996,42849,"KNA","Americas"
"Saint Lucia",1996,150406,"LCA","Americas"
"Saint Martin (French part)",1996,29425,"MAF","Americas"
"Saint Pierre and Miquelon",1996,6411,"SPM","Americas"
"Saint Vincent and the Grenadines",1996,113088,"VCT","Americas"
"Samoa",1996,176046,"WSM","Oceania"
"San Marino",1996,25456,"SMR","Europe"
"Sao Tome and Principe",1996,136926,"STP","Africa"
"Saudi Arabia",1996,13830949,"SAU","Asia"
"Senegal",1996,9066977,"SEN","Africa"
"Serbia",1996,7807659,"SRB","Europe"
"Seychelles",1996,78864,"SYC","Africa"
"Sierra Leone",1996,4199156,"SLE","Africa"
"Singapore",1996,3664512,"SGP","Asia"
"Sint Maarten (Dutch part)",1996,31575,"SXM","Americas"
"Slovakia",1996,5362376,"SVK","Europe"
"Slovenia",1996,1986738,"SVN","Europe"
"Solomon Islands",1996,395966,"SLB","Oceania"
"Somalia",1996,7554420,"SOM","Africa"
"South Africa",1996,45122972,"ZAF","Africa"
"South Korea",1996,45638655,"KOR","Asia"
"South Sudan",1996,5356870,"SSD","Africa"
"Spain",1996,40237332,"ESP","Europe"
"Sri Lanka",1996,17904972,"LKA","Asia"
"Sudan",1996,25231490,"SDN","Africa"
"Suriname",1996,438787,"SUR","Americas"
"Sweden",1996,8840281,"SWE","Europe"
"Switzerland",1996,7071835,"CHE","Europe"
"Syria",1996,15018059,"SYR","Asia"
"Taiwan",1996,21709218,"TWN","Asia"
"Tajikistan",1996,6066473,"TJK","Asia"
"Tanzania",1996,30945706,"TZA","Africa"
"Thailand",1996,59920009,"THA","Asia"
"Togo",1996,4577814,"TGO","Africa"
"Tokelau",1996,1758,"TKL","Oceania"
"Tonga",1996,100242,"TON","Oceania"
"Trinidad and Tobago",1996,1300883,"TTO","Americas"
"Tunisia",1996,9294385,"TUN","Africa"
"Turkey",1996,61951087,"TUR","Asia"
"Turkmenistan",1996,4263771,"TKM","Asia"
"Turks and Caicos Islands",1996,15743,"TCA","Americas"
"Tuvalu",1996,9322,"TUV","Oceania"
"Uganda",1996,21231505,"UGA","Africa"
"Ukraine",1996,51226062,"UKR","Europe"
"United Arab Emirates",1996,2597523,"ARE","Asia"
"United Kingdom",1996,58298512,"GBR","Europe"
"United States",1996,270860655,"USA","Americas"
"United States Virgin Islands",1996,107564,"UMI","Oceania"
"Uruguay",1996,3206280,"URY","Americas"
"Uzbekistan",1996,23351929,"UZB","Asia"
"Vanuatu",1996,170880,"VUT","Oceania"
"Venezuela",1996,22662059,"VEN","Americas"
"Vietnam",1996,73156404,"VNM","Asia"
"Wallis and Futuna",1996,14295,"WLF","Oceania"
"Western Sahara",1996,221348,"ESH","Africa"
"Yemen",1996,17313127,"YEM","Asia"
"Zambia",1996,9004013,"ZMB","Africa"
"Zimbabwe",1996,11158312,"ZWE","Africa"
"Afghanistan",1997,18452049,"AFG","Asia"
"Albania",1997,3229610,"ALB","Europe"
"Algeria",1997,29579249,"DZA","Africa"
"American Samoa",1997,54342,"ASM","Oceania"
"Andorra",1997,64677,"AND","Europe"
"Angola",1997,14660376,"AGO","Africa"
"Anguilla",1997,10239,"AIA","Americas"
"Antigua and Barbuda",1997,71031,"ATG","Americas"
"Argentina",1997,35947739,"ARG","Americas"
"Armenia",1997,3246244,"ARM","Asia"
"Aruba",1997,81073,"ABW","Americas"
"Australia",1997,18504864,"AUS","Oceania"
"Austria",1997,7969749,"AUT","Europe"
"Azerbaijan",1997,7936177,"AZE","Asia"
"Bahamas",1997,310862,"BHS","Americas"
"Bahrain",1997,623971,"BHR","Asia"
"Bangladesh",1997,127198029,"BGD","Asia"
"Barbados",1997,262357,"BRB","Americas"
"Belarus",1997,10122315,"BLR","Europe"
"Belgium",1997,10181406,"BEL","Europe"
"Belize",1997,217417,"BLZ","Americas"
"Benin",1997,6583322,"BEN","Africa"
"Bermuda",1997,60146,"BMU","Americas"
"Bhutan",1997,558656,"BTN","Asia"
"Bolivia",1997,8167859,"BOL","Americas"
"Bonaire Sint Eustatius and Saba",1997,13765,"BES","Americas"
"Bosnia and Herzegovina",1997,4018182,"BIH","Europe"
"Botswana",1997,1571657,"BWA","Africa"
"Brazil",1997,166661609,"BRA","Americas"
"British Virgin Islands",1997,18736,"IOT","Africa"
"Brunei",1997,305310,"BRN","Asia"
"Bulgaria",1997,8217060,"BGR","Europe"
"Burkina Faso",1997,10934171,"BFA","Africa"
"Burundi",1997,6069992,"BDI","Africa"
"Cambodia",1997,11570940,"KHM","Asia"
"Cameroon",1997,13775169,"CMR","Africa"
"Canada",1997,30059030,"CAN","Americas"
"Cape Verde",1997,432753,"CPV","Africa"
"Cayman Islands",1997,35525,"CYM","Americas"
"Central African Republic",1997,3531649,"CAF","Africa"
"Chad",1997,7670327,"TCD","Africa"
"Chile",1997,14932385,"CHL","Americas"
"China",1997,1241139564,"CHN","Asia"
"Colombia",1997,37121106,"COL","Americas"
"Comoros",1997,507729,"COM","Africa"
"Congo",1997,2887813,"COG","Africa"
"Cook Islands",1997,17601,"COK","Oceania"
"Costa Rica",1997,3701661,"CRI","Americas"
"Cote d'Ivoire",1997,16047122,"CIV","Africa"
"Croatia",1997,4504575,"HRV","Europe"
"Cuba",1997,10997881,"CUB","Americas"
"Cyprus",1997,897532,"CYP","Asia"
"Czechia",1997,10279996,"CZE","Europe"
"Democratic Republic of Congo",1997,46029863,"COD","Africa"
"Denmark",1997,5284984,"DNK","Europe"
"Djibouti",1997,671772,"DJI","Africa"
"Dominica",1997,69273,"DMA","Americas"
"Dominican Republic",1997,8174028,"DOM","Americas"
"East Timor",1997,917137,"TLS","Asia"
"Ecuador",1997,12031076,"ECU","Americas"
"Egypt",1997,68431693,"EGY","Africa"
"El Salvador",1997,5844535,"SLV","Americas"
"Equatorial Guinea",1997,616842,"GNQ","Africa"
"Eritrea",1997,2152094,"ERI","Africa"
"Estonia",1997,1421448,"EST","Europe"
"Eswatini",1997,1006603,"SWZ","Africa"
"Ethiopia",1997,61404491,"ETH","Africa"
"Falkland Islands",1997,2888,"FLK","Americas"
"Faroe Islands",1997,44521,"FRO","Europe"
"Fiji",1997,812092,"FJI","Oceania"
"Finland",1997,5139877,"FIN","Europe"
"France",1997,58568614,"FRA","Europe"
"French Guiana",1997,143686,"GUF","Americas"
"French Polynesia",1997,229085,"PYF","Oceania"
"Gabon",1997,1181400,"GAB","Africa"
"Gambia",1997,1338849,"GMB","Africa"
"Georgia",1997,4695310,"GEO","Asia"
"Germany",1997,82389580,"DEU","Europe"
"Ghana",1997,18238909,"GHA","Africa"
"Gibraltar",1997,27570,"GIB","Europe"
"Greece",1997,10622280,"GRC","Europe"
"Greenland",1997,56068,"GRL","Americas"
"Grenada",1997,105255,"GRD","Americas"
"Guadeloupe",1997,417547,"GLP","Americas"
"Guam",1997,154175,"GUM","Oceania"
"Guatemala",1997,10857703,"GTM","Americas"
"Guernsey",1997,59526,"GGY","Europe"
"Guinea",1997,7931308,"GIN","Africa"
"Guinea-Bissau",1997,1165497,"GNB","Africa"
"Guyana",1997,762197,"GUY","Americas"
"Haiti",1997,7854256,"HTI","Americas"
"Honduras",1997,6071414,"HND","Americas"
"Hong Kong",1997,6416626,"HKG","Asia"
"Hungary",1997,10278552,"HUN","Europe"
"Iceland",1997,271147,"ISL","Europe"
"India",1997,999133716,"IND","Asia"
"Indonesia",1997,206536049,"IDN","Asia"
"Iran",1997,63639588,"IRN","Asia"
"Iraq",1997,22176557,"IRQ","Asia"
"Ireland",1997,3672240,"IRL","Europe"
"Isle of Man",1997,72878,"IMN","Europe"
"Israel",1997,5646431,"ISR","Asia"
"Italy",1997,57189220,"ITA","Europe"
"Jamaica",1997,2547798,"JAM","Americas"
"Japan",1997,126265874,"JPN","Asia"
"Jersey",1997,86636,"JEY","Europe"
"Jordan",1997,5046238,"JOR","Asia"
"Kazakhstan",1997,16043201,"KAZ","Asia"
"Kenya",1997,28101707,"KEN","Africa"
"Kiribati",1997,84119,"KIR","Oceania"
"Kosovo",1997,2197238,"XKX","Europe"
"Kuwait",1997,1787639,"KWT","Asia"
"Kyrgyzstan",1997,4847950,"KGZ","Asia"
"Laos",1997,5151958,"LAO","Asia"
"Latvia",1997,2433188,"LVA","Europe"
"Lebanon",1997,4108361,"LBN","Asia"
"Lesotho",1997,1988090,"LSO","Africa"
"Liberia",1997,2412950,"LBR","Africa"
"Libya",1997,5064597,"LBY","Africa"
"Liechtenstein",1997,31874,"LIE","Europe"
"Lithuania",1997,3573364,"LTU","Europe"
"Luxembourg",1997,418919,"LUX","Europe"
"Macao",1997,415026,"MAC","Asia"
"Madagascar",1997,14990764,"MDG","Africa"
"Malawi",1997,10561988,"MWI","Africa"
"Malaysia",1997,21375176,"MYS","Asia"
"Maldives",1997,267661,"MDV","Asia"
"Mali",1997,10646451,"MLI","Africa"
"Malta",1997,390639,"MLT","Europe"
"Marshall Islands",1997,49235,"MHL","Oceania"
"Martinique",1997,416041,"MTQ","Americas"
"Mauritania",1997,2411267,"MRT","Africa"
"Mauritius",1997,1184261,"MUS","Africa"
"Mayotte",1997,137399,"MYT","Africa"
"Mexico",1997,94021166,"MEX","Americas"
"Micronesia (country)",1997,111048,"FSM","Oceania"
"Moldova",1997,4355484,"MDA","Europe"
"Monaco",1997,32048,"MCO","Europe"
"Mongolia",1997,2389074,"MNG","Asia"
"Montenegro",1997,633482,"MNE","Europe"
"Montserrat",1997,6932,"MSR","Americas"
"Morocco",1997,27213289,"MAR","Africa"
"Mozambique",1997,16949939,"MOZ","Africa"
"Myanmar",1997,43708762,"MMR","Asia"
"Namibia",1997,1689230,"NAM","Africa"
"Nauru",1997,10188,"NRU","Oceania"
"Nepal",1997,23219414,"NPL","Asia"
"Netherlands",1997,15723574,"NLD","Europe"
"New Caledonia",1997,209513,"NCL","Oceania"
"New Zealand",1997,3776907,"NZL","Oceania"
"Nicaragua",1997,4809524,"NIC","Americas"
"Niger",1997,10383944,"NER","Africa"
"Nigeria",1997,116754744,"NGA","Africa"
"Niue",1997,2210,"NIU","Oceania"
"North Korea",1997,23110790,"PRK","Asia"
"North Macedonia",1997,2025708,"MKD","Europe"
"Northern Mariana Islands",1997,56562,"MNP","Oceania"
"Norway",1997,4404936,"NOR","Europe"
"Oman",1997,2190677,"OMN","Asia"
"Pakistan",1997,142531747,"PAK","Asia"
"Palau",1997,18082,"PLW","Oceania"
"Palestine",1997,2859532,"PSX","Asia"
"Panama",1997,2836646,"PAN","Americas"
"Papua New Guinea",1997,4987836,"PNG","Oceania"
"Paraguay",1997,4794362,"PRY","Americas"
"Peru",1997,25274095,"PER","Americas"
"Philippines",1997,73908766,"PHL","Asia"
"Poland",1997,38348255,"POL","Europe"
"Portugal",1997,10110494,"PRT","Europe"
"Puerto Rico",1997,3745534,"PRI","Americas"
"Qatar",1997,550466,"QAT","Asia"
"Reunion",1997,732663,"REU","Africa"
"Romania",1997,22411465,"ROU","Europe"
"Russia",1997,147853713,"RUS","Europe"
"Rwanda",1997,7755188,"RWA","Africa"
"Saint Barthelemy",1997,6529,"BLM","Americas"
"Saint Helena",1997,6208,"SHN","Africa"
"Saint Kitts and Nevis",1997,43402,"KNA","Americas"
"Saint Lucia",1997,152538,"LCA","Americas"
"Saint Martin (French part)",1997,29304,"MAF","Americas"
"Saint Pierre and Miquelon",1997,6400,"SPM","Americas"
"Saint Vincent and the Grenadines",1997,113103,"VCT","Americas"
"Samoa",1997,177525,"WSM","Oceania"
"San Marino",1997,25773,"SMR","Europe"
"Sao Tome and Principe",1997,138893,"STP","Africa"
"Saudi Arabia",1997,14374902,"SAU","Asia"
"Senegal",1997,9283463,"SEN","Africa"
"Serbia",1997,7789134,"SRB","Europe"
"Seychelles",1997,79626,"SYC","Africa"
"Sierra Leone",1997,4253654,"SLE","Africa"
"Singapore",1997,3796580,"SGP","Asia"
"Sint Maarten (Dutch part)",1997,31376,"SXM","Americas"
"Slovakia",1997,5369731,"SVK","Europe"
"Slovenia",1997,1984355,"SVN","Europe"
"Solomon Islands",1997,407438,"SLB","Oceania"
"Somalia",1997,7824477,"SOM","Africa"
"South Africa",1997,45666787,"ZAF","Africa"
"South Korea",1997,45941485,"KOR","Asia"
"South Sudan",1997,5509093,"SSD","Africa"
"Spain",1997,40423773,"ESP","Europe"
"Sri Lanka",1997,18248161,"LKA","Asia"
"Sudan",1997,25799777,"SDN","Africa"
"Suriname",1997,448023,"SUR","Americas"
"Sweden",1997,8845470,"SWE","Europe"
"Switzerland",1997,7089120,"CHE","Europe"
"Syria",1997,15417488,"SYR","Asia"
"Taiwan",1997,21885290,"TWN","Asia"
"Tajikistan",1997,6139771,"TJK","Asia"
"Tanzania",1997,31578042,"TZA","Africa"
"Thailand",1997,60724538,"THA","Asia"
"Togo",1997,4724988,"TGO","Africa"
"Tokelau",1997,1768,"TKL","Oceania"
"Tonga",1997,100661,"TON","Oceania"
"Trinidad and Tobago",1997,1305786,"TTO","Americas"
"Tunisia",1997,9421219,"TUN","Africa"
"Turkey",1997,62852916,"TUR","Asia"
"Turkmenistan",1997,4336684,"TKM","Asia"
"Turks and Caicos Islands",1997,16459,"TCA","Americas"
"Tuvalu",1997,9391,"TUV","Oceania"
"Uganda",1997,21855987,"UGA","Africa"
"Ukraine",1997,50786832,"UKR","Europe"
"United Arab Emirates",1997,2817373,"ARE","Asia"
"United Kingdom",1997,58447041,"GBR","Europe"
"United States",1997,273467966,"USA","Americas"
"United States Virgin Islands",1997,108050,"UMI","Oceania"
"Uruguay",1997,3223305,"URY","Americas"
"Uzbekistan",1997,23758910,"UZB","Asia"
"Vanuatu",1997,174591,"VUT","Oceania"
"Venezuela",1997,23131643,"VEN","Americas"
"Vietnam",1997,74226840,"VNM","Asia"
"Wallis and Futuna",1997,14400,"WLF","Oceania"
"Western Sahara",1997,233739,"ESH","Africa"
"Yemen",1997,17873898,"YEM","Asia"
"Zambia",1997,9237016,"ZMB","Africa"
"Zimbabwe",1997,11369780,"ZWE","Africa"
"Afghanistan",1998,19159955,"AFG","Asia"
"Albania",1998,3210081,"ALB","Europe"
"Algeria",1998,30054098,"DZA","Africa"
"American Samoa",1998,55299,"ASM","Oceania"
"Andorra",1998,65352,"AND","Europe"
"Angola",1998,15159322,"AGO","Africa"
"Anguilla",1998,10519,"AIA","Americas"
"Antigua and Barbuda",1998,72381,"ATG","Americas"
"Argentina",1998,36372814,"ARG","Americas"
"Armenia",1998,3208341,"ARM","Asia"
"Aruba",1998,83733,"ABW","Americas"
"Australia",1998,18701660,"AUS","Oceania"
"Austria",1998,7978413,"AUT","Europe"
"Azerbaijan",1998,8025764,"AZE","Asia"
"Bahamas",1998,315328,"BHS","Americas"
"Bahrain",1998,639345,"BHR","Asia"
"Bangladesh",1998,129622282,"BGD","Asia"
"Barbados",1998,262382,"BRB","Americas"
"Belarus",1998,10080527,"BLR","Europe"
"Belgium",1998,10203130,"BEL","Europe"
"Belize",1998,225144,"BLZ","Americas"
"Benin",1998,6789446,"BEN","Africa"
"Bermuda",1998,60613,"BMU","Americas"
"Bhutan",1998,569386,"BTN","Asia"
"Bolivia",1998,8313355,"BOL","Americas"
"Bonaire Sint Eustatius and Saba",1998,13913,"BES","Americas"
"Bosnia and Herzegovina",1998,4089306,"BIH","Europe"
"Botswana",1998,1606858,"BWA","Africa"
"Brazil",1998,169159594,"BRA","Americas"
"British Virgin Islands",1998,19224,"IOT","Africa"
"Brunei",1998,312357,"BRN","Asia"
"Bulgaria",1998,8138142,"BGR","Europe"
"Burkina Faso",1998,11240624,"BFA","Africa"
"Burundi",1998,6187073,"BDI","Africa"
"Cambodia",1998,12058131,"KHM","Asia"
"Cameroon",1998,14144808,"CMR","Africa"
"Canada",1998,30329929,"CAN","Americas"
"Cape Verde",1998,439741,"CPV","Africa"
"Cayman Islands",1998,36903,"CYM","Americas"
"Central African Republic",1998,3628796,"CAF","Africa"
"Chad",1998,7938791,"TCD","Africa"
"Chile",1998,15127752,"CHL","Americas"
"China",1998,1250847078,"CHN","Asia"
"Colombia",1998,37792117,"COL","Americas"
"Comoros",1998,516562,"COM","Africa"
"Congo",1998,2952019,"COG","Africa"
"Cook Islands",1998,17053,"COK","Oceania"
"Costa Rica",1998,3782786,"CRI","Americas"
"Cote d'Ivoire",1998,16663896,"CIV","Africa"
"Croatia",1998,4445622,"HRV","Europe"
"Cuba",1998,11034670,"CUB","Americas"
"Cyprus",1998,914503,"CYP","Asia"
"Czechia",1998,10265381,"CZE","Europe"
"Democratic Republic of Congo",1998,47297545,"COD","Africa"
"Denmark",1998,5304222,"DNK","Europe"
"Djibouti",1998,699309,"DJI","Africa"
"Dominica",1998,69098,"DMA","Americas"
"Dominican Republic",1998,8310319,"DOM","Americas"
"East Timor",1998,942487,"TLS","Asia"
"Ecuador",1998,12251147,"ECU","Americas"
"Egypt",1998,69943248,"EGY","Africa"
"El Salvador",1998,5880746,"SLV","Americas"
"Equatorial Guinea",1998,641430,"GNQ","Africa"
"Eritrea",1998,2180381,"ERI","Africa"
"Estonia",1998,1411150,"EST","Europe"
"Eswatini",1998,1019610,"SWZ","Africa"
"Ethiopia",1998,63363475,"ETH","Africa"
"Falkland Islands",1998,2959,"FLK","Americas"
"Faroe Islands",1998,44879,"FRO","Europe"
"Fiji",1998,822207,"FJI","Oceania"
"Finland",1998,5153506,"FIN","Europe"
"France",1998,58778760,"FRA","Europe"
"French Guiana",1998,148343,"GUF","Americas"
"French Polynesia",1998,232855,"PYF","Oceania"
"Gabon",1998,1211694,"GAB","Africa"
"Gambia",1998,1376948,"GMB","Africa"
"Georgia",1998,4576397,"GEO","Asia"
"Germany",1998,82011883,"DEU","Europe"
"Ghana",1998,18687991,"GHA","Africa"
"Gibraltar",1998,27625,"GIB","Europe"
"Greece",1998,10675358,"GRC","Europe"
"Greenland",1998,56128,"GRL","Americas"
"Grenada",1998,105978,"GRD","Americas"
"Guadeloupe",1998,420425,"GLP","Americas"
"Guam",1998,156191,"GUM","Oceania"
"Guatemala",1998,11139099,"GTM","Americas"
"Guernsey",1998,59751,"GGY","Europe"
"Guinea",1998,8081947,"GIN","Africa"
"Guinea-Bissau",1998,1187431,"GNB","Africa"
"Guyana",1998,763546,"GUY","Americas"
"Haiti",1998,8002105,"HTI","Americas"
"Honduras",1998,6234391,"HND","Americas"
"Hong Kong",1998,6521282,"HKG","Asia"
"Hungary",1998,10251663,"HUN","Europe"
"Iceland",1998,274071,"ISL","Europe"
"India",1998,1018665024,"IND","Asia"
"Indonesia",1998,209826738,"IDN","Asia"
"Iran",1998,64519819,"IRN","Asia"
"Iraq",1998,22884342,"IRQ","Asia"
"Ireland",1998,3711027,"IRL","Europe"
"Isle of Man",1998,73830,"IMN","Europe"
"Israel",1998,5790094,"ISR","Asia"
"Italy",1998,57215139,"ITA","Europe"
"Jamaica",1998,2569681,"JAM","Americas"
"Japan",1998,126549132,"JPN","Asia"
"Jersey",1998,87091,"JEY","Europe"
"Jordan",1998,5164238,"JOR","Asia"
"Kazakhstan",1998,15647738,"KAZ","Asia"
"Kenya",1998,28888012,"KEN","Africa"
"Kiribati",1998,85636,"KIR","Oceania"
"Kosovo",1998,2078930,"XKX","Europe"
"Kuwait",1998,1844266,"KWT","Asia"
"Kyrgyzstan",1998,4907747,"KGZ","Asia"
"Laos",1998,5248226,"LAO","Asia"
"Latvia",1998,2410168,"LVA","Europe"
"Lebanon",1998,4181235,"LBN","Asia"
"Lesotho",1998,1998000,"LSO","Africa"
"Liberia",1998,2670081,"LBR","Africa"
"Libya",1998,5140658,"LBY","Africa"
"Liechtenstein",1998,32292,"LIE","Europe"
"Lithuania",1998,3547722,"LTU","Europe"
"Luxembourg",1998,424106,"LUX","Europe"
"Macao",1998,422768,"MAC","Asia"
"Madagascar",1998,15489329,"MDG","Africa"
"Malawi",1998,10792827,"MWI","Africa"
"Malaysia",1998,21906667,"MYS","Asia"
"Maldives",1998,272670,"MDV","Asia"
"Mali",1998,10919530,"MLI","Africa"
"Malta",1998,393741,"MLT","Europe"
"Marshall Islands",1998,49673,"MHL","Oceania"
"Martinique",1998,421761,"MTQ","Americas"
"Mauritania",1998,2474597,"MRT","Africa"
"Mauritius",1998,1195058,"MUS","Africa"
"Mayotte",1998,143933,"MYT","Africa"
"Mexico",1998,95575200,"MEX","Americas"
"Micronesia (country)",1998,111344,"FSM","Oceania"
"Moldova",1998,4318664,"MDA","Europe"
"Monaco",1998,32240,"MCO","Europe"
"Mongolia",1998,2412744,"MNG","Asia"
"Montenegro",1998,634058,"MNE","Europe"
"Montserrat",1998,6276,"MSR","Americas"
"Morocco",1998,27621589,"MAR","Africa"
"Mozambique",1998,17340415,"MOZ","Africa"
"Myanmar",1998,44257732,"MMR","Asia"
"Namibia",1998,1732702,"NAM","Africa"
"Nauru",1998,10180,"NRU","Oceania"
"Nepal",1998,23680304,"NPL","Asia"
"Netherlands",1998,15827052,"NLD","Europe"
"New Caledonia",1998,214016,"NCL","Oceania"
"New Zealand",1998,3811332,"NZL","Oceania"
"Nicaragua",1998,4883607,"NIC","Americas"
"Niger",1998,10741372,"NER","Africa"
"Nigeria",1998,119846212,"NGA","Africa"
"Niue",1998,2154,"NIU","Oceania"
"North Korea",1998,23311527,"PRK","Asia"
"North Macedonia",1998,2037531,"MKD","Europe"
"Northern Mariana Islands",1998,61313,"MNP","Oceania"
"Norway",1998,4431253,"NOR","Europe"
"Oman",1998,2222453,"OMN","Asia"
"Pakistan",1998,146522306,"PAK","Asia"
"Palau",1998,18504,"PLW","Oceania"
"Palestine",1998,2962847,"PSX","Asia"
"Panama",1998,2893867,"PAN","Americas"
"Papua New Guinea",1998,5166345,"PNG","Oceania"
"Paraguay",1998,4899977,"PRY","Americas"
"Peru",1998,25738055,"PER","Americas"
"Philippines",1998,75790983,"PHL","Asia"
"Poland",1998,38326383,"POL","Europe"
"Portugal",1998,10159472,"PRT","Europe"
"Puerto Rico",1998,3770520,"PRI","Americas"
"Qatar",1998,580493,"QAT","Asia"
"Reunion",1998,744022,"REU","Africa"
"Romania",1998,22284853,"ROU","Europe"
"Russia",1998,147635488,"RUS","Europe"
"Rwanda",1998,8081636,"RWA","Africa"
"Saint Barthelemy",1998,6698,"BLM","Americas"
"Saint Helena",1998,6147,"SHN","Africa"
"Saint Kitts and Nevis",1998,43968,"KNA","Americas"
"Saint Lucia",1998,154649,"LCA","Americas"
"Saint Martin (French part)",1998,29077,"MAF","Americas"
"Saint Pierre and Miquelon",1998,6343,"SPM","Americas"
"Saint Vincent and the Grenadines",1998,113152,"VCT","Americas"
"Samoa",1998,178877,"WSM","Oceania"
"San Marino",1998,26103,"SMR","Europe"
"Sao Tome and Principe",1998,140719,"STP","Africa"
"Saudi Arabia",1998,14922138,"SAU","Asia"
"Senegal",1998,9502907,"SEN","Africa"
"Serbia",1998,7765879,"SRB","Europe"
"Seychelles",1998,80695,"SYC","Africa"
"Sierra Leone",1998,4295732,"SLE","Africa"
"Singapore",1998,3901362,"SGP","Asia"
"Sint Maarten (Dutch part)",1998,31163,"SXM","Americas"
"Slovakia",1998,5374745,"SVK","Europe"
"Slovenia",1998,1980016,"SVN","Europe"
"Solomon Islands",1998,419034,"SLB","Oceania"
"Somalia",1998,8155372,"SOM","Africa"
"South Africa",1998,46223832,"ZAF","Africa"
"South Korea",1998,46230834,"KOR","Asia"
"South Sudan",1998,5620029,"SSD","Africa"
"Spain",1998,40617392,"ESP","Europe"
"Sri Lanka",1998,18595959,"LKA","Asia"
"Sudan",1998,26458940,"SDN","Africa"
"Suriname",1998,457371,"SUR","Americas"
"Sweden",1998,8850553,"SWE","Europe"
"Switzerland",1998,7110242,"CHE","Europe"
"Syria",1998,15820359,"SYR","Asia"
"Taiwan",1998,22049170,"TWN","Asia"
"Tajikistan",1998,6176350,"TJK","Asia"
"Tanzania",1998,32420413,"TZA","Africa"
"Thailand",1998,61522574,"THA","Asia"
"Togo",1998,4860872,"TGO","Africa"
"Tokelau",1998,1783,"TKL","Oceania"
"Tonga",1998,101365,"TON","Oceania"
"Trinidad and Tobago",1998,1310176,"TTO","Americas"
"Tunisia",1998,9541629,"TUN","Africa"
"Turkey",1998,63734336,"TUR","Asia"
"Turkmenistan",1998,4410461,"TKM","Asia"
"Turks and Caicos Islands",1998,17198,"TCA","Americas"
"Tuvalu",1998,9429,"TUV","Oceania"
"Uganda",1998,22515758,"UGA","Africa"
"Ukraine",1998,50379676,"UKR","Europe"
"United Arab Emirates",1998,3040384,"ARE","Asia"
"United Kingdom",1998,58626774,"GBR","Europe"
"United States",1998,276119277,"USA","Americas"
"United States Virgin Islands",1998,108392,"UMI","Oceania"
"Uruguay",1998,3239241,"URY","Americas"
"Uzbekistan",1998,24134883,"UZB","Asia"
"Vanuatu",1998,178275,"VUT","Oceania"
"Venezuela",1998,23601294,"VEN","Americas"
"Vietnam",1998,75299613,"VNM","Asia"
"Wallis and Futuna",1998,14515,"WLF","Oceania"
"Western Sahara",1998,246266,"ESH","Africa"
"Yemen",1998,18445969,"YEM","Asia"
"Zambia",1998,9482364,"ZMB","Africa"
"Zimbabwe",1998,11594240,"ZWE","Africa"
"Afghanistan",1999,19887737,"AFG","Asia"
"Albania",1999,3188548,"ALB","Europe"
"Algeria",1999,30474312,"DZA","Africa"
"American Samoa",1999,56232,"ASM","Oceania"
"Andorra",1999,65689,"AND","Europe"
"Angola",1999,15667183,"AGO","Africa"
"Anguilla",1999,10817,"AIA","Americas"
"Antigua and Barbuda",1999,73634,"ATG","Americas"
"Argentina",1999,36794636,"ARG","Americas"
"Armenia",1999,3167231,"ARM","Asia"
"Aruba",1999,86439,"ABW","Americas"
"Australia",1999,18909934,"AUS","Oceania"
"Austria",1999,7993849,"AUT","Europe"
"Azerbaijan",1999,8100413,"AZE","Asia"
"Bahamas",1999,319574,"BHS","Americas"
"Bahrain",1999,654572,"BHR","Asia"
"Bangladesh",1999,132108017,"BGD","Asia"
"Barbados",1999,262477,"BRB","Americas"
"Belarus",1999,10039177,"BLR","Europe"
"Belgium",1999,10226629,"BEL","Europe"
"Belize",1999,233023,"BLZ","Americas"
"Benin",1999,7002781,"BEN","Africa"
"Bermuda",1999,61099,"BMU","Americas"
"Bhutan",1999,582545,"BTN","Asia"
"Bolivia",1999,8459762,"BOL","Americas"
"Bonaire Sint Eustatius and Saba",1999,14052,"BES","Americas"
"Bosnia and Herzegovina",1999,4130270,"BIH","Europe"
"Botswana",1999,1641956,"BWA","Africa"
"Brazil",1999,171641487,"BRA","Americas"
"British Virgin Islands",1999,19713,"IOT","Africa"
"Brunei",1999,319353,"BRN","Asia"
"Bulgaria",1999,8067415,"BGR","Europe"
"Burkina Faso",1999,11574884,"BFA","Africa"
"Burundi",1999,6337100,"BDI","Africa"
"Cambodia",1999,12265683,"KHM","Asia"
"Cameroon",1999,14525091,"CMR","Africa"
"Canada",1999,30599404,"CAN","Americas"
"Cape Verde",1999,446481,"CPV","Africa"
"Cayman Islands",1999,38262,"CYM","Americas"
"Central African Republic",1999,3729400,"CAF","Africa"
"Chad",1999,8222655,"TCD","Africa"
"Chile",1999,15319256,"CHL","Americas"
"China",1999,1260176600,"CHN","Asia"
"Colombia",1999,38454817,"COL","Americas"
"Comoros",1999,525846,"COM","Africa"
"Congo",1999,3032832,"COG","Africa"
"Cook Islands",1999,16460,"COK","Oceania"
"Costa Rica",1999,3862057,"CRI","Americas"
"Cote d'Ivoire",1999,17215892,"CIV","Africa"
"Croatia",1999,4385771,"HRV","Europe"
"Cuba",1999,11072180,"CUB","Americas"
"Cyprus",1999,931194,"CYP","Asia"
"Czechia",1999,10251335,"CZE","Europe"
"Democratic Republic of Congo",1999,48912931,"COD","Africa"
"Denmark",1999,5321759,"DNK","Europe"
"Djibouti",1999,724183,"DJI","Africa"
"Dominica",1999,68824,"DMA","Americas"
"Dominican Republic",1999,8446150,"DOM","Americas"
"East Timor",1999,834646,"TLS","Asia"
"Ecuador",1999,12470759,"ECU","Americas"
"Egypt",1999,71520901,"EGY","Africa"
"El Salvador",1999,5913852,"SLV","Americas"
"Equatorial Guinea",1999,667175,"GNQ","Africa"
"Eritrea",1999,2212733,"ERI","Africa"
"Estonia",1999,1403523,"EST","Europe"
"Eswatini",1999,1030739,"SWZ","Africa"
"Ethiopia",1999,65374500,"ETH","Africa"
"Falkland Islands",1999,3021,"FLK","Americas"
"Faroe Islands",1999,45192,"FRO","Europe"
"Fiji",1999,831785,"FJI","Oceania"
"Finland",1999,5165470,"FIN","Europe"
"France",1999,59084162,"FRA","Europe"
"French Guiana",1999,153708,"GUF","Americas"
"French Polynesia",1999,236557,"PYF","Oceania"
"Gabon",1999,1242985,"GAB","Africa"
"Gambia",1999,1415742,"GMB","Africa"
"Georgia",1999,4455538,"GEO","Asia"
"Germany",1999,81678226,"DEU","Europe"
"Ghana",1999,19149823,"GHA","Africa"
"Gibraltar",1999,27667,"GIB","Europe"
"Greece",1999,10727901,"GRC","Europe"
"Greenland",1999,56104,"GRL","Americas"
"Grenada",1999,106701,"GRD","Americas"
"Guadeloupe",1999,420898,"GLP","Americas"
"Guam",1999,158256,"GUM","Oceania"
"Guatemala",1999,11422931,"GTM","Americas"
"Guernsey",1999,60003,"GGY","Europe"
"Guinea",1999,8265071,"GIN","Africa"
"Guinea-Bissau",1999,1210169,"GNB","Africa"
"Guyana",1999,764440,"GUY","Americas"
"Haiti",1999,8151263,"HTI","Americas"
"Honduras",1999,6400420,"HND","Americas"
"Hong Kong",1999,6616478,"HKG","Asia"
"Hungary",1999,10219743,"HUN","Europe"
"Iceland",1999,277397,"ISL","Europe"
"India",1999,1038225772,"IND","Asia"
"Indonesia",1999,213004610,"IDN","Asia"
"Iran",1999,65445344,"IRN","Asia"
"Iraq",1999,23636478,"IRQ","Asia"
"Ireland",1999,3752895,"IRL","Europe"
"Isle of Man",1999,74756,"IMN","Europe"
"Israel",1999,5946022,"ISR","Asia"
"Italy",1999,57240747,"ITA","Europe"
"Jamaica",1999,2589747,"JAM","Americas"
"Japan",1999,126801516,"JPN","Asia"
"Jersey",1999,87503,"JEY","Europe"
"Jordan",1999,5276398,"JOR","Asia"
"Kazakhstan",1999,15455830,"KAZ","Asia"
"Kenya",1999,29733363,"KEN","Africa"
"Kiribati",1999,87096,"KIR","Oceania"
"Kosovo",1999,1871470,"XKX","Europe"
"Kuwait",1999,1899984,"KWT","Asia"
"Kyrgyzstan",1999,4968540,"KGZ","Asia"
"Laos",1999,5340738,"LAO","Asia"
"Latvia",1999,2390772,"LVA","Europe"
"Lebanon",1999,4255224,"LBN","Asia"
"Lesotho",1999,2003174,"LSO","Africa"
"Liberia",1999,2821636,"LBR","Africa"
"Libya",1999,5217988,"LBY","Africa"
"Liechtenstein",1999,32713,"LIE","Europe"
"Lithuania",1999,3522856,"LTU","Europe"
"Luxembourg",1999,429855,"LUX","Europe"
"Macao",1999,430212,"MAC","Asia"
"Madagascar",1999,16000457,"MDG","Africa"
"Malawi",1999,11047768,"MWI","Africa"
"Malaysia",1999,22435483,"MYS","Asia"
"Maldives",1999,277373,"MDV","Asia"
"Mali",1999,11227365,"MLI","Africa"
"Malta",1999,396842,"MLT","Europe"
"Marshall Islands",1999,50177,"MHL","Oceania"
"Martinique",1999,423845,"MTQ","Americas"
"Mauritania",1999,2541658,"MRT","Africa"
"Mauritius",1999,1205856,"MUS","Africa"
"Mayotte",1999,150174,"MYT","Africa"
"Mexico",1999,97115654,"MEX","Americas"
"Micronesia (country)",1999,111652,"FSM","Oceania"
"Moldova",1999,4278169,"MDA","Europe"
"Monaco",1999,32386,"MCO","Europe"
"Mongolia",1999,2433998,"MNG","Asia"
"Montenegro",1999,634238,"MNE","Europe"
"Montserrat",1999,5641,"MSR","Americas"
"Morocco",1999,28027140,"MAR","Africa"
"Mozambique",1999,17734447,"MOZ","Africa"
"Myanmar",1999,44787672,"MMR","Asia"
"Namibia",1999,1776320,"NAM","Africa"
"Nauru",1999,10174,"NRU","Oceania"
"Nepal",1999,24125146,"NPL","Asia"
"Netherlands",1999,15940134,"NLD","Europe"
"New Caledonia",1999,218487,"NCL","Oceania"
"New Zealand",1999,3835514,"NZL","Oceania"
"Nicaragua",1999,4953974,"NIC","Americas"
"Niger",1999,11117362,"NER","Africa"
"Nigeria",1999,123047266,"NGA","Africa"
"Niue",1999,2106,"NIU","Oceania"
"North Korea",1999,23497555,"PRK","Asia"
"North Macedonia",1999,2048045,"MKD","Europe"
"Northern Mariana Islands",1999,65887,"MNP","Oceania"
"Norway",1999,4461738,"NOR","Europe"
"Oman",1999,2252862,"OMN","Asia"
"Pakistan",1999,150565328,"PAK","Asia"
"Palau",1999,18877,"PLW","Oceania"
"Palestine",1999,3056200,"PSX","Asia"
"Panama",1999,2951764,"PAN","Americas"
"Papua New Guinea",1999,5349280,"PNG","Oceania"
"Paraguay",1999,5003077,"PRY","Americas"
"Peru",1999,26186452,"PER","Americas"
"Philippines",1999,77753214,"PHL","Asia"
"Poland",1999,38287663,"POL","Europe"
"Portugal",1999,10214832,"PRT","Europe"
"Puerto Rico",1999,3794434,"PRI","Americas"
"Qatar",1999,612471,"QAT","Asia"
"Reunion",1999,754063,"REU","Africa"
"Romania",1999,22166115,"ROU","Europe"
"Russia",1999,147241915,"RUS","Europe"
"Rwanda",1999,8147867,"RWA","Africa"
"Saint Barthelemy",1999,6873,"BLM","Americas"
"Saint Helena",1999,6070,"SHN","Africa"
"Saint Kitts and Nevis",1999,44569,"KNA","Americas"
"Saint Lucia",1999,156672,"LCA","Americas"
"Saint Martin (French part)",1999,29254,"MAF","Americas"
"Saint Pierre and Miquelon",1999,6299,"SPM","Americas"
"Saint Vincent and the Grenadines",1999,113344,"VCT","Americas"
"Samoa",1999,180235,"WSM","Oceania"
"San Marino",1999,26432,"SMR","Europe"
"Sao Tome and Principe",1999,142416,"STP","Africa"
"Saudi Arabia",1999,15472018,"SAU","Asia"
"Senegal",1999,9730850,"SEN","Africa"
"Serbia",1999,7734319,"SRB","Europe"
"Seychelles",1999,81990,"SYC","Africa"
"Sierra Leone",1999,4317994,"SLE","Africa"
"Singapore",1999,3966504,"SGP","Asia"
"Sint Maarten (Dutch part)",1999,30960,"SXM","Americas"
"Slovakia",1999,5378056,"SVK","Europe"
"Slovenia",1999,1981145,"SVN","Europe"
"Solomon Islands",1999,430452,"SLB","Oceania"
"Somalia",1999,8492010,"SOM","Africa"
"South Africa",1999,46730283,"ZAF","Africa"
"South Korea",1999,46500333,"KOR","Asia"
"South Sudan",1999,5771579,"SSD","Africa"
"Spain",1999,40812809,"ESP","Europe"
"Sri Lanka",1999,18944689,"LKA","Asia"
"Sudan",1999,27130566,"SDN","Africa"
"Suriname",1999,466883,"SUR","Americas"
"Sweden",1999,8857642,"SWE","Europe"
"Switzerland",1999,7144067,"CHE","Europe"
"Syria",1999,16228011,"SYR","Asia"
"Taiwan",1999,22203728,"TWN","Asia"
"Tajikistan",1999,6208319,"TJK","Asia"
"Tanzania",1999,33300297,"TZA","Africa"
"Thailand",1999,62298991,"THA","Asia"
"Togo",1999,5000229,"TGO","Africa"
"Tokelau",1999,1810,"TKL","Oceania"
"Tonga",1999,102016,"TON","Oceania"
"Trinidad and Tobago",1999,1314664,"TTO","Americas"
"Tunisia",1999,9655915,"TUN","Africa"
"Turkey",1999,64591859,"TUR","Asia"
"Turkmenistan",1999,4492116,"TKM","Asia"
"Turks and Caicos Islands",1999,17934,"TCA","Americas"
"Tuvalu",1999,9473,"TUV","Oceania"
"Uganda",1999,23257218,"UGA","Africa"
"Ukraine",1999,49976390,"UKR","Europe"
"United Arab Emirates",1999,3265963,"ARE","Asia"
"United Kingdom",1999,58838619,"GBR","Europe"
"United States",1999,278785441,"USA","Americas"
"United States Virgin Islands",1999,108534,"UMI","Oceania"
"Uruguay",1999,3253972,"URY","Americas"
"Uzbekistan",1999,24475974,"UZB","Asia"
"Vanuatu",1999,182017,"VUT","Oceania"
"Venezuela",1999,24066549,"VEN","Americas"
"Vietnam",1999,76287407,"VNM","Asia"
"Wallis and Futuna",1999,14626,"WLF","Oceania"
"Western Sahara",1999,258936,"ESH","Africa"
"Yemen",1999,19029377,"YEM","Asia"
"Zambia",1999,9739963,"ZMB","Africa"
"Zimbabwe",1999,11783404,"ZWE","Africa"
"Afghanistan",2000,20130279,"AFG","Asia"
"Albania",2000,3166104,"ALB","Europe"
"Algeria",2000,30903850,"DZA","Africa"
"American Samoa",2000,56828,"ASM","Oceania"
"Andorra",2000,65653,"AND","Europe"
"Angola",2000,16194813,"AGO","Africa"
"Anguilla",2000,11151,"AIA","Americas"
"Antigua and Barbuda",2000,74881,"ATG","Americas"
"Argentina",2000,37213933,"ARG","Americas"
"Armenia",2000,3125566,"ARM","Asia"
"Aruba",2000,88729,"ABW","Americas"
"Australia",2000,19132426,"AUS","Oceania"
"Austria",2000,8012872,"AUT","Europe"
"Azerbaijan",2000,8174736,"AZE","Asia"
"Bahamas",2000,323804,"BHS","Americas"
"Bahrain",2000,669543,"BHR","Asia"
"Bangladesh",2000,134544254,"BGD","Asia"
"Barbados",2000,262028,"BRB","Americas"
"Belarus",2000,9991254,"BLR","Europe"
"Belgium",2000,10251672,"BEL","Europe"
"Belize",2000,240769,"BLZ","Americas"
"Benin",2000,7221570,"BEN","Africa"
"Bermuda",2000,61528,"BMU","Americas"
"Bhutan",2000,596815,"BTN","Asia"
"Bolivia",2000,8606277,"BOL","Americas"
"Bonaire Sint Eustatius and Saba",2000,14202,"BES","Americas"
"Bosnia and Herzegovina",2000,4159737,"BIH","Europe"
"Botswana",2000,1677336,"BWA","Africa"
"Brazil",2000,174018229,"BRA","Americas"
"British Virgin Islands",2000,20221,"IOT","Africa"
"Brunei",2000,326390,"BRN","Asia"
"Bulgaria",2000,8000476,"BGR","Europe"
"Burkina Faso",2000,11925495,"BFA","Africa"
"Burundi",2000,6470151,"BDI","Africa"
"Cambodia",2000,12462304,"KHM","Asia"
"Cameroon",2000,14912588,"CMR","Africa"
"Canada",2000,30891756,"CAN","Americas"
"Cape Verde",2000,453286,"CPV","Africa"
"Cayman Islands",2000,39656,"CYM","Americas"
"Central African Republic",2000,3833380,"CAF","Africa"
"Chad",2000,8512037,"TCD","Africa"
"Chile",2000,15503580,"CHL","Americas"
"China",2000,1269581120,"CHN","Asia"
"Colombia",2000,39089879,"COL","Americas"
"Comoros",2000,536036,"COM","Africa"
"Congo",2000,3151304,"COG","Africa"
"Cook Islands",2000,15837,"COK","Oceania"
"Costa Rica",2000,3937679,"CRI","Americas"
"Cote d'Ivoire",2000,17698956,"CIV","Africa"
"Croatia",2000,4326056,"HRV","Europe"
"Cuba",2000,11109058,"CUB","Americas"
"Cyprus",2000,947619,"CYP","Asia"
"Czechia",2000,10236753,"CZE","Europe"
"Democratic Republic of Congo",2000,50507393,"COD","Africa"
"Denmark",2000,5339614,"DNK","Europe"
"Djibouti",2000,747274,"DJI","Africa"
"Dominica",2000,68480,"DMA","Americas"
"Dominican Republic",2000,8584145,"DOM","Americas"
"East Timor",2000,745056,"TLS","Asia"
"Ecuador",2000,12689159,"ECU","Americas"
"Egypt",2000,73083242,"EGY","Africa"
"El Salvador",2000,5943313,"SLV","Americas"
"Equatorial Guinea",2000,703242,"GNQ","Africa"
"Eritrea",2000,2246989,"ERI","Africa"
"Estonia",2000,1396955,"EST","Europe"
"Eswatini",2000,1041378,"SWZ","Africa"
"Ethiopia",2000,67411450,"ETH","Africa"
"Falkland Islands",2000,3084,"FLK","Americas"
"Faroe Islands",2000,45648,"FRO","Europe"
"Fiji",2000,840857,"FJI","Oceania"
"Finland",2000,5176146,"FIN","Europe"
"France",2000,59483672,"FRA","Europe"
"French Guiana",2000,160582,"GUF","Americas"
"French Polynesia",2000,240306,"PYF","Oceania"
"Gabon",2000,1275530,"GAB","Africa"
"Gambia",2000,1455049,"GMB","Africa"
"Georgia",2000,4328318,"GEO","Asia"
"Germany",2000,81797200,"DEU","Europe"
"Ghana",2000,19637041,"GHA","Africa"
"Gibraltar",2000,27684,"GIB","Europe"
"Greece",2000,10782578,"GRC","Europe"
"Greenland",2000,56187,"GRL","Americas"
"Grenada",2000,107418,"GRD","Americas"
"Guadeloupe",2000,419518,"GLP","Americas"
"Guam",2000,160028,"GUM","Oceania"
"Guatemala",2000,11697544,"GTM","Americas"
"Guernsey",2000,60250,"GGY","Europe"
"Guinea",2000,8428787,"GIN","Africa"
"Guinea-Bissau",2000,1234697,"GNB","Africa"
"Guyana",2000,764792,"GUY","Americas"
"Haiti",2000,8303101,"HTI","Americas"
"Honduras",2000,6577728,"HND","Americas"
"Hong Kong",2000,6704622,"HKG","Asia"
"Hungary",2000,10190548,"HUN","Europe"
"Iceland",2000,281254,"ISL","Europe"
"India",2000,1057922676,"IND","Asia"
"Indonesia",2000,216077748,"IDN","Asia"
"Iran",2000,66418621,"IRN","Asia"
"Iraq",2000,24424011,"IRQ","Asia"
"Ireland",2000,3802536,"IRL","Europe"
"Isle of Man",2000,75624,"IMN","Europe"
"Israel",2000,6111143,"ISR","Asia"
"Italy",2000,57272155,"ITA","Europe"
"Jamaica",2000,2607780,"JAM","Americas"
"Japan",2000,127027758,"JPN","Asia"
"Jersey",2000,87800,"JEY","Europe"
"Jordan",2000,5386890,"JOR","Asia"
"Kazakhstan",2000,15501060,"KAZ","Asia"
"Kenya",2000,30642843,"KEN","Africa"
"Kiribati",2000,88578,"KIR","Oceania"
"Kosovo",2000,1802435,"XKX","Europe"
"Kuwait",2000,1954668,"KWT","Asia"
"Kyrgyzstan",2000,5025098,"KGZ","Asia"
"Laos",2000,5431174,"LAO","Asia"
"Latvia",2000,2368275,"LVA","Europe"
"Lebanon",2000,4329297,"LBN","Asia"
"Lesotho",2000,2003862,"LSO","Africa"
"Liberia",2000,2928076,"LBR","Africa"
"Libya",2000,5304966,"LBY","Africa"
"Liechtenstein",2000,33091,"LIE","Europe"
"Lithuania",2000,3500358,"LTU","Europe"
"Luxembourg",2000,436090,"LUX","Europe"
"Macao",2000,437274,"MAC","Asia"
"Madagascar",2000,16516293,"MDG","Africa"
"Malawi",2000,11315896,"MWI","Africa"
"Malaysia",2000,22967760,"MYS","Asia"
"Maldives",2000,281968,"MDV","Asia"
"Mali",2000,11559242,"MLI","Africa"
"Malta",2000,399846,"MLT","Europe"
"Marshall Islands",2000,50676,"MHL","Oceania"
"Martinique",2000,421340,"MTQ","Americas"
"Mauritania",2000,2613407,"MRT","Africa"
"Mauritius",2000,1216582,"MUS","Africa"
"Mayotte",2000,156461,"MYT","Africa"
"Mexico",2000,98625515,"MEX","Americas"
"Micronesia (country)",2000,112026,"FSM","Oceania"
"Moldova",2000,4234915,"MDA","Europe"
"Monaco",2000,32432,"MCO","Europe"
"Mongolia",2000,2455142,"MNG","Asia"
"Montenegro",2000,634144,"MNE","Europe"
"Montserrat",2000,5011,"MSR","Americas"
"Morocco",2000,28423380,"MAR","Africa"
"Mozambique",2000,18129602,"MOZ","Africa"
"Myanmar",2000,45290803,"MMR","Asia"
"Namibia",2000,1818599,"NAM","Africa"
"Nauru",2000,10154,"NRU","Oceania"
"Nepal",2000,24546462,"NPL","Asia"
"Netherlands",2000,16058703,"NLD","Europe"
"New Caledonia",2000,223069,"NCL","Oceania"
"New Zealand",2000,3857521,"NZL","Oceania"
"Nicaragua",2000,5022590,"NIC","Americas"
"Niger",2000,11509585,"NER","Africa"
"Nigeria",2000,126382435,"NGA","Africa"
"Niue",2000,2034,"NIU","Oceania"
"North Korea",2000,23665861,"PRK","Asia"
"North Macedonia",2000,2057212,"MKD","Europe"
"Northern Mariana Islands",2000,68333,"MNP","Oceania"
"Norway",2000,4490821,"NOR","Europe"
"Oman",2000,2282090,"OMN","Asia"
"Pakistan",2000,154879070,"PAK","Asia"
"Palau",2000,19160,"PLW","Oceania"
"Palestine",2000,3151752,"PSX","Asia"
"Panama",2000,3010330,"PAN","Americas"
"Papua New Guinea",2000,5537021,"PNG","Oceania"
"Paraguay",2000,5100823,"PRY","Americas"
"Peru",2000,26598284,"PER","Americas"
"Philippines",2000,79625353,"PHL","Asia"
"Poland",2000,38258025,"POL","Europe"
"Portugal",2000,10283150,"PRT","Europe"
"Puerto Rico",2000,3809813,"PRI","Americas"
"Qatar",2000,644945,"QAT","Asia"
"Reunion",2000,763098,"REU","Africa"
"Romania",2000,22046211,"ROU","Europe"
"Russia",2000,146717736,"RUS","Europe"
"Rwanda",2000,8213890,"RWA","Africa"
"Saint Barthelemy",2000,7052,"BLM","Americas"
"Saint Helena",2000,6004,"SHN","Africa"
"Saint Kitts and Nevis",2000,45222,"KNA","Americas"
"Saint Lucia",2000,158582,"LCA","Americas"
"Saint Martin (French part)",2000,29974,"MAF","Americas"
"Saint Pierre and Miquelon",2000,6276,"SPM","Americas"
"Saint Vincent and the Grenadines",2000,113508,"VCT","Americas"
"Samoa",2000,181649,"WSM","Oceania"
"San Marino",2000,26774,"SMR","Europe"
"Sao Tome and Principe",2000,143980,"STP","Africa"
"Saudi Arabia",2000,16177682,"SAU","Asia"
"Senegal",2000,9968224,"SEN","Africa"
"Serbia",2000,7694563,"SRB","Europe"
"Seychelles",2000,83287,"SYC","Africa"
"Sierra Leone",2000,4423561,"SLE","Africa"
"Singapore",2000,4035193,"SGP","Asia"
"Sint Maarten (Dutch part)",2000,30744,"SXM","Americas"
"Slovakia",2000,5379951,"SVK","Europe"
"Slovenia",2000,1986774,"SVN","Europe"
"Solomon Islands",2000,440432,"SLB","Oceania"
"Somalia",2000,8838673,"SOM","Africa"
"South Africa",2000,47159672,"ZAF","Africa"
"South Korea",2000,46766608,"KOR","Asia"
"South Sudan",2000,6032224,"SSD","Africa"
"Spain",2000,41019721,"ESP","Europe"
"Sri Lanka",2000,19293012,"LKA","Asia"
"Sudan",2000,27816698,"SDN","Africa"
"Suriname",2000,476606,"SUR","Americas"
"Sweden",2000,8872062,"SWE","Europe"
"Switzerland",2000,7183943,"CHE","Europe"
"Syria",2000,16637829,"SYR","Asia"
"Taiwan",2000,22332827,"TWN","Asia"
"Tajikistan",2000,6284683,"TJK","Asia"
"Tanzania",2000,34260098,"TZA","Africa"
"Thailand",2000,63007767,"THA","Asia"
"Togo",2000,5139999,"TGO","Africa"
"Tokelau",2000,1825,"TKL","Oceania"
"Tonga",2000,102653,"TON","Oceania"
"Trinidad and Tobago",2000,1319730,"TTO","Americas"
"Tunisia",2000,9764887,"TUN","Africa"
"Turkey",2000,65425910,"TUR","Asia"
"Turkmenistan",2000,4582628,"TKM","Asia"
"Turks and Caicos Islands",2000,18713,"TCA","Americas"
"Tuvalu",2000,9526,"TUV","Oceania"
"Uganda",2000,24000104,"UGA","Africa"
"Ukraine",2000,49556602,"UKR","Europe"
"United Arab Emirates",2000,3493539,"ARE","Asia"
"United Kingdom",2000,59057278,"GBR","Europe"
"United States",2000,281484082,"USA","Americas"
"United States Virgin Islands",2000,108538,"UMI","Oceania"
"Uruguay",2000,3266165,"URY","Americas"
"Uzbekistan",2000,24787003,"UZB","Asia"
"Vanuatu",2000,186239,"VUT","Oceania"
"Venezuela",2000,24526662,"VEN","Americas"
"Vietnam",2000,77153969,"VNM","Asia"
"Wallis and Futuna",2000,14755,"WLF","Oceania"
"Western Sahara",2000,271899,"ESH","Africa"
"Yemen",2000,19624093,"YEM","Asia"
"Zambia",2000,10017580,"ZMB","Africa"
"Zimbabwe",2000,11892005,"ZWE","Africa"
"Afghanistan",2001,20284252,"AFG","Asia"
"Albania",2001,3147892,"ALB","Europe"
"Algeria",2001,31331173,"DZA","Africa"
"American Samoa",2001,57033,"ASM","Oceania"
"Andorra",2001,65826,"AND","Europe"
"Angola",2001,16747158,"AGO","Africa"
"Anguilla",2001,11457,"AIA","Americas"
"Antigua and Barbuda",2001,76033,"ATG","Americas"
"Argentina",2001,37624762,"ARG","Americas"
"Armenia",2001,3084300,"ARM","Asia"
"Aruba",2001,90276,"ABW","Americas"
"Australia",2001,19365383,"AUS","Oceania"
"Austria",2001,8042189,"AUT","Europe"
"Azerbaijan",2001,8251722,"AZE","Asia"
"Bahamas",2001,327798,"BHS","Americas"
"Bahrain",2001,699926,"BHR","Asia"
"Bangladesh",2001,136805753,"BGD","Asia"
"Barbados",2001,262376,"BRB","Americas"
"Belarus",2001,9938024,"BLR","Europe"
"Belgium",2001,10286956,"BEL","Europe"
"Belize",2001,248338,"BLZ","Americas"
"Benin",2001,7445548,"BEN","Africa"
"Bermuda",2001,61840,"BMU","Americas"
"Bhutan",2001,610761,"BTN","Asia"
"Bolivia",2001,8752692,"BOL","Americas"
"Bonaire Sint Eustatius and Saba",2001,14482,"BES","Americas"
"Bosnia and Herzegovina",2001,4179394,"BIH","Europe"
"Botswana",2001,1712217,"BWA","Africa"
"Brazil",2001,176301154,"BRA","Americas"
"British Virgin Islands",2001,20770,"IOT","Africa"
"Brunei",2001,333313,"BRN","Asia"
"Bulgaria",2001,7928407,"BGR","Europe"
"Burkina Faso",2001,12294946,"BFA","Africa"
"Burundi",2001,6634321,"BDI","Africa"
"Cambodia",2001,12658434,"KHM","Asia"
"Cameroon",2001,15309439,"CMR","Africa"
"Canada",2001,31213533,"CAN","Americas"
"Cape Verde",2001,460258,"CPV","Africa"
"Cayman Islands",2001,41067,"CYM","Americas"
"Central African Republic",2001,3919444,"CAF","Africa"
"Chad",2001,8804068,"TCD","Africa"
"Chile",2001,15683809,"CHL","Americas"
"China",2001,1278725010,"CHN","Asia"
"Colombia",2001,39709209,"COL","Americas"
"Comoros",2001,547170,"COM","Africa"
"Congo",2001,3272488,"COG","Africa"
"Cook Islands",2001,15209,"COK","Oceania"
"Costa Rica",2001,4008904,"CRI","Americas"
"Cote d'Ivoire",2001,18178863,"CIV","Africa"
"Croatia",2001,4301031,"HRV","Europe"
"Cuba",2001,11144073,"CUB","Americas"
"Cyprus",2001,964078,"CYP","Asia"
"Czechia",2001,10231897,"CZE","Europe"
"Democratic Republic of Congo",2001,52132600,"COD","Africa"
"Denmark",2001,5358777,"DNK","Europe"
"Djibouti",2001,771269,"DJI","Africa"
"Dominica",2001,68255,"DMA","Americas"
"Dominican Republic",2001,8720237,"DOM","Americas"
"East Timor",2001,812199,"TLS","Asia"
"Ecuador",2001,12910685,"ECU","Americas"
"Egypt",2001,74651984,"EGY","Africa"
"El Salvador",2001,5968013,"SLV","Americas"
"Equatorial Guinea",2001,749791,"GNQ","Africa"
"Eritrea",2001,2312039,"ERI","Africa"
"Estonia",2001,1388122,"EST","Europe"
"Eswatini",2001,1051019,"SWZ","Africa"
"Ethiopia",2001,69487716,"ETH","Africa"
"Falkland Islands",2001,3136,"FLK","Americas"
"Faroe Islands",2001,46214,"FRO","Europe"
"Fiji",2001,849562,"FJI","Oceania"
"Finland",2001,5187921,"FIN","Europe"
"France",2001,59905084,"FRA","Europe"
"French Guiana",2001,168499,"GUF","Americas"
"French Polynesia",2001,244050,"PYF","Oceania"
"Gabon",2001,1309550,"GAB","Africa"
"Gambia",2001,1494977,"GMB","Africa"
"Georgia",2001,4209588,"GEO","Asia"
"Germany",2001,81933833,"DEU","Europe"
"Ghana",2001,20167023,"GHA","Africa"
"Gibraltar",2001,27635,"GIB","Europe"
"Greece",2001,10843115,"GRC","Europe"
"Greenland",2001,56394,"GRL","Americas"
"Grenada",2001,107951,"GRD","Americas"
"Guadeloupe",2001,417800,"GLP","Americas"
"Guam",2001,161282,"GUM","Oceania"
"Guatemala",2001,11969368,"GTM","Americas"
"Guernsey",2001,60433,"GGY","Europe"
"Guinea",2001,8539910,"GIN","Africa"
"Guinea-Bissau",2001,1261231,"GNB","Africa"
"Guyana",2001,764436,"GUY","Americas"
"Haiti",2001,8455867,"HTI","Americas"
"Honduras",2001,6757934,"HND","Americas"
"Hong Kong",2001,6774195,"HKG","Asia"
"Hungary",2001,10166641,"HUN","Europe"
"Iceland",2001,285010,"ISL","Europe"
"India",2001,1077898527,"IND","Asia"
"Indonesia",2001,219097854,"IDN","Asia"
"Iran",2001,67451952,"IRN","Asia"
"Iraq",2001,25197800,"IRQ","Asia"
"Ireland",2001,3862927,"IRL","Europe"
"Isle of Man",2001,76462,"IMN","Europe"
"Israel",2001,6259933,"ISR","Asia"
"Italy",2001,57305705,"ITA","Europe"
"Jamaica",2001,2624359,"JAM","Americas"
"Japan",2001,127260090,"JPN","Asia"
"Jersey",2001,88353,"JEY","Europe"
"Jordan",2001,5498858,"JOR","Asia"
"Kazakhstan",2001,15575502,"KAZ","Asia"
"Kenya",2001,31619130,"KEN","Africa"
"Kiribati",2001,90308,"KIR","Oceania"
"Kosovo",2001,1819968,"XKX","Europe"
"Kuwait",2001,2008081,"KWT","Asia"
"Kyrgyzstan",2001,5071909,"KGZ","Asia"
"Laos",2001,5521433,"LAO","Asia"
"Latvia",2001,2338248,"LVA","Europe"
"Lebanon",2001,4401866,"LBN","Asia"
"Lesotho",2001,2000816,"LSO","Africa"
"Liberia",2001,3015303,"LBR","Africa"
"Libya",2001,5403582,"LBY","Africa"
"Liechtenstein",2001,33419,"LIE","Europe"
"Lithuania",2001,3472957,"LTU","Europe"
"Luxembourg",2001,441701,"LUX","Europe"
"Macao",2001,445078,"MAC","Asia"
"Madagascar",2001,17032888,"MDG","Africa"
"Malawi",2001,11593011,"MWI","Africa"
"Malaysia",2001,23526494,"MYS","Asia"
"Maldives",2001,286742,"MDV","Asia"
"Mali",2001,11912118,"MLI","Africa"
"Malta",2001,402741,"MLT","Europe"
"Marshall Islands",2001,51097,"MHL","Oceania"
"Martinique",2001,417113,"MTQ","Americas"
"Mauritania",2001,2678724,"MRT","Africa"
"Mauritius",2001,1225767,"MUS","Africa"
"Mayotte",2001,162674,"MYT","Africa"
"Mexico",2001,100099057,"MEX","Americas"
"Micronesia (country)",2001,112320,"FSM","Oceania"
"Moldova",2001,4189717,"MDA","Europe"
"Monaco",2001,32417,"MCO","Europe"
"Mongolia",2001,2477664,"MNG","Asia"
"Montenegro",2001,633948,"MNE","Europe"
"Montserrat",2001,4573,"MSR","Americas"
"Morocco",2001,28814598,"MAR","Africa"
"Mozambique",2001,18537683,"MOZ","Africa"
"Myanmar",2001,45771087,"MMR","Asia"
"Namibia",2001,1857002,"NAM","Africa"
"Nauru",2001,10108,"NRU","Oceania"
"Nepal",2001,24946700,"NPL","Asia"
"Netherlands",2001,16182665,"NLD","Europe"
"New Caledonia",2001,227668,"NCL","Oceania"
"New Zealand",2001,3891714,"NZL","Oceania"
"Nicaragua",2001,5087777,"NIC","Americas"
"Niger",2001,11920599,"NER","Africa"
"Nigeria",2001,129862540,"NGA","Africa"
"Niue",2001,1971,"NIU","Oceania"
"North Korea",2001,23815309,"PRK","Asia"
"North Macedonia",2001,2066242,"MKD","Europe"
"Northern Mariana Islands",2001,67959,"MNP","Oceania"
"Norway",2001,4513603,"NOR","Europe"
"Oman",2001,2310176,"OMN","Asia"
"Pakistan",2001,159270863,"PAK","Asia"
"Palau",2001,19329,"PLW","Oceania"
"Palestine",2001,3242238,"PSX","Asia"
"Panama",2001,3069480,"PAN","Americas"
"Papua New Guinea",2001,5728394,"PNG","Oceania"
"Paraguay",2001,5187639,"PRY","Americas"
"Peru",2001,26964552,"PER","Americas"
"Philippines",2001,81401443,"PHL","Asia"
"Poland",2001,38247309,"POL","Europe"
"Portugal",2001,10354271,"PRT","Europe"
"Puerto Rico",2001,3812964,"PRI","Americas"
"Qatar",2001,677885,"QAT","Asia"
"Reunion",2001,772194,"REU","Africa"
"Romania",2001,21919873,"ROU","Europe"
"Russia",2001,146117233,"RUS","Europe"
"Rwanda",2001,8287041,"RWA","Africa"
"Saint Barthelemy",2001,7249,"BLM","Americas"
"Saint Helena",2001,5930,"SHN","Africa"
"Saint Kitts and Nevis",2001,45741,"KNA","Americas"
"Saint Lucia",2001,160187,"LCA","Americas"
"Saint Martin (French part)",2001,30787,"MAF","Americas"
"Saint Pierre and Miquelon",2001,6259,"SPM","Americas"
"Saint Vincent and the Grenadines",2001,113463,"VCT","Americas"
"Samoa",2001,183137,"WSM","Oceania"
"San Marino",2001,27133,"SMR","Europe"
"Sao Tome and Principe",2001,146344,"STP","Africa"
"Saudi Arabia",2001,17041344,"SAU","Asia"
"Senegal",2001,10212891,"SEN","Africa"
"Serbia",2001,7651885,"SRB","Europe"
"Seychelles",2001,84571,"SYC","Africa"
"Sierra Leone",2001,4692675,"SLE","Africa"
"Singapore",2001,4116123,"SGP","Asia"
"Sint Maarten (Dutch part)",2001,30701,"SXM","Americas"
"Slovakia",2001,5379393,"SVK","Europe"
"Slovenia",2001,1989637,"SVN","Europe"
"Solomon Islands",2001,449084,"SLB","Oceania"
"Somalia",2001,9198449,"SOM","Africa"
"South Africa",2001,47566761,"ZAF","Africa"
"South Korea",2001,47043411,"KOR","Asia"
"South Sudan",2001,6308358,"SSD","Africa"
"Spain",2001,41245551,"ESP","Europe"
"Sri Lanka",2001,19600303,"LKA","Asia"
"Sudan",2001,28516727,"SDN","Africa"
"Suriname",2001,486520,"SUR","Americas"
"Sweden",2001,8895980,"SWE","Europe"
"Switzerland",2001,7226349,"CHE","Europe"
"Syria",2001,17051298,"SYR","Asia"
"Taiwan",2001,22446204,"TWN","Asia"
"Tajikistan",2001,6407328,"TJK","Asia"
"Tanzania",2001,35198252,"TZA","Africa"
"Thailand",2001,63651090,"THA","Asia"
"Togo",2001,5277338,"TGO","Africa"
"Tokelau",2001,1851,"TKL","Oceania"
"Tonga",2001,103260,"TON","Oceania"
"Trinidad and Tobago",2001,1325528,"TTO","Americas"
"Tunisia",2001,9869638,"TUN","Africa"
"Turkey",2001,66245077,"TUR","Asia"
"Turkmenistan",2001,4675373,"TKM","Asia"
"Turks and Caicos Islands",2001,19560,"TCA","Americas"
"Tuvalu",2001,9572,"TUV","Oceania"
"Uganda",2001,24745635,"UGA","Africa"
"Ukraine",2001,49106813,"UKR","Europe"
"United Arab Emirates",2001,3723546,"ARE","Asia"
"United Kingdom",2001,59288055,"GBR","Europe"
"United States",2001,284279583,"USA","Americas"
"United States Virgin Islands",2001,108490,"UMI","Oceania"
"Uruguay",2001,3274201,"URY","Americas"
"Uzbekistan",2001,25090234,"UZB","Asia"
"Vanuatu",2001,190999,"VUT","Oceania"
"Venezuela",2001,24979886,"VEN","Americas"
"Vietnam",2001,77969304,"VNM","Asia"
"Wallis and Futuna",2001,14894,"WLF","Oceania"
"Western Sahara",2001,285154,"ESH","Africa"
"Yemen",2001,20226100,"YEM","Asia"
"Zambia",2001,10325145,"ZMB","Africa"
"Zimbabwe",2001,11971852,"ZWE","Africa"
"Afghanistan",2002,21378081,"AFG","Asia"
"Albania",2002,3134049,"ALB","Europe"
"Algeria",2002,31750790,"DZA","Africa"
"American Samoa",2002,57037,"ASM","Oceania"
"Andorra",2002,66469,"AND","Europe"
"Angola",2002,17327653,"AGO","Africa"
"Anguilla",2002,11679,"AIA","Americas"
"Antigua and Barbuda",2002,77002,"ATG","Americas"
"Argentina",2002,38029300,"ARG","Americas"
"Armenia",2002,3055592,"ARM","Asia"
"Aruba",2002,91348,"ABW","Americas"
"Australia",2002,19595306,"AUS","Oceania"
"Austria",2002,8081595,"AUT","Europe"
"Azerbaijan",2002,8326090,"AZE","Asia"
"Bahamas",2002,331575,"BHS","Americas"
"Bahrain",2002,752141,"BHR","Asia"
"Bangladesh",2002,138933610,"BGD","Asia"
"Barbados",2002,264107,"BRB","Americas"
"Belarus",2002,9873403,"BLR","Europe"
"Belgium",2002,10332929,"BEL","Europe"
"Belize",2002,255972,"BLZ","Americas"
"Benin",2002,7675382,"BEN","Africa"
"Bermuda",2002,62118,"BMU","Americas"
"Bhutan",2002,624369,"BTN","Asia"
"Bolivia",2002,8900306,"BOL","Americas"
"Bonaire Sint Eustatius and Saba",2002,14985,"BES","Americas"
"Bosnia and Herzegovina",2002,4187959,"BIH","Europe"
"Botswana",2002,1744721,"BWA","Africa"
"Brazil",2002,178503419,"BRA","Americas"
"British Virgin Islands",2002,21420,"IOT","Africa"
"Brunei",2002,340059,"BRN","Asia"
"Bulgaria",2002,7861901,"BGR","Europe"
"Burkina Faso",2002,12680857,"BFA","Africa"
"Burundi",2002,6824086,"BDI","Africa"
"Cambodia",2002,12855203,"KHM","Asia"
"Cameroon",2002,15725487,"CMR","Africa"
"Canada",2002,31535531,"CAN","Americas"
"Cape Verde",2002,467011,"CPV","Africa"
"Cayman Islands",2002,42485,"CYM","Americas"
"Central African Republic",2002,4006035,"CAF","Africa"
"Chad",2002,9116146,"TCD","Africa"
"Chile",2002,15857882,"CHL","Americas"
"China",2002,1286866794,"CHN","Asia"
"Colombia",2002,40324632,"COL","Americas"
"Comoros",2002,558876,"COM","Africa"
"Congo",2002,3350736,"COG","Africa"
"Cook Islands",2002,14942,"COK","Oceania"
"Costa Rica",2002,4075662,"CRI","Americas"
"Cote d'Ivoire",2002,18654725,"CIV","Africa"
"Croatia",2002,4305729,"HRV","Europe"
"Cuba",2002,11177376,"CUB","Americas"
"Cyprus",2002,981398,"CYP","Asia"
"Czechia",2002,10239426,"CZE","Europe"
"Democratic Republic of Congo",2002,53750475,"COD","Africa"
"Denmark",2002,5375919,"DNK","Europe"
"Djibouti",2002,795535,"DJI","Africa"
"Dominica",2002,68337,"DMA","Americas"
"Dominican Republic",2002,8852187,"DOM","Americas"
"East Timor",2002,879125,"TLS","Asia"
"Ecuador",2002,13138427,"ECU","Americas"
"Egypt",2002,76239093,"EGY","Africa"
"El Salvador",2002,5986577,"SLV","Americas"
"Equatorial Guinea",2002,797914,"GNQ","Africa"
"Eritrea",2002,2392931,"ERI","Africa"
"Estonia",2002,1379391,"EST","Europe"
"Eswatini",2002,1059406,"SWZ","Africa"
"Ethiopia",2002,71635475,"ETH","Africa"
"Falkland Islands",2002,3161,"FLK","Americas"
"Faroe Islands",2002,46809,"FRO","Europe"
"Fiji",2002,858015,"FJI","Oceania"
"Finland",2002,5200499,"FIN","Europe"
"France",2002,60327203,"FRA","Europe"
"French Guiana",2002,176674,"GUF","Americas"
"French Polynesia",2002,247735,"PYF","Oceania"
"Gabon",2002,1345082,"GAB","Africa"
"Gambia",2002,1535655,"GMB","Africa"
"Georgia",2002,4127795,"GEO","Asia"
"Germany",2002,82068282,"DEU","Europe"
"Ghana",2002,20729337,"GHA","Africa"
"Gibraltar",2002,27791,"GIB","Europe"
"Greece",2002,10890234,"GRC","Europe"
"Greenland",2002,56570,"GRL","Americas"
"Grenada",2002,108362,"GRD","Americas"
"Guadeloupe",2002,415712,"GLP","Americas"
"Guam",2002,162275,"GUM","Oceania"
"Guatemala",2002,12246875,"GTM","Americas"
"Guernsey",2002,60559,"GGY","Europe"
"Guinea",2002,8674026,"GIN","Africa"
"Guinea-Bissau",2002,1289260,"GNB","Africa"
"Guyana",2002,763605,"GUY","Americas"
"Haiti",2002,8607601,"HTI","Americas"
"Honduras",2002,6938825,"HND","Americas"
"Hong Kong",2002,6821361,"HKG","Asia"
"Hungary",2002,10138414,"HUN","Europe"
"Iceland",2002,287561,"ISL","Europe"
"India",2002,1097600334,"IND","Asia"
"Indonesia",2002,222088455,"IDN","Asia"
"Iran",2002,68011265,"IRN","Asia"
"Iraq",2002,26006512,"IRQ","Asia"
"Ireland",2002,3928386,"IRL","Europe"
"Isle of Man",2002,77243,"IMN","Europe"
"Israel",2002,6387661,"ISR","Asia"
"Italy",2002,57420578,"ITA","Europe"
"Jamaica",2002,2640532,"JAM","Americas"
"Japan",2002,127484547,"JPN","Asia"
"Jersey",2002,89266,"JEY","Europe"
"Jordan",2002,5616024,"JOR","Asia"
"Kazakhstan",2002,15656630,"KAZ","Asia"
"Kenya",2002,32629759,"KEN","Africa"
"Kiribati",2002,92233,"KIR","Oceania"
"Kosovo",2002,1829415,"XKX","Europe"
"Kuwait",2002,2059936,"KWT","Asia"
"Kyrgyzstan",2002,5116204,"KGZ","Asia"
"Laos",2002,5610839,"LAO","Asia"
"Latvia",2002,2311303,"LVA","Europe"
"Lebanon",2002,4463453,"LBN","Asia"
"Lesotho",2002,1994629,"LSO","Africa"
"Liberia",2002,3094739,"LBR","Africa"
"Libya",2002,5508364,"LBY","Africa"
"Liechtenstein",2002,33724,"LIE","Europe"
"Lithuania",2002,3444001,"LTU","Europe"
"Luxembourg",2002,446348,"LUX","Europe"
"Macao",2002,455975,"MAC","Asia"
"Madagascar",2002,17549869,"MDG","Africa"
"Malawi",2002,11880377,"MWI","Africa"
"Malaysia",2002,24102434,"MYS","Asia"
"Maldives",2002,291588,"MDV","Asia"
"Mali",2002,12287999,"MLI","Africa"
"Malta",2002,405522,"MLT","Europe"
"Marshall Islands",2002,51395,"MHL","Oceania"
"Martinique",2002,412427,"MTQ","Americas"
"Mauritania",2002,2738606,"MRT","Africa"
"Mauritius",2002,1234043,"MUS","Africa"
"Mayotte",2002,168046,"MYT","Africa"
"Mexico",2002,101548570,"MEX","Americas"
"Micronesia (country)",2002,112416,"FSM","Oceania"
"Moldova",2002,4142883,"MDA","Europe"
"Monaco",2002,32389,"MCO","Europe"
"Mongolia",2002,2500029,"MNG","Asia"
"Montenegro",2002,633716,"MNE","Europe"
"Montserrat",2002,4454,"MSR","Americas"
"Morocco",2002,29198087,"MAR","Africa"
"Mozambique",2002,18958295,"MOZ","Africa"
"Myanmar",2002,46232609,"MMR","Asia"
"Namibia",2002,1889931,"NAM","Africa"
"Nauru",2002,10069,"NRU","Oceania"
"Nepal",2002,25328943,"NPL","Asia"
"Netherlands",2002,16288002,"NLD","Europe"
"New Caledonia",2002,232191,"NCL","Oceania"
"New Zealand",2002,3951062,"NZL","Oceania"
"Nicaragua",2002,5149867,"NIC","Americas"
"Niger",2002,12349114,"NER","Africa"
"Nigeria",2002,133471947,"NGA","Africa"
"Niue",2002,1925,"NIU","Oceania"
"North Korea",2002,23943924,"PRK","Asia"
"North Macedonia",2002,2074432,"MKD","Europe"
"Northern Mariana Islands",2002,66763,"MNP","Oceania"
"Norway",2002,4537974,"NOR","Europe"
"Oman",2002,2337092,"OMN","Asia"
"Pakistan",2002,163222500,"PAK","Asia"
"Palau",2002,19485,"PLW","Oceania"
"Palestine",2002,3322327,"PSX","Asia"
"Panama",2002,3129297,"PAN","Americas"
"Papua New Guinea",2002,5923965,"PNG","Oceania"
"Paraguay",2002,5261286,"PRY","Americas"
"Peru",2002,27288162,"PER","Americas"
"Philippines",2002,83068839,"PHL","Asia"
"Poland",2002,38229357,"POL","Europe"
"Portugal",2002,10412991,"PRT","Europe"
"Puerto Rico",2002,3810656,"PRI","Americas"
"Qatar",2002,711170,"QAT","Asia"
"Reunion",2002,781251,"REU","Africa"
"Romania",2002,21769976,"ROU","Europe"
"Russia",2002,145939456,"RUS","Europe"
"Rwanda",2002,8400138,"RWA","Africa"
"Saint Barthelemy",2002,7446,"BLM","Americas"
"Saint Helena",2002,5838,"SHN","Africa"
"Saint Kitts and Nevis",2002,45996,"KNA","Americas"
"Saint Lucia",2002,161609,"LCA","Americas"
"Saint Martin (French part)",2002,31582,"MAF","Americas"
"Saint Pierre and Miquelon",2002,6233,"SPM","Americas"
"Saint Vincent and the Grenadines",2002,113322,"VCT","Americas"
"Samoa",2002,184434,"WSM","Oceania"
"San Marino",2002,27473,"SMR","Europe"
"Sao Tome and Principe",2002,149887,"STP","Africa"
"Saudi Arabia",2002,17910859,"SAU","Asia"
"Senegal",2002,10466169,"SEN","Africa"
"Serbia",2002,7616690,"SRB","Europe"
"Seychelles",2002,85830,"SYC","Africa"
"Sierra Leone",2002,4971379,"SLE","Africa"
"Singapore",2002,4146847,"SGP","Asia"
"Sint Maarten (Dutch part)",2002,30943,"SXM","Americas"
"Slovakia",2002,5377634,"SVK","Europe"
"Slovenia",2002,1991524,"SVN","Europe"
"Solomon Islands",2002,457630,"SLB","Oceania"
"Somalia",2002,9550031,"SOM","Africa"
"South Africa",2002,48019362,"ZAF","Africa"
"South Korea",2002,47299074,"KOR","Asia"
"South Sudan",2002,6596766,"SSD","Africa"
"Spain",2002,41755656,"ESP","Europe"
"Sri Lanka",2002,19805697,"LKA","Asia"
"Sudan",2002,29228670,"SDN","Africa"
"Suriname",2002,496512,"SUR","Americas"
"Sweden",2002,8924991,"SWE","Europe"
"Switzerland",2002,7278704,"CHE","Europe"
"Syria",2002,17468285,"SYR","Asia"
"Taiwan",2002,22566847,"TWN","Asia"
"Tajikistan",2002,6531615,"TJK","Asia"
"Tanzania",2002,36121250,"TZA","Africa"
"Thailand",2002,64266381,"THA","Asia"
"Togo",2002,5413233,"TGO","Africa"
"Tokelau",2002,1819,"TKL","Oceania"
"Tonga",2002,103834,"TON","Oceania"
"Trinidad and Tobago",2002,1331963,"TTO","Americas"
"Tunisia",2002,9971483,"TUN","Africa"
"Turkey",2002,67048743,"TUR","Asia"
"Turkmenistan",2002,4769411,"TKM","Asia"
"Turks and Caicos Islands",2002,20573,"TCA","Americas"
"Tuvalu",2002,9604,"TUV","Oceania"
"Uganda",2002,25532819,"UGA","Africa"
"Ukraine",2002,48677235,"UKR","Europe"
"United Arab Emirates",2002,3956774,"ARE","Asia"
"United Kingdom",2002,59540709,"GBR","Europe"
"United States",2002,287084300,"USA","Americas"
"United States Virgin Islands",2002,108387,"UMI","Oceania"
"Uruguay",2002,3278826,"URY","Americas"
"Uzbekistan",2002,25399940,"UZB","Asia"
"Vanuatu",2002,195817,"VUT","Oceania"
"Venezuela",2002,25435624,"VEN","Americas"
"Vietnam",2002,78772174,"VNM","Asia"
"Wallis and Futuna",2002,15008,"WLF","Oceania"
"Western Sahara",2002,298418,"ESH","Africa"
"Yemen",2002,20835051,"YEM","Asia"
"Zambia",2002,10647905,"ZMB","Africa"
"Zimbabwe",2002,12087610,"ZWE","Africa"
"Afghanistan",2003,22733007,"AFG","Asia"
"Albania",2003,3118038,"ALB","Europe"
"Algeria",2003,32175762,"DZA","Africa"
"American Samoa",2003,56946,"ASM","Oceania"
"Andorra",2003,69456,"AND","Europe"
"Angola",2003,17943666,"AGO","Africa"
"Anguilla",2003,11857,"AIA","Americas"
"Antigua and Barbuda",2003,77845,"ATG","Americas"
"Argentina",2003,38424224,"ARG","Americas"
"Armenia",2003,3038932,"ARM","Asia"
"Aruba",2003,92281,"ABW","Americas"
"Australia",2003,19819398,"AUS","Oceania"
"Austria",2003,8122551,"AUT","Europe"
"Azerbaijan",2003,8400486,"AZE","Asia"
"Bahamas",2003,335573,"BHS","Americas"
"Bahrain",2003,811229,"BHR","Asia"
"Bangladesh",2003,140970309,"BGD","Asia"
"Barbados",2003,265735,"BRB","Americas"
"Belarus",2003,9803112,"BLR","Europe"
"Belgium",2003,10376207,"BEL","Europe"
"Belize",2003,263743,"BLZ","Americas"
"Benin",2003,7913016,"BEN","Africa"
"Bermuda",2003,62367,"BMU","Americas"
"Bhutan",2003,637625,"BTN","Asia"
"Bolivia",2003,9050652,"BOL","Americas"
"Bonaire Sint Eustatius and Saba",2003,15611,"BES","Americas"
"Bosnia and Herzegovina",2003,4178486,"BIH","Europe"
"Botswana",2003,1775689,"BWA","Africa"
"Brazil",2003,180622646,"BRA","Americas"
"British Virgin Islands",2003,22111,"IOT","Africa"
"Brunei",2003,346597,"BRN","Asia"
"Bulgaria",2003,7804359,"BGR","Europe"
"Burkina Faso",2003,13082483,"BFA","Africa"
"Burundi",2003,7043104,"BDI","Africa"
"Cambodia",2003,13050916,"KHM","Asia"
"Cameroon",2003,16160301,"CMR","Africa"
"Canada",2003,31836434,"CAN","Americas"
"Cape Verde",2003,473337,"CPV","Africa"
"Cayman Islands",2003,43908,"CYM","Americas"
"Central African Republic",2003,4103038,"CAF","Africa"
"Chad",2003,9487772,"TCD","Africa"
"Chile",2003,16024700,"CHL","Americas"
"China",2003,1294517277,"CHN","Asia"
"Colombia",2003,40937378,"COL","Americas"
"Comoros",2003,569757,"COM","Africa"
"Congo",2003,3445696,"COG","Africa"
"Cook Islands",2003,15003,"COK","Oceania"
"Costa Rica",2003,4138747,"CRI","Americas"
"Cote d'Ivoire",2003,19125498,"CIV","Africa"
"Croatia",2003,4306636,"HRV","Europe"
"Cuba",2003,11209330,"CUB","Americas"
"Cyprus",2003,999549,"CYP","Asia"
"Czechia",2003,10248852,"CZE","Europe"
"Democratic Republic of Congo",2003,55343820,"COD","Africa"
"Denmark",2003,5390562,"DNK","Europe"
"Djibouti",2003,813490,"DJI","Africa"
"Dominica",2003,68502,"DMA","Americas"
"Dominican Republic",2003,8980573,"DOM","Americas"
"East Timor",2003,916831,"TLS","Asia"
"Ecuador",2003,13372246,"ECU","Americas"
"Egypt",2003,77853500,"EGY","Africa"
"El Salvador",2003,5998548,"SLV","Americas"
"Equatorial Guinea",2003,847820,"GNQ","Africa"
"Eritrea",2003,2493860,"ERI","Africa"
"Estonia",2003,1370799,"EST","Europe"
"Eswatini",2003,1066647,"SWZ","Africa"
"Ethiopia",2003,73832609,"ETH","Africa"
"Falkland Islands",2003,3180,"FLK","Americas"
"Faroe Islands",2003,47388,"FRO","Europe"
"Fiji",2003,866255,"FJI","Oceania"
"Finland",2003,5212916,"FIN","Europe"
"France",2003,60741072,"FRA","Europe"
"French Guiana",2003,185061,"GUF","Americas"
"French Polynesia",2003,251600,"PYF","Oceania"
"Gabon",2003,1382304,"GAB","Africa"
"Gambia",2003,1577575,"GMB","Africa"
"Georgia",2003,4085443,"GEO","Asia"
"Germany",2003,82111559,"DEU","Europe"
"Ghana",2003,21296653,"GHA","Africa"
"Gibraltar",2003,28247,"GIB","Europe"
"Greece",2003,10918420,"GRC","Europe"
"Greenland",2003,56737,"GRL","Americas"
"Grenada",2003,108852,"GRD","Americas"
"Guadeloupe",2003,413375,"GLP","Americas"
"Guam",2003,163101,"GUM","Oceania"
"Guatemala",2003,12525788,"GTM","Americas"
"Guernsey",2003,60651,"GGY","Europe"
"Guinea",2003,8870738,"GIN","Africa"
"Guinea-Bissau",2003,1318762,"GNB","Africa"
"Guyana",2003,763057,"GUY","Americas"
"Haiti",2003,8759861,"HTI","Americas"
"Honduras",2003,7119158,"HND","Americas"
"Hong Kong",2003,6858869,"HKG","Asia"
"Hungary",2003,10108909,"HUN","Europe"
"Iceland",2003,289558,"ISL","Europe"
"India",2003,1116802952,"IND","Asia"
"Indonesia",2003,225047958,"IDN","Asia"
"Iran",2003,68769299,"IRN","Asia"
"Iraq",2003,26802610,"IRQ","Asia"
"Ireland",2003,3992878,"IRL","Europe"
"Isle of Man",2003,78016,"IMN","Europe"
"Israel",2003,6502766,"ISR","Asia"
"Italy",2003,57739646,"ITA","Europe"
"Jamaica",2003,2656569,"JAM","Americas"
"Japan",2003,127671194,"JPN","Asia"
"Jersey",2003,90242,"JEY","Europe"
"Jordan",2003,5741786,"JOR","Asia"
"Kazakhstan",2003,15747335,"KAZ","Asia"
"Kenya",2003,33652182,"KEN","Africa"
"Kiribati",2003,94145,"KIR","Oceania"
"Kosovo",2003,1826391,"XKX","Europe"
"Kuwait",2003,2109842,"KWT","Asia"
"Kyrgyzstan",2003,5159387,"KGZ","Asia"
"Laos",2003,5697899,"LAO","Asia"
"Latvia",2003,2288934,"LVA","Europe"
"Lebanon",2003,4525463,"LBN","Asia"
"Lesotho",2003,1985004,"LSO","Africa"
"Liberia",2003,3119476,"LBR","Africa"
"Libya",2003,5619351,"LBY","Africa"
"Liechtenstein",2003,34036,"LIE","Europe"
"Lithuania",2003,3415225,"LTU","Europe"
"Luxembourg",2003,451802,"LUX","Europe"
"Macao",2003,469009,"MAC","Asia"
"Madagascar",2003,18071806,"MDG","Africa"
"Malawi",2003,12181526,"MWI","Africa"
"Malaysia",2003,24679556,"MYS","Asia"
"Maldives",2003,296452,"MDV","Asia"
"Mali",2003,12684910,"MLI","Africa"
"Malta",2003,408182,"MLT","Europe"
"Marshall Islands",2003,51621,"MHL","Oceania"
"Martinique",2003,408363,"MTQ","Americas"
"Mauritania",2003,2802009,"MRT","Africa"
"Mauritius",2003,1242049,"MUS","Africa"
"Mayotte",2003,171658,"MYT","Africa"
"Mexico",2003,102978472,"MEX","Americas"
"Micronesia (country)",2003,112254,"FSM","Oceania"
"Moldova",2003,4095375,"MDA","Europe"
"Monaco",2003,32347,"MCO","Europe"
"Mongolia",2003,2521755,"MNG","Asia"
"Montenegro",2003,633508,"MNE","Europe"
"Montserrat",2003,4479,"MSR","Americas"
"Morocco",2003,29571375,"MAR","Africa"
"Mozambique",2003,19392422,"MOZ","Africa"
"Myanmar",2003,46667140,"MMR","Asia"
"Namibia",2003,1917419,"NAM","Africa"
"Nauru",2003,10038,"NRU","Oceania"
"Nepal",2003,25688717,"NPL","Asia"
"Netherlands",2003,16366857,"NLD","Europe"
"New Caledonia",2003,236644,"NCL","Oceania"
"New Zealand",2003,4022538,"NZL","Oceania"
"Nicaragua",2003,5210928,"NIC","Americas"
"Niger",2003,12796931,"NER","Africa"
"Nigeria",2003,137202602,"NGA","Africa"
"Niue",2003,1888,"NIU","Oceania"
"North Korea",2003,24090345,"PRK","Asia"
"North Macedonia",2003,2081368,"MKD","Europe"
"Northern Mariana Islands",2003,65387,"MNP","Oceania"
"Norway",2003,4564617,"NOR","Europe"
"Oman",2003,2363747,"OMN","Asia"
"Pakistan",2003,167110208,"PAK","Asia"
"Palau",2003,19635,"PLW","Oceania"
"Palestine",2003,3398020,"PSX","Asia"
"Panama",2003,3189765,"PAN","Americas"
"Papua New Guinea",2003,6123949,"PNG","Oceania"
"Paraguay",2003,5326394,"PRY","Americas"
"Peru",2003,27580445,"PER","Americas"
"Philippines",2003,84731786,"PHL","Asia"
"Poland",2003,38203476,"POL","Europe"
"Portugal",2003,10454189,"PRT","Europe"
"Puerto Rico",2003,3806003,"PRI","Americas"
"Qatar",2003,744647,"QAT","Asia"
"Reunion",2003,790521,"REU","Africa"
"Romania",2003,21593390,"ROU","Europe"
"Russia",2003,145794184,"RUS","Europe"
"Rwanda",2003,8586828,"RWA","Africa"
"Saint Barthelemy",2003,7644,"BLM","Americas"
"Saint Helena",2003,5735,"SHN","Africa"
"Saint Kitts and Nevis",2003,46144,"KNA","Americas"
"Saint Lucia",2003,162943,"LCA","Americas"
"Saint Martin (French part)",2003,32367,"MAF","Americas"
"Saint Pierre and Miquelon",2003,6200,"SPM","Americas"
"Saint Vincent and the Grenadines",2003,113108,"VCT","Americas"
"Samoa",2003,185396,"WSM","Oceania"
"San Marino",2003,27825,"SMR","Europe"
"Sao Tome and Principe",2003,153780,"STP","Africa"
"Saudi Arabia",2003,18786715,"SAU","Asia"
"Senegal",2003,10721133,"SEN","Africa"
"Serbia",2003,7590893,"SRB","Europe"
"Seychelles",2003,87005,"SYC","Africa"
"Sierra Leone",2003,5177633,"SLE","Africa"
"Singapore",2003,4138194,"SGP","Asia"
"Sint Maarten (Dutch part)",2003,31296,"SXM","Americas"
"Slovakia",2003,5376146,"SVK","Europe"
"Slovenia",2003,1992449,"SVN","Europe"
"Solomon Islands",2003,466114,"SLB","Oceania"
"Somalia",2003,9909107,"SOM","Africa"
"South Africa",2003,48500305,"ZAF","Africa"
"South Korea",2003,47514113,"KOR","Asia"
"South Sudan",2003,6903072,"SSD","Africa"
"Spain",2003,42506499,"ESP","Europe"
"Sri Lanka",2003,19951470,"LKA","Asia"
"Sudan",2003,29895989,"SDN","Africa"
"Suriname",2003,506369,"SUR","Americas"
"Sweden",2003,8958387,"SWE","Europe"
"Switzerland",2003,7333404,"CHE","Europe"
"Syria",2003,17889248,"SYR","Asia"
"Taiwan",2003,22664087,"TWN","Asia"
"Tajikistan",2003,6658521,"TJK","Asia"
"Tanzania",2003,37089505,"TZA","Africa"
"Thailand",2003,64868110,"THA","Asia"
"Togo",2003,5552120,"TGO","Africa"
"Tokelau",2003,1751,"TKL","Oceania"
"Tonga",2003,104427,"TON","Oceania"
"Trinidad and Tobago",2003,1338674,"TTO","Americas"
"Tunisia",2003,10071594,"TUN","Africa"
"Turkey",2003,67831688,"TUR","Asia"
"Turkmenistan",2003,4863821,"TKM","Asia"
"Turks and Caicos Islands",2003,21706,"TCA","Americas"
"Tuvalu",2003,9672,"TUV","Oceania"
"Uganda",2003,26352074,"UGA","Africa"
"Ukraine",2003,48315085,"UKR","Europe"
"United Arab Emirates",2003,4192414,"ARE","Asia"
"United Kingdom",2003,59820332,"GBR","Europe"
"United States",2003,289908046,"USA","Americas"
"United States Virgin Islands",2003,108135,"UMI","Oceania"
"Uruguay",2003,3281135,"URY","Americas"
"Uzbekistan",2003,25711212,"UZB","Asia"
"Vanuatu",2003,200713,"VUT","Oceania"
"Venezuela",2003,25892668,"VEN","Americas"
"Vietnam",2003,79563721,"VNM","Asia"
"Wallis and Futuna",2003,15029,"WLF","Oceania"
"Western Sahara",2003,311741,"ESH","Africa"
"Yemen",2003,21456325,"YEM","Asia"
"Zambia",2003,10983561,"ZMB","Africa"
"Zimbabwe",2003,12232280,"ZWE","Africa"
"Afghanistan",2004,23560598,"AFG","Asia"
"Albania",2004,3098613,"ALB","Europe"
"Algeria",2004,32628233,"DZA","Africa"
"American Samoa",2004,56796,"ASM","Oceania"
"Andorra",2004,74295,"AND","Europe"
"Angola",2004,18600378,"AGO","Africa"
"Anguilla",2004,12046,"AIA","Americas"
"Antigua and Barbuda",2004,78677,"ATG","Americas"
"Argentina",2004,38815865,"ARG","Americas"
"Armenia",2004,3022490,"ARM","Asia"
"Aruba",2004,93173,"ABW","Americas"
"Australia",2004,20046631,"AUS","Oceania"
"Austria",2004,8173453,"AUT","Europe"
"Azerbaijan",2004,8489831,"AZE","Asia"
"Bahamas",2004,339743,"BHS","Americas"
"Bahrain",2004,871404,"BHR","Asia"
"Bangladesh",2004,142902810,"BGD","Asia"
"Barbados",2004,267247,"BRB","Americas"
"Belarus",2004,9735039,"BLR","Europe"
"Belgium",2004,10421247,"BEL","Europe"
"Belize",2004,271646,"BLZ","Americas"
"Benin",2004,8159045,"BEN","Africa"
"Bermuda",2004,62536,"BMU","Americas"
"Bhutan",2004,650515,"BTN","Asia"
"Bolivia",2004,9204246,"BOL","Americas"
"Bonaire Sint Eustatius and Saba",2004,16279,"BES","Americas"
"Bosnia and Herzegovina",2004,4140947,"BIH","Europe"
"Botswana",2004,1807107,"BWA","Africa"
"Brazil",2004,182675086,"BRA","Americas"
"British Virgin Islands",2004,22860,"IOT","Africa"
"Brunei",2004,352872,"BRN","Asia"
"Bulgaria",2004,7749383,"BGR","Europe"
"Burkina Faso",2004,13500483,"BFA","Africa"
"Burundi",2004,7310604,"BDI","Africa"
"Cambodia",2004,13244689,"KHM","Asia"
"Cameroon",2004,16610427,"CMR","Africa"
"Canada",2004,32132620,"CAN","Americas"
"Cape Verde",2004,479332,"CPV","Africa"
"Cayman Islands",2004,45320,"CYM","Americas"
"Central African Republic",2004,4192786,"CAF","Africa"
"Chad",2004,9919974,"TCD","Africa"
"Chile",2004,16187270,"CHL","Americas"
"China",2004,1302100264,"CHN","Asia"
"Colombia",2004,41543134,"COL","Americas"
"Comoros",2004,580663,"COM","Africa"
"Congo",2004,3565514,"COG","Africa"
"Cook Islands",2004,15057,"COK","Oceania"
"Costa Rica",2004,4200031,"CRI","Americas"
"Cote d'Ivoire",2004,19594946,"CIV","Africa"
"Croatia",2004,4310013,"HRV","Europe"
"Cuba",2004,11238704,"CUB","Americas"
"Cyprus",2004,1017824,"CYP","Asia"
"Czechia",2004,10261411,"CZE","Europe"
"Democratic Republic of Congo",2004,56997687,"COD","Africa"
"Denmark",2004,5404551,"DNK","Europe"
"Djibouti",2004,826097,"DJI","Africa"
"Dominica",2004,68619,"DMA","Americas"
"Dominican Republic",2004,9104842,"DOM","Americas"
"East Timor",2004,929035,"TLS","Asia"
"Ecuador",2004,13608650,"ECU","Americas"
"Egypt",2004,79477386,"EGY","Africa"
"El Salvador",2004,6004632,"SLV","Americas"
"Equatorial Guinea",2004,899879,"GNQ","Africa"
"Eritrea",2004,2598233,"ERI","Africa"
"Estonia",2004,1362623,"EST","Europe"
"Eswatini",2004,1073121,"SWZ","Africa"
"Ethiopia",2004,76077161,"ETH","Africa"
"Falkland Islands",2004,3203,"FLK","Americas"
"Faroe Islands",2004,47991,"FRO","Europe"
"Fiji",2004,874320,"FJI","Oceania"
"Finland",2004,5228095,"FIN","Europe"
"France",2004,61175198,"FRA","Europe"
"French Guiana",2004,193617,"GUF","Americas"
"French Polynesia",2004,255612,"PYF","Oceania"
"Gabon",2004,1421570,"GAB","Africa"
"Gambia",2004,1621254,"GMB","Africa"
"Georgia",2004,4056030,"GEO","Asia"
"Germany",2004,82092658,"DEU","Europe"
"Ghana",2004,21868251,"GHA","Africa"
"Gibraltar",2004,28695,"GIB","Europe"
"Greece",2004,10947321,"GRC","Europe"
"Greenland",2004,56882,"GRL","Americas"
"Grenada",2004,109297,"GRD","Americas"
"Guadeloupe",2004,410820,"GLP","Americas"
"Guam",2004,163767,"GUM","Oceania"
"Guatemala",2004,12807357,"GTM","Americas"
"Guernsey",2004,60766,"GGY","Europe"
"Guinea",2004,9062674,"GIN","Africa"
"Guinea-Bissau",2004,1349521,"GNB","Africa"
"Guyana",2004,762381,"GUY","Americas"
"Haiti",2004,8910216,"HTI","Americas"
"Honduras",2004,7298947,"HND","Americas"
"Hong Kong",2004,6888102,"HKG","Asia"
"Hungary",2004,10085736,"HUN","Europe"
"Iceland",2004,292127,"ISL","Europe"
"India",2004,1135991467,"IND","Asia"
"Indonesia",2004,227926604,"IDN","Asia"
"Iran",2004,70256267,"IRN","Asia"
"Iraq",2004,27577831,"IRQ","Asia"
"Ireland",2004,4066012,"IRL","Europe"
"Isle of Man",2004,78757,"IMN","Europe"
"Israel",2004,6615035,"ISR","Asia"
"Italy",2004,58176688,"ITA","Europe"
"Jamaica",2004,2672182,"JAM","Americas"
"Japan",2004,127815728,"JPN","Asia"
"Jersey",2004,91223,"JEY","Europe"
"Jordan",2004,5882015,"JOR","Asia"
"Kazakhstan",2004,15850121,"KAZ","Asia"
"Kenya",2004,34713403,"KEN","Africa"
"Kiribati",2004,96048,"KIR","Oceania"
"Kosovo",2004,1822729,"XKX","Europe"
"Kuwait",2004,2157272,"KWT","Asia"
"Kyrgyzstan",2004,5202994,"KGZ","Asia"
"Laos",2004,5781583,"LAO","Asia"
"Latvia",2004,2264130,"LVA","Europe"
"Lebanon",2004,4599237,"LBN","Asia"
"Lesotho",2004,1971085,"LSO","Africa"
"Liberia",2004,3156848,"LBR","Africa"
"Libya",2004,5736648,"LBY","Africa"
"Liechtenstein",2004,34362,"LIE","Europe"
"Lithuania",2004,3376654,"LTU","Europe"
"Luxembourg",2004,458256,"LUX","Europe"
"Macao",2004,482157,"MAC","Asia"
"Madagascar",2004,18606549,"MDG","Africa"
"Malawi",2004,12500688,"MWI","Africa"
"Malaysia",2004,25256718,"MYS","Asia"
"Maldives",2004,301365,"MDV","Asia"
"Mali",2004,13102365,"MLI","Africa"
"Malta",2004,410752,"MLT","Europe"
"Marshall Islands",2004,51762,"MHL","Oceania"
"Martinique",2004,405049,"MTQ","Americas"
"Mauritania",2004,2868626,"MRT","Africa"
"Mauritius",2004,1249747,"MUS","Africa"
"Mayotte",2004,175003,"MYT","Africa"
"Mexico",2004,104394075,"MEX","Americas"
"Micronesia (country)",2004,111893,"FSM","Oceania"
"Moldova",2004,4046617,"MDA","Europe"
"Monaco",2004,32291,"MCO","Europe"
"Mongolia",2004,2542754,"MNG","Asia"
"Montenegro",2004,633704,"MNE","Europe"
"Montserrat",2004,4508,"MSR","Americas"
"Morocco",2004,29952970,"MAR","Africa"
"Mozambique",2004,19840266,"MOZ","Africa"
"Myanmar",2004,47068726,"MMR","Asia"
"Namibia",2004,1942050,"NAM","Africa"
"Nauru",2004,10056,"NRU","Oceania"
"Nepal",2004,26016606,"NPL","Asia"
"Netherlands",2004,16425521,"NLD","Europe"
"New Caledonia",2004,240815,"NCL","Oceania"
"New Zealand",2004,4083857,"NZL","Oceania"
"Nicaragua",2004,5272850,"NIC","Americas"
"Niger",2004,13265788,"NER","Africa"
"Nigeria",2004,141056995,"NGA","Africa"
"Niue",2004,1849,"NIU","Oceania"
"North Korea",2004,24254897,"PRK","Asia"
"North Macedonia",2004,2086534,"MKD","Europe"
"Northern Mariana Islands",2004,63907,"MNP","Oceania"
"Norway",2004,4591693,"NOR","Europe"
"Oman",2004,2404771,"OMN","Asia"
"Pakistan",2004,171285944,"PAK","Asia"
"Palau",2004,19789,"PLW","Oceania"
"Palestine",2004,3475136,"PSX","Asia"
"Panama",2004,3251113,"PAN","Americas"
"Papua New Guinea",2004,6327993,"PNG","Oceania"
"Paraguay",2004,5388133,"PRY","Americas"
"Peru",2004,27852131,"PER","Americas"
"Philippines",2004,86394464,"PHL","Asia"
"Poland",2004,38167521,"POL","Europe"
"Portugal",2004,10481336,"PRT","Europe"
"Puerto Rico",2004,3798608,"PRI","Americas"
"Qatar",2004,773295,"QAT","Asia"
"Reunion",2004,796956,"REU","Africa"
"Romania",2004,21403163,"ROU","Europe"
"Russia",2004,145180052,"RUS","Europe"
"Rwanda",2004,8816799,"RWA","Africa"
"Saint Barthelemy",2004,7829,"BLM","Americas"
"Saint Helena",2004,5642,"SHN","Africa"
"Saint Kitts and Nevis",2004,46287,"KNA","Americas"
"Saint Lucia",2004,164207,"LCA","Americas"
"Saint Martin (French part)",2004,33151,"MAF","Americas"
"Saint Pierre and Miquelon",2004,6157,"SPM","Americas"
"Saint Vincent and the Grenadines",2004,112809,"VCT","Americas"
"Samoa",2004,186219,"WSM","Oceania"
"San Marino",2004,28178,"SMR","Europe"
"Sao Tome and Principe",2004,157681,"STP","Africa"
"Saudi Arabia",2004,19669438,"SAU","Asia"
"Senegal",2004,10975659,"SEN","Africa"
"Serbia",2004,7565790,"SRB","Europe"
"Seychelles",2004,88127,"SYC","Africa"
"Sierra Leone",2004,5355672,"SLE","Africa"
"Singapore",2004,4172716,"SGP","Asia"
"Sint Maarten (Dutch part)",2004,31670,"SXM","Americas"
"Slovakia",2004,5375995,"SVK","Europe"
"Slovenia",2004,1993503,"SVN","Europe"
"Solomon Islands",2004,474559,"SLB","Oceania"
"Somalia",2004,10280947,"SOM","Africa"
"South Africa",2004,48991365,"ZAF","Africa"
"South Korea",2004,47697022,"KOR","Asia"
"South Sudan",2004,7232987,"SSD","Africa"
"Spain",2004,43234511,"ESP","Europe"
"Sri Lanka",2004,20087563,"LKA","Asia"
"Sudan",2004,30556584,"SDN","Africa"
"Suriname",2004,513886,"SUR","Americas"
"Sweden",2004,8993754,"SWE","Europe"
"Switzerland",2004,7384137,"CHE","Europe"
"Syria",2004,18336839,"SYR","Asia"
"Taiwan",2004,22745385,"TWN","Asia"
"Tajikistan",2004,6790502,"TJK","Asia"
"Tanzania",2004,38109614,"TZA","Africa"
"Thailand",2004,65451997,"THA","Asia"
"Togo",2004,5696467,"TGO","Africa"
"Tokelau",2004,1677,"TKL","Oceania"
"Tonga",2004,105043,"TON","Oceania"
"Trinidad and Tobago",2004,1345344,"TTO","Americas"
"Tunisia",2004,10166114,"TUN","Africa"
"Turkey",2004,68592567,"TUR","Asia"
"Turkmenistan",2004,4958043,"TKM","Asia"
"Turks and Caicos Islands",2004,22836,"TCA","Americas"
"Tuvalu",2004,9796,"TUV","Oceania"
"Uganda",2004,27154465,"UGA","Africa"
"Ukraine",2004,47979445,"UKR","Europe"
"United Arab Emirates",2004,4428915,"ARE","Asia"
"United Kingdom",2004,60169911,"GBR","Europe"
"United States",2004,292786200,"USA","Americas"
"United States Virgin Islands",2004,107806,"UMI","Oceania"
"Uruguay",2004,3283108,"URY","Americas"
"Uzbekistan",2004,26029305,"UZB","Asia"
"Vanuatu",2004,205676,"VUT","Oceania"
"Venezuela",2004,26340788,"VEN","Americas"
"Vietnam",2004,80338926,"VNM","Asia"
"Wallis and Futuna",2004,14876,"WLF","Oceania"
"Western Sahara",2004,325140,"ESH","Africa"
"Yemen",2004,22095118,"YEM","Asia"
"Zambia",2004,11338148,"ZMB","Africa"
"Zimbabwe",2004,12365847,"ZWE","Africa"
"Afghanistan",2005,24404520,"AFG","Asia"
"Albania",2005,3076108,"ALB","Europe"
"Algeria",2005,33109211,"DZA","Africa"
"American Samoa",2005,56591,"ASM","Oceania"
"Andorra",2005,77390,"AND","Europe"
"Angola",2005,19291121,"AGO","Africa"
"Anguilla",2005,12244,"AIA","Americas"
"Antigua and Barbuda",2005,79579,"ATG","Americas"
"Argentina",2005,39216734,"ARG","Americas"
"Armenia",2005,3006305,"ARM","Asia"
"Aruba",2005,94198,"ABW","Americas"
"Australia",2005,20294430,"AUS","Oceania"
"Austria",2005,8229148,"AUT","Europe"
"Azerbaijan",2005,8597205,"AZE","Asia"
"Bahamas",2005,343857,"BHS","Americas"
"Bahrain",2005,932571,"BHR","Asia"
"Bangladesh",2005,144715747,"BGD","Asia"
"Barbados",2005,268672,"BRB","Americas"
"Belarus",2005,9667778,"BLR","Europe"
"Belgium",2005,10478829,"BEL","Europe"
"Belize",2005,279698,"BLZ","Americas"
"Benin",2005,8426103,"BEN","Africa"
"Bermuda",2005,62690,"BMU","Americas"
"Bhutan",2005,661827,"BTN","Asia"
"Bolivia",2005,9360702,"BOL","Americas"
"Bonaire Sint Eustatius and Saba",2005,16956,"BES","Americas"
"Bosnia and Herzegovina",2005,4096437,"BIH","Europe"
"Botswana",2005,1839833,"BWA","Africa"
"Brazil",2005,184688047,"BRA","Americas"
"British Virgin Islands",2005,23656,"IOT","Africa"
"Brunei",2005,358878,"BRN","Asia"
"Bulgaria",2005,7695001,"BGR","Europe"
"Burkina Faso",2005,13932081,"BFA","Africa"
"Burundi",2005,7587267,"BDI","Africa"
"Cambodia",2005,13439152,"KHM","Asia"
"Cameroon",2005,17074551,"CMR","Africa"
"Canada",2005,32440126,"CAN","Americas"
"Cape Verde",2005,485079,"CPV","Africa"
"Cayman Islands",2005,46765,"CYM","Americas"
"Central African Republic",2005,4288762,"CAF","Africa"
"Chad",2005,10328047,"TCD","Africa"
"Chile",2005,16348730,"CHL","Americas"
"China",2005,1310027084,"CHN","Asia"
"Colombia",2005,42128928,"COL","Americas"
"Comoros",2005,592627,"COM","Africa"
"Congo",2005,3696336,"COG","Africa"
"Cook Islands",2005,15105,"COK","Oceania"
"Costa Rica",2005,4261187,"CRI","Americas"
"Cote d'Ivoire",2005,20068424,"CIV","Africa"
"Croatia",2005,4313901,"HRV","Europe"
"Cuba",2005,11262507,"CUB","Americas"
"Cyprus",2005,1036110,"CYP","Asia"
"Czechia",2005,10280103,"CZE","Europe"
"Democratic Republic of Congo",2005,58775669,"COD","Africa"
"Denmark",2005,5419506,"DNK","Europe"
"Djibouti",2005,839126,"DJI","Africa"
"Dominica",2005,68704,"DMA","Americas"
"Dominican Republic",2005,9224982,"DOM","Americas"
"East Timor",2005,948260,"TLS","Asia"
"Ecuador",2005,13846112,"ECU","Americas"
"Egypt",2005,81100965,"EGY","Africa"
"El Salvador",2005,6005527,"SLV","Americas"
"Equatorial Guinea",2005,947312,"GNQ","Africa"
"Eritrea",2005,2661163,"ERI","Africa"
"Estonia",2005,1354799,"EST","Europe"
"Eswatini",2005,1078975,"SWZ","Africa"
"Ethiopia",2005,78367414,"ETH","Africa"
"Falkland Islands",2005,3206,"FLK","Americas"
"Faroe Islands",2005,48326,"FRO","Europe"
"Fiji",2005,882337,"FJI","Oceania"
"Finland",2005,5246037,"FIN","Europe"
"France",2005,61624978,"FRA","Europe"
"French Guiana",2005,202403,"GUF","Americas"
"French Polynesia",2005,259477,"PYF","Oceania"
"Gabon",2005,1463455,"GAB","Africa"
"Gambia",2005,1666989,"GMB","Africa"
"Georgia",2005,4026093,"GEO","Asia"
"Germany",2005,82046684,"DEU","Europe"
"Ghana",2005,22449390,"GHA","Africa"
"Gibraltar",2005,29144,"GIB","Europe"
"Greece",2005,10981291,"GRC","Europe"
"Greenland",2005,56917,"GRL","Americas"
"Grenada",2005,109688,"GRD","Americas"
"Guadeloupe",2005,408033,"GLP","Americas"
"Guam",2005,164319,"GUM","Oceania"
"Guatemala",2005,13087587,"GTM","Americas"
"Guernsey",2005,60859,"GGY","Europe"
"Guinea",2005,9245791,"GIN","Africa"
"Guinea-Bissau",2005,1381545,"GNB","Africa"
"Guyana",2005,760874,"GUY","Americas"
"Haiti",2005,9061223,"HTI","Americas"
"Honduras",2005,7478314,"HND","Americas"
"Hong Kong",2005,6908426,"HKG","Asia"
"Hungary",2005,10065654,"HUN","Europe"
"Iceland",2005,296803,"ISL","Europe"
"India",2005,1154676277,"IND","Asia"
"Indonesia",2005,230871600,"IDN","Asia"
"Iran",2005,71828417,"IRN","Asia"
"Iraq",2005,28407405,"IRQ","Asia"
"Ireland",2005,4155232,"IRL","Europe"
"Isle of Man",2005,79501,"IMN","Europe"
"Israel",2005,6728156,"ISR","Asia"
"Italy",2005,58519638,"ITA","Europe"
"Jamaica",2005,2687020,"JAM","Americas"
"Japan",2005,127913277,"JPN","Asia"
"Jersey",2005,92217,"JEY","Europe"
"Jordan",2005,6029554,"JOR","Asia"
"Kazakhstan",2005,15968071,"KAZ","Asia"
"Kenya",2005,35796433,"KEN","Africa"
"Kiribati",2005,98007,"KIR","Oceania"
"Kosovo",2005,1818304,"XKX","Europe"
"Kuwait",2005,2236749,"KWT","Asia"
"Kyrgyzstan",2005,5246288,"KGZ","Asia"
"Laos",2005,5869478,"LAO","Asia"
"Latvia",2005,2239738,"LVA","Europe"
"Lebanon",2005,4671056,"LBN","Asia"
"Lesotho",2005,1953032,"LSO","Africa"
"Liberia",2005,3300982,"LBR","Africa"
"Libya",2005,5858740,"LBY","Africa"
"Liechtenstein",2005,34681,"LIE","Europe"
"Lithuania",2005,3322225,"LTU","Europe"
"Luxembourg",2005,465327,"LUX","Europe"
"Macao",2005,495372,"MAC","Asia"
"Madagascar",2005,19159663,"MDG","Africa"
"Malawi",2005,12839988,"MWI","Africa"
"Malaysia",2005,25836027,"MYS","Asia"
"Maldives",2005,306384,"MDV","Asia"
"Mali",2005,13538607,"MLI","Africa"
"Malta",2005,413274,"MLT","Europe"
"Marshall Islands",2005,51884,"MHL","Oceania"
"Martinique",2005,401794,"MTQ","Americas"
"Mauritania",2005,2939021,"MRT","Africa"
"Mauritius",2005,1257166,"MUS","Africa"
"Mayotte",2005,179567,"MYT","Africa"
"Mexico",2005,105811451,"MEX","Americas"
"Micronesia (country)",2005,111372,"FSM","Oceania"
"Moldova",2005,3988618,"MDA","Europe"
"Monaco",2005,32187,"MCO","Europe"
"Mongolia",2005,2563418,"MNG","Asia"
"Montenegro",2005,634003,"MNE","Europe"
"Montserrat",2005,4529,"MSR","Americas"
"Morocco",2005,30358088,"MAR","Africa"
"Mozambique",2005,20304530,"MOZ","Africa"
"Myanmar",2005,47438305,"MMR","Asia"
"Namibia",2005,1966542,"NAM","Africa"
"Nauru",2005,10039,"NRU","Oceania"
"Nepal",2005,26309414,"NPL","Asia"
"Netherlands",2005,16465658,"NLD","Europe"
"New Caledonia",2005,244339,"NCL","Oceania"
"New Zealand",2005,4134949,"NZL","Oceania"
"Nicaragua",2005,5342053,"NIC","Americas"
"Niger",2005,13756146,"NER","Africa"
"Nigeria",2005,145017214,"NGA","Africa"
"Niue",2005,1811,"NIU","Oceania"
"North Korea",2005,24396381,"PRK","Asia"
"North Macedonia",2005,2089764,"MKD","Europe"
"Northern Mariana Islands",2005,62330,"MNP","Oceania"
"Norway",2005,4623060,"NOR","Europe"
"Oman",2005,2459758,"OMN","Asia"
"Pakistan",2005,175453160,"PAK","Asia"
"Palau",2005,19797,"PLW","Oceania"
"Palestine",2005,3557364,"PSX","Asia"
"Panama",2005,3312982,"PAN","Americas"
"Papua New Guinea",2005,6535860,"PNG","Oceania"
"Paraguay",2005,5448045,"PRY","Americas"
"Peru",2005,28101118,"PER","Americas"
"Philippines",2005,88015905,"PHL","Asia"
"Poland",2005,38124333,"POL","Europe"
"Portugal",2005,10502943,"PRT","Europe"
"Puerto Rico",2005,3788359,"PRI","Americas"
"Qatar",2005,825378,"QAT","Asia"
"Reunion",2005,800176,"REU","Africa"
"Romania",2005,21213352,"ROU","Europe"
"Russia",2005,144597838,"RUS","Europe"
"Rwanda",2005,9054488,"RWA","Africa"
"Saint Barthelemy",2005,8014,"BLM","Americas"
"Saint Helena",2005,5530,"SHN","Africa"
"Saint Kitts and Nevis",2005,46412,"KNA","Americas"
"Saint Lucia",2005,165420,"LCA","Americas"
"Saint Martin (French part)",2005,33906,"MAF","Americas"
"Saint Pierre and Miquelon",2005,6093,"SPM","Americas"
"Saint Vincent and the Grenadines",2005,112420,"VCT","Americas"
"Samoa",2005,186940,"WSM","Oceania"
"San Marino",2005,28551,"SMR","Europe"
"Sao Tome and Principe",2005,161603,"STP","Africa"
"Saudi Arabia",2005,20559827,"SAU","Asia"
"Senegal",2005,11235423,"SEN","Africa"
"Serbia",2005,7539095,"SRB","Europe"
"Seychelles",2005,89235,"SYC","Africa"
"Sierra Leone",2005,5501660,"SLE","Africa"
"Singapore",2005,4268321,"SGP","Asia"
"Sint Maarten (Dutch part)",2005,32042,"SXM","Americas"
"Slovakia",2005,5376650,"SVK","Europe"
"Slovenia",2005,1996858,"SVN","Europe"
"Solomon Islands",2005,483049,"SLB","Oceania"
"Somalia",2005,10644178,"SOM","Africa"
"South Africa",2005,49489992,"ZAF","Africa"
"South Korea",2005,47851594,"KOR","Asia"
"South Sudan",2005,7590093,"SSD","Africa"
"Spain",2005,43958840,"ESP","Europe"
"Sri Lanka",2005,20216481,"LKA","Asia"
"Sudan",2005,31262402,"SDN","Africa"
"Suriname",2005,519275,"SUR","Americas"
"Sweden",2005,9029713,"SWE","Europe"
"Switzerland",2005,7431778,"CHE","Europe"
"Syria",2005,18814043,"SYR","Asia"
"Taiwan",2005,22824882,"TWN","Asia"
"Tajikistan",2005,6924675,"TJK","Asia"
"Tanzania",2005,39182037,"TZA","Africa"
"Thailand",2005,66017363,"THA","Asia"
"Togo",2005,5844590,"TGO","Africa"
"Tokelau",2005,1614,"TKL","Oceania"
"Tonga",2005,105633,"TON","Oceania"
"Trinidad and Tobago",2005,1351993,"TTO","Americas"
"Tunisia",2005,10255431,"TUN","Africa"
"Turkey",2005,69329509,"TUR","Asia"
"Turkmenistan",2005,5052212,"TKM","Asia"
"Turks and Caicos Islands",2005,23968,"TCA","Americas"
"Tuvalu",2005,9922,"TUV","Oceania"
"Uganda",2005,27963231,"UGA","Africa"
"Ukraine",2005,47585510,"UKR","Europe"
"United Arab Emirates",2005,4664749,"ARE","Asia"
"United Kingdom",2005,60596057,"GBR","Europe"
"United States",2005,295716618,"USA","Americas"
"United States Virgin Islands",2005,107568,"UMI","Oceania"
"Uruguay",2005,3285727,"URY","Americas"
"Uzbekistan",2005,26356932,"UZB","Asia"
"Vanuatu",2005,210722,"VUT","Oceania"
"Venezuela",2005,26785743,"VEN","Americas"
"Vietnam",2005,81088259,"VNM","Asia"
"Wallis and Futuna",2005,14590,"WLF","Oceania"
"Western Sahara",2005,338651,"ESH","Africa"
"Yemen",2005,22790036,"YEM","Asia"
"Zambia",2005,11718768,"ZMB","Africa"
"Zimbabwe",2005,12483384,"ZWE","Africa"
"Afghanistan",2006,25424050,"AFG","Asia"
"Albania",2006,3050754,"ALB","Europe"
"Algeria",2006,33623459,"DZA","Africa"
"American Samoa",2006,56340,"ASM","Oceania"
"Andorra",2006,79552,"AND","Europe"
"Angola",2006,20015238,"AGO","Africa"
"Anguilla",2006,12449,"AIA","Americas"
"Antigua and Barbuda",2006,80566,"ATG","Americas"
"Argentina",2006,39622060,"ARG","Americas"
"Armenia",2006,2990317,"ARM","Asia"
"Aruba",2006,95355,"ABW","Americas"
"Australia",2006,20590515,"AUS","Oceania"
"Austria",2006,8269852,"AUT","Europe"
"Azerbaijan",2006,8711329,"AZE","Asia"
"Bahamas",2006,348333,"BHS","Americas"
"Bahrain",2006,994573,"BHR","Asia"
"Bangladesh",2006,146405934,"BGD","Asia"
"Barbados",2006,269966,"BRB","Americas"
"Belarus",2006,9607999,"BLR","Europe"
"Belgium",2006,10548397,"BEL","Europe"
"Belize",2006,287841,"BLZ","Americas"
"Benin",2006,8693194,"BEN","Africa"
"Bermuda",2006,62806,"BMU","Americas"
"Bhutan",2006,670755,"BTN","Asia"
"Bolivia",2006,9521625,"BOL","Americas"
"Bonaire Sint Eustatius and Saba",2006,17653,"BES","Americas"
"Bosnia and Herzegovina",2006,4063222,"BIH","Europe"
"Botswana",2006,1874480,"BWA","Africa"
"Brazil",2006,186653053,"BRA","Americas"
"British Virgin Islands",2006,24476,"IOT","Africa"
"Brunei",2006,364613,"BRN","Asia"
"Bulgaria",2006,7640243,"BGR","Europe"
"Burkina Faso",2006,14373659,"BFA","Africa"
"Burundi",2006,7865501,"BDI","Africa"
"Cambodia",2006,13638973,"KHM","Asia"
"Cameroon",2006,17550365,"CMR","Africa"
"Canada",2006,32759122,"CAN","Americas"
"Cape Verde",2006,490681,"CPV","Africa"
"Cayman Islands",2006,48203,"CYM","Americas"
"Central African Republic",2006,4377527,"CAF","Africa"
"Chad",2006,10706385,"TCD","Africa"
"Chile",2006,16509144,"CHL","Americas"
"China",2006,1318053984,"CHN","Asia"
"Colombia",2006,42691022,"COL","Americas"
"Comoros",2006,604706,"COM","Africa"
"Congo",2006,3837364,"COG","Africa"
"Cook Islands",2006,15197,"COK","Oceania"
"Costa Rica",2006,4321299,"CRI","Americas"
"Cote d'Ivoire",2006,20546760,"CIV","Africa"
"Croatia",2006,4315751,"HRV","Europe"
"Cuba",2006,11278506,"CUB","Americas"
"Cyprus",2006,1054370,"CYP","Asia"
"Czechia",2006,10304542,"CZE","Europe"
"Democratic Republic of Congo",2006,60615860,"COD","Africa"
"Denmark",2006,5437380,"DNK","Europe"
"Djibouti",2006,855714,"DJI","Africa"
"Dominica",2006,68778,"DMA","Americas"
"Dominican Republic",2006,9341136,"DOM","Americas"
"East Timor",2006,976564,"TLS","Asia"
"Ecuador",2006,14086093,"ECU","Americas"
"Egypt",2006,82700350,"EGY","Africa"
"El Salvador",2006,6002275,"SLV","Americas"
"Equatorial Guinea",2006,990297,"GNQ","Africa"
"Eritrea",2006,2703447,"ERI","Africa"
"Estonia",2006,1346833,"EST","Europe"
"Eswatini",2006,1084396,"SWZ","Africa"
"Ethiopia",2006,80703444,"ETH","Africa"
"Falkland Islands",2006,3219,"FLK","Americas"
"Faroe Islands",2006,48405,"FRO","Europe"
"Fiji",2006,890316,"FJI","Oceania"
"Finland",2006,5266198,"FIN","Europe"
"France",2006,62049790,"FRA","Europe"
"French Guiana",2006,210936,"GUF","Americas"
"French Polynesia",2006,263187,"PYF","Oceania"
"Gabon",2006,1508281,"GAB","Africa"
"Gambia",2006,1715238,"GMB","Africa"
"Georgia",2006,3996533,"GEO","Asia"
"Germany",2006,81701921,"DEU","Europe"
"Ghana",2006,23040661,"GHA","Africa"
"Gibraltar",2006,29572,"GIB","Europe"
"Greece",2006,11016060,"GRC","Europe"
"Greenland",2006,56858,"GRL","Americas"
"Grenada",2006,110096,"GRD","Americas"
"Guadeloupe",2006,407180,"GLP","Americas"
"Guam",2006,164799,"GUM","Oceania"
"Guatemala",2006,13367408,"GTM","Americas"
"Guernsey",2006,60969,"GGY","Europe"
"Guinea",2006,9441133,"GIN","Africa"
"Guinea-Bissau",2006,1415265,"GNB","Africa"
"Guyana",2006,758924,"GUY","Americas"
"Haiti",2006,9216519,"HTI","Americas"
"Honduras",2006,7656787,"HND","Americas"
"Hong Kong",2006,6931043,"HKG","Asia"
"Hungary",2006,10049900,"HUN","Europe"
"Iceland",2006,303836,"ISL","Europe"
"India",2006,1172878840,"IND","Asia"
"Indonesia",2006,233951608,"IDN","Asia"
"Iran",2006,73392696,"IRN","Asia"
"Iraq",2006,28616456,"IRQ","Asia"
"Ireland",2006,4268715,"IRL","Europe"
"Isle of Man",2006,80266,"IMN","Europe"
"Israel",2006,6843981,"ISR","Asia"
"Italy",2006,58754384,"ITA","Europe"
"Jamaica",2006,2700922,"JAM","Americas"
"Japan",2006,127997206,"JPN","Asia"
"Jersey",2006,93200,"JEY","Europe"
"Jordan",2006,6427322,"JOR","Asia"
"Kazakhstan",2006,16103670,"KAZ","Asia"
"Kenya",2006,36903955,"KEN","Africa"
"Kiribati",2006,99980,"KIR","Oceania"
"Kosovo",2006,1813030,"XKX","Europe"
"Kuwait",2006,2364699,"KWT","Asia"
"Kyrgyzstan",2006,5282401,"KGZ","Asia"
"Laos",2006,5963146,"LAO","Asia"
"Latvia",2006,2218989,"LVA","Europe"
"Lebanon",2006,4751095,"LBN","Asia"
"Lesotho",2006,1945025,"LSO","Africa"
"Liberia",2006,3490739,"LBR","Africa"
"Libya",2006,5980165,"LBY","Africa"
"Liechtenstein",2006,34950,"LIE","Europe"
"Lithuania",2006,3269761,"LTU","Europe"
"Luxembourg",2006,472821,"LUX","Europe"
"Macao",2006,508710,"MAC","Asia"
"Madagascar",2006,19730869,"MDG","Africa"
"Malawi",2006,13198644,"MWI","Africa"
"Malaysia",2006,26417859,"MYS","Asia"
"Maldives",2006,313823,"MDV","Asia"
"Mali",2006,13990097,"MLI","Africa"
"Malta",2006,415411,"MLT","Europe"
"Marshall Islands",2006,51972,"MHL","Oceania"
"Martinique",2006,400409,"MTQ","Americas"
"Mauritania",2006,3013615,"MRT","Africa"
"Mauritius",2006,1263732,"MUS","Africa"
"Mayotte",2006,184959,"MYT","Africa"
"Mexico",2006,107253625,"MEX","Americas"
"Micronesia (country)",2006,110695,"FSM","Oceania"
"Moldova",2006,3921257,"MDA","Europe"
"Monaco",2006,32038,"MCO","Europe"
"Mongolia",2006,2584714,"MNG","Asia"
"Montenegro",2006,633821,"MNE","Europe"
"Montserrat",2006,4562,"MSR","Americas"
"Morocco",2006,30771131,"MAR","Africa"
"Mozambique",2006,20787045,"MOZ","Africa"
"Myanmar",2006,47785085,"MMR","Asia"
"Namibia",2006,1991841,"NAM","Africa"
"Nauru",2006,10019,"NRU","Oceania"
"Nepal",2006,26565390,"NPL","Asia"
"Netherlands",2006,16493808,"NLD","Europe"
"New Caledonia",2006,247510,"NCL","Oceania"
"New Zealand",2006,4181891,"NZL","Oceania"
"Nicaragua",2006,5418799,"NIC","Americas"
"Niger",2006,14268544,"NER","Africa"
"Nigeria",2006,149077277,"NGA","Africa"
"Niue",2006,1773,"NIU","Oceania"
"North Korea",2006,24524454,"PRK","Asia"
"North Macedonia",2006,2089193,"MKD","Europe"
"Northern Mariana Islands",2006,60646,"MNP","Oceania"
"Norway",2006,4660441,"NOR","Europe"
"Oman",2006,2514741,"OMN","Asia"
"Pakistan",2006,179682648,"PAK","Asia"
"Palau",2006,19571,"PLW","Oceania"
"Palestine",2006,3645057,"PSX","Asia"
"Panama",2006,3374971,"PAN","Americas"
"Papua New Guinea",2006,6747681,"PNG","Oceania"
"Paraguay",2006,5505102,"PRY","Americas"
"Peru",2006,28324448,"PER","Americas"
"Philippines",2006,89508940,"PHL","Asia"
"Poland",2006,38071124,"POL","Europe"
"Portugal",2006,10524070,"PRT","Europe"
"Puerto Rico",2006,3776169,"PRI","Americas"
"Qatar",2006,972793,"QAT","Asia"
"Reunion",2006,806637,"REU","Africa"
"Romania",2006,21035673,"ROU","Europe"
"Russia",2006,144102900,"RUS","Europe"
"Rwanda",2006,9299203,"RWA","Africa"
"Saint Barthelemy",2006,8202,"BLM","Americas"
"Saint Helena",2006,5413,"SHN","Africa"
"Saint Kitts and Nevis",2006,46544,"KNA","Americas"
"Saint Lucia",2006,166622,"LCA","Americas"
"Saint Martin (French part)",2006,34639,"MAF","Americas"
"Saint Pierre and Miquelon",2006,6051,"SPM","Americas"
"Saint Vincent and the Grenadines",2006,111976,"VCT","Americas"
"Samoa",2006,187686,"WSM","Oceania"
"San Marino",2006,28911,"SMR","Europe"
"Sao Tome and Principe",2006,165608,"STP","Africa"
"Saudi Arabia",2006,21459088,"SAU","Asia"
"Senegal",2006,11500045,"SEN","Africa"
"Serbia",2006,7511339,"SRB","Europe"
"Seychelles",2006,90347,"SYC","Africa"
"Sierra Leone",2006,5624421,"SLE","Africa"
"Singapore",2006,4407007,"SGP","Asia"
"Sint Maarten (Dutch part)",2006,32403,"SXM","Americas"
"Slovakia",2006,5376793,"SVK","Europe"
"Slovenia",2006,2003069,"SVN","Europe"
"Solomon Islands",2006,491552,"SLB","Oceania"
"Somalia",2006,10975449,"SOM","Africa"
"South Africa",2006,49998227,"ZAF","Africa"
"South Korea",2006,48006467,"KOR","Asia"
"South Sudan",2006,7976474,"SSD","Africa"
"Spain",2006,44695400,"ESP","Europe"
"Sri Lanka",2006,20352372,"LKA","Asia"
"Sudan",2006,31992384,"SDN","Africa"
"Suriname",2006,524954,"SUR","Americas"
"Sweden",2006,9080584,"SWE","Europe"
"Switzerland",2006,7478464,"CHE","Europe"
"Syria",2006,19636966,"SYR","Asia"
"Taiwan",2006,22914594,"TWN","Asia"
"Tajikistan",2006,7057521,"TJK","Asia"
"Tanzania",2006,40294845,"TZA","Africa"
"Thailand",2006,66567647,"THA","Asia"
"Togo",2006,6010623,"TGO","Africa"
"Tokelau",2006,1557,"TKL","Oceania"
"Tonga",2006,106220,"TON","Oceania"
"Trinidad and Tobago",2006,1358660,"TTO","Americas"
"Tunisia",2006,10346362,"TUN","Africa"
"Turkey",2006,70045304,"TUR","Asia"
"Turkmenistan",2006,5147061,"TKM","Asia"
"Turks and Caicos Islands",2006,25105,"TCA","Americas"
"Tuvalu",2006,10039,"TUV","Oceania"
"Uganda",2006,28793954,"UGA","Africa"
"Ukraine",2006,47278638,"UKR","Europe"
"United Arab Emirates",2006,5009050,"ARE","Asia"
"United Kingdom",2006,61051051,"GBR","Europe"
"United States",2006,298730164,"USA","Americas"
"United States Virgin Islands",2006,107420,"UMI","Oceania"
"Uruguay",2006,3289456,"URY","Americas"
"Uzbekistan",2006,26698989,"UZB","Asia"
"Vanuatu",2006,215894,"VUT","Oceania"
"Venezuela",2006,27224637,"VEN","Americas"
"Vietnam",2006,82167850,"VNM","Asia"
"Wallis and Futuna",2006,14290,"WLF","Oceania"
"Western Sahara",2006,352606,"ESH","Africa"
"Yemen",2006,23543046,"YEM","Asia"
"Zambia",2006,12129509,"ZMB","Africa"
"Zimbabwe",2006,12636402,"ZWE","Africa"
"Afghanistan",2007,25909790,"AFG","Asia"
"Albania",2007,3022843,"ALB","Europe"
"Algeria",2007,34189375,"DZA","Africa"
"American Samoa",2007,56089,"ASM","Oceania"
"Andorra",2007,81850,"AND","Europe"
"Angola",2007,20778519,"AGO","Africa"
"Anguilla",2007,12652,"AIA","Americas"
"Antigua and Barbuda",2007,81679,"ATG","Americas"
"Argentina",2007,40016709,"ARG","Americas"
"Armenia",2007,2974777,"ARM","Asia"
"Aruba",2007,96553,"ABW","Americas"
"Australia",2007,20954497,"AUS","Oceania"
"Austria",2007,8296906,"AUT","Europe"
"Azerbaijan",2007,8828270,"AZE","Asia"
"Bahamas",2007,353289,"BHS","Americas"
"Bahrain",2007,1057370,"BHR","Asia"
"Bangladesh",2007,147989238,"BGD","Asia"
"Barbados",2007,271250,"BRB","Americas"
"Belarus",2007,9563078,"BLR","Europe"
"Belgium",2007,10625433,"BEL","Europe"
"Belize",2007,296069,"BLZ","Americas"
"Benin",2007,8953918,"BEN","Africa"
"Bermuda",2007,62985,"BMU","Americas"
"Bhutan",2007,678600,"BTN","Asia"
"Bolivia",2007,9685913,"BOL","Americas"
"Bonaire Sint Eustatius and Saba",2007,18365,"BES","Americas"
"Bosnia and Herzegovina",2007,4013375,"BIH","Europe"
"Botswana",2007,1911153,"BWA","Africa"
"Brazil",2007,188552256,"BRA","Americas"
"British Virgin Islands",2007,25339,"IOT","Africa"
"Brunei",2007,370837,"BRN","Asia"
"Bulgaria",2007,7586847,"BGR","Europe"
"Burkina Faso",2007,14816271,"BFA","Africa"
"Burundi",2007,8161832,"BDI","Africa"
"Cambodia",2007,13841733,"KHM","Asia"
"Cameroon",2007,18049854,"CMR","Africa"
"Canada",2007,33092121,"CAN","Americas"
"Cape Verde",2007,496149,"CPV","Africa"
"Cayman Islands",2007,49670,"CYM","Americas"
"Central African Republic",2007,4462730,"CAF","Africa"
"Chad",2007,11081609,"TCD","Africa"
"Chile",2007,16671520,"CHL","Americas"
"China",2007,1325813524,"CHN","Asia"
"Colombia",2007,43235327,"COL","Americas"
"Comoros",2007,616883,"COM","Africa"
"Congo",2007,3980380,"COG","Africa"
"Cook Islands",2007,15473,"COK","Oceania"
"Costa Rica",2007,4380199,"CRI","Americas"
"Cote d'Ivoire",2007,21030520,"CIV","Africa"
"Croatia",2007,4315907,"HRV","Europe"
"Cuba",2007,11287227,"CUB","Americas"
"Cyprus",2007,1072674,"CYP","Asia"
"Czechia",2007,10337488,"CZE","Europe"
"Democratic Republic of Congo",2007,62477704,"COD","Africa"
"Denmark",2007,5461554,"DNK","Europe"
"Djibouti",2007,874488,"DJI","Africa"
"Dominica",2007,68812,"DMA","Americas"
"Dominican Republic",2007,9455618,"DOM","Americas"
"East Timor",2007,1004855,"TLS","Asia"
"Ecuador",2007,14328733,"ECU","Americas"
"Egypt",2007,84276171,"EGY","Africa"
"El Salvador",2007,6009768,"SLV","Americas"
"Equatorial Guinea",2007,1035995,"GNQ","Africa"
"Eritrea",2007,2743184,"ERI","Africa"
"Estonia",2007,1340672,"EST","Europe"
"Eswatini",2007,1090668,"SWZ","Africa"
"Ethiopia",2007,83103168,"ETH","Africa"
"Falkland Islands",2007,3218,"FLK","Americas"
"Faroe Islands",2007,48449,"FRO","Europe"
"Fiji",2007,897792,"FJI","Oceania"
"Finland",2007,5288666,"FIN","Europe"
"France",2007,62432388,"FRA","Europe"
"French Guiana",2007,219087,"GUF","Americas"
"French Polynesia",2007,266405,"PYF","Oceania"
"Gabon",2007,1556199,"GAB","Africa"
"Gambia",2007,1765731,"GMB","Africa"
"Georgia",2007,3967540,"GEO","Asia"
"Germany",2007,81298499,"DEU","Europe"
"Ghana",2007,23642240,"GHA","Africa"
"Gibraltar",2007,29985,"GIB","Europe"
"Greece",2007,11045687,"GRC","Europe"
"Greenland",2007,56760,"GRL","Americas"
"Grenada",2007,110481,"GRD","Americas"
"Guadeloupe",2007,408252,"GLP","Americas"
"Guam",2007,165229,"GUM","Oceania"
"Guatemala",2007,13651990,"GTM","Americas"
"Guernsey",2007,61080,"GGY","Europe"
"Guinea",2007,9662233,"GIN","Africa"
"Guinea-Bissau",2007,1450941,"GNB","Africa"
"Guyana",2007,756820,"GUY","Americas"
"Haiti",2007,9373256,"HTI","Americas"
"Honduras",2007,7834750,"HND","Americas"
"Hong Kong",2007,6971292,"HKG","Asia"
"Hungary",2007,10034027,"HUN","Europe"
"Iceland",2007,311622,"ISL","Europe"
"India",2007,1190675980,"IND","Asia"
"Indonesia",2007,237062283,"IDN","Asia"
"Iran",2007,74602596,"IRN","Asia"
"Iraq",2007,28391556,"IRQ","Asia"
"Ireland",2007,4393467,"IRL","Europe"
"Isle of Man",2007,81113,"IMN","Europe"
"Israel",2007,6962406,"ISR","Asia"
"Italy",2007,59108674,"ITA","Europe"
"Jamaica",2007,2713761,"JAM","Americas"
"Japan",2007,128087633,"JPN","Asia"
"Jersey",2007,94175,"JEY","Europe"
"Jordan",2007,6827191,"JOR","Asia"
"Kazakhstan",2007,16257169,"KAZ","Asia"
"Kenya",2007,38036301,"KEN","Africa"
"Kiribati",2007,102039,"KIR","Oceania"
"Kosovo",2007,1807050,"XKX","Europe"
"Kuwait",2007,2507842,"KWT","Asia"
"Kyrgyzstan",2007,5313329,"KGZ","Asia"
"Laos",2007,6056193,"LAO","Asia"
"Latvia",2007,2200711,"LVA","Europe"
"Lebanon",2007,4844067,"LBN","Asia"
"Lesotho",2007,1953221,"LSO","Africa"
"Liberia",2007,3669008,"LBR","Africa"
"Libya",2007,6104333,"LBY","Africa"
"Liechtenstein",2007,35199,"LIE","Europe"
"Lithuania",2007,3231322,"LTU","Europe"
"Luxembourg",2007,480225,"LUX","Europe"
"Macao",2007,522228,"MAC","Asia"
"Madagascar",2007,20318540,"MDG","Africa"
"Malawi",2007,13576290,"MWI","Africa"
"Malaysia",2007,26998333,"MYS","Asia"
"Maldives",2007,324444,"MDV","Asia"
"Mali",2007,14457732,"MLI","Africa"
"Malta",2007,417148,"MLT","Europe"
"Marshall Islands",2007,52014,"MHL","Oceania"
"Martinique",2007,400761,"MTQ","Americas"
"Mauritania",2007,3093025,"MRT","Africa"
"Mauritius",2007,1269468,"MUS","Africa"
"Mayotte",2007,190732,"MYT","Africa"
"Mexico",2007,108774308,"MEX","Americas"
"Micronesia (country)",2007,109857,"FSM","Oceania"
"Moldova",2007,3851346,"MDA","Europe"
"Monaco",2007,31816,"MCO","Europe"
"Mongolia",2007,2607932,"MNG","Asia"
"Montenegro",2007,633335,"MNE","Europe"
"Montserrat",2007,4608,"MSR","Americas"
"Morocco",2007,31186417,"MAR","Africa"
"Mozambique",2007,21287589,"MOZ","Africa"
"Myanmar",2007,48124993,"MMR","Asia"
"Namibia",2007,2018559,"NAM","Africa"
"Nauru",2007,10005,"NRU","Oceania"
"Nepal",2007,26788452,"NPL","Asia"
"Netherlands",2007,16531313,"NLD","Europe"
"New Caledonia",2007,250686,"NCL","Oceania"
"New Zealand",2007,4223208,"NZL","Oceania"
"Nicaragua",2007,5497205,"NIC","Americas"
"Niger",2007,14803558,"NER","Africa"
"Nigeria",2007,153267204,"NGA","Africa"
"Niue",2007,1762,"NIU","Oceania"
"North Korea",2007,24646339,"PRK","Asia"
"North Macedonia",2007,2081936,"MKD","Europe"
"Northern Mariana Islands",2007,58907,"MNP","Oceania"
"Norway",2007,4708969,"NOR","Europe"
"Oman",2007,2570131,"OMN","Asia"
"Pakistan",2007,184493178,"PAK","Asia"
"Palau",2007,19280,"PLW","Oceania"
"Palestine",2007,3736640,"PSX","Asia"
"Panama",2007,3437444,"PAN","Americas"
"Papua New Guinea",2007,6963300,"PNG","Oceania"
"Paraguay",2007,5559335,"PRY","Americas"
"Peru",2007,28530662,"PER","Americas"
"Philippines",2007,91075139,"PHL","Asia"
"Poland",2007,38020368,"POL","Europe"
"Portugal",2007,10546768,"PRT","Europe"
"Puerto Rico",2007,3763039,"PRI","Americas"
"Qatar",2007,1208548,"QAT","Asia"
"Reunion",2007,818682,"REU","Africa"
"Romania",2007,20870655,"ROU","Europe"
"Russia",2007,143859724,"RUS","Europe"
"Rwanda",2007,9549891,"RWA","Africa"
"Saint Barthelemy",2007,8386,"BLM","Americas"
"Saint Helena",2007,5305,"SHN","Africa"
"Saint Kitts and Nevis",2007,46689,"KNA","Americas"
"Saint Lucia",2007,167720,"LCA","Americas"
"Saint Martin (French part)",2007,35312,"MAF","Americas"
"Saint Pierre and Miquelon",2007,6031,"SPM","Americas"
"Saint Vincent and the Grenadines",2007,111483,"VCT","Americas"
"Samoa",2007,188722,"WSM","Oceania"
"San Marino",2007,29289,"SMR","Europe"
"Sao Tome and Principe",2007,169668,"STP","Africa"
"Saudi Arabia",2007,22368262,"SAU","Asia"
"Senegal",2007,11770292,"SEN","Africa"
"Serbia",2007,7482937,"SRB","Europe"
"Seychelles",2007,91431,"SYC","Africa"
"Sierra Leone",2007,5749300,"SLE","Africa"
"Singapore",2007,4596463,"SGP","Asia"
"Sint Maarten (Dutch part)",2007,32765,"SXM","Americas"
"Slovakia",2007,5376949,"SVK","Europe"
"Slovenia",2007,2014110,"SVN","Europe"
"Solomon Islands",2007,500111,"SLB","Oceania"
"Somalia",2007,11322528,"SOM","Africa"
"South Africa",2007,50528523,"ZAF","Africa"
"South Korea",2007,48178072,"KOR","Asia"
"South Sudan",2007,8388741,"SSD","Africa"
"Spain",2007,45516452,"ESP","Europe"
"Sri Lanka",2007,20492494,"LKA","Asia"
"Sudan",2007,32764091,"SDN","Africa"
"Suriname",2007,530974,"SUR","Americas"
"Sweden",2007,9148219,"SWE","Europe"
"Switzerland",2007,7545336,"CHE","Europe"
"Syria",2007,20884096,"SYR","Asia"
"Taiwan",2007,23006867,"TWN","Asia"
"Tajikistan",2007,7194419,"TJK","Asia"
"Tanzania",2007,41435458,"TZA","Africa"
"Thailand",2007,67102346,"THA","Asia"
"Togo",2007,6188301,"TGO","Africa"
"Tokelau",2007,1538,"TKL","Oceania"
"Tonga",2007,106693,"TON","Oceania"
"Trinidad and Tobago",2007,1365342,"TTO","Americas"
"Tunisia",2007,10441654,"TUN","Africa"
"Turkey",2007,70750548,"TUR","Asia"
"Turkmenistan",2007,5243998,"TKM","Asia"
"Turks and Caicos Islands",2007,26248,"TCA","Americas"
"Tuvalu",2007,10159,"TUV","Oceania"
"Uganda",2007,29653389,"UGA","Africa"
"Ukraine",2007,47062750,"UKR","Europe"
"United Arab Emirates",2007,5624590,"ARE","Asia"
"United Kingdom",2007,61535810,"GBR","Europe"
"United States",2007,301844176,"USA","Americas"
"United States Virgin Islands",2007,107191,"UMI","Oceania"
"Uruguay",2007,3295106,"URY","Americas"
"Uzbekistan",2007,27075969,"UZB","Asia"
"Vanuatu",2007,221243,"VUT","Oceania"
"Venezuela",2007,27649328,"VEN","Americas"
"Vietnam",2007,83633326,"VNM","Asia"
"Wallis and Futuna",2007,13973,"WLF","Oceania"
"Western Sahara",2007,366828,"ESH","Africa"
"Yemen",2007,24318038,"YEM","Asia"
"Zambia",2007,12565040,"ZMB","Africa"
"Zimbabwe",2007,12804022,"ZWE","Africa"
"Afghanistan",2008,26482577,"AFG","Asia"
"Albania",2008,2992879,"ALB","Europe"
"Algeria",2008,34816912,"DZA","Africa"
"American Samoa",2008,55805,"ASM","Oceania"
"Andorra",2008,83468,"AND","Europe"
"Angola",2008,21578610,"AGO","Africa"
"Anguilla",2008,12868,"AIA","Americas"
"Antigua and Barbuda",2008,82880,"ATG","Americas"
"Argentina",2008,40424101,"ARG","Americas"
"Armenia",2008,2959943,"ARM","Asia"
"Aruba",2008,97772,"ABW","Americas"
"Australia",2008,21370545,"AUS","Oceania"
"Austria",2008,8323196,"AUT","Europe"
"Azerbaijan",2008,8942598,"AZE","Asia"
"Bahamas",2008,358083,"BHS","Americas"
"Bahrain",2008,1120668,"BHR","Asia"
"Bangladesh",2008,149474218,"BGD","Asia"
"Barbados",2008,272679,"BRB","Americas"
"Belarus",2008,9529315,"BLR","Europe"
"Belgium",2008,10709668,"BEL","Europe"
"Belize",2008,304321,"BLZ","Americas"
"Benin",2008,9228420,"BEN","Africa"
"Bermuda",2008,63273,"BMU","Americas"
"Bhutan",2008,686312,"BTN","Asia"
"Bolivia",2008,9850806,"BOL","Americas"
"Bonaire Sint Eustatius and Saba",2008,19071,"BES","Americas"
"Bosnia and Herzegovina",2008,3947499,"BIH","Europe"
"Botswana",2008,1949922,"BWA","Africa"
"Brazil",2008,190367242,"BRA","Americas"
"British Virgin Islands",2008,26255,"IOT","Africa"
"Brunei",2008,377755,"BRN","Asia"
"Bulgaria",2008,7535541,"BGR","Europe"
"Burkina Faso",2008,15258045,"BFA","Africa"
"Burundi",2008,8505591,"BDI","Africa"
"Cambodia",2008,14053432,"KHM","Asia"
"Cameroon",2008,18574008,"CMR","Africa"
"Canada",2008,33449040,"CAN","Americas"
"Cape Verde",2008,501314,"CPV","Africa"
"Cayman Islands",2008,51131,"CYM","Americas"
"Central African Republic",2008,4558941,"CAF","Africa"
"Chad",2008,11476247,"TCD","Africa"
"Chile",2008,16838934,"CHL","Americas"
"China",2008,1333820960,"CHN","Asia"
"Colombia",2008,43758748,"COL","Americas"
"Comoros",2008,629268,"COM","Africa"
"Congo",2008,4113468,"COG","Africa"
"Cook Islands",2008,15956,"COK","Oceania"
"Costa Rica",2008,4440009,"CRI","Americas"
"Cote d'Ivoire",2008,21514392,"CIV","Africa"
"Croatia",2008,4314591,"HRV","Europe"
"Cuba",2008,11291718,"CUB","Americas"
"Cyprus",2008,1090985,"CYP","Asia"
"Czechia",2008,10378248,"CZE","Europe"
"Democratic Republic of Congo",2008,64390611,"COD","Africa"
"Denmark",2008,5493714,"DNK","Europe"
"Djibouti",2008,892698,"DJI","Africa"
"Dominica",2008,68821,"DMA","Americas"
"Dominican Republic",2008,9573095,"DOM","Americas"
"East Timor",2008,1032385,"TLS","Asia"
"Ecuador",2008,14575156,"ECU","Americas"
"Egypt",2008,85864736,"EGY","Africa"
"El Salvador",2008,6029245,"SLV","Americas"
"Equatorial Guinea",2008,1084492,"GNQ","Africa"
"Eritrea",2008,2816284,"ERI","Africa"
"Estonia",2008,1337032,"EST","Europe"
"Eswatini",2008,1098057,"SWZ","Africa"
"Ethiopia",2008,85543618,"ETH","Africa"
"Falkland Islands",2008,3216,"FLK","Americas"
"Faroe Islands",2008,48478,"FRO","Europe"
"Fiji",2008,903348,"FJI","Oceania"
"Finland",2008,5313334,"FIN","Europe"
"France",2008,62780134,"FRA","Europe"
"French Guiana",2008,226060,"GUF","Americas"
"French Polynesia",2008,268339,"PYF","Oceania"
"Gabon",2008,1607136,"GAB","Africa"
"Gambia",2008,1817806,"GMB","Africa"
"Georgia",2008,3941135,"GEO","Asia"
"Germany",2008,81110734,"DEU","Europe"
"Ghana",2008,24249900,"GHA","Africa"
"Gibraltar",2008,30390,"GIB","Europe"
"Greece",2008,11076814,"GRC","Europe"
"Greenland",2008,56644,"GRL","Americas"
"Grenada",2008,110857,"GRD","Americas"
"Guadeloupe",2008,408939,"GLP","Americas"
"Guam",2008,165651,"GUM","Oceania"
"Guatemala",2008,13935128,"GTM","Americas"
"Guernsey",2008,61199,"GGY","Europe"
"Guinea",2008,9898822,"GIN","Africa"
"Guinea-Bissau",2008,1488010,"GNB","Africa"
"Guyana",2008,754563,"GUY","Americas"
"Haiti",2008,9530731,"HTI","Americas"
"Honduras",2008,8012546,"HND","Americas"
"Hong Kong",2008,7020639,"HKG","Asia"
"Hungary",2008,10016610,"HUN","Europe"
"Iceland",2008,317470,"ISL","Europe"
"India",2008,1207930907,"IND","Asia"
"Indonesia",2008,240157845,"IDN","Asia"
"Iran",2008,75514155,"IRN","Asia"
"Iraq",2008,28970998,"IRQ","Asia"
"Ireland",2008,4485943,"IRL","Europe"
"Isle of Man",2008,81999,"IMN","Europe"
"Israel",2008,7082571,"ISR","Asia"
"Italy",2008,59561638,"ITA","Europe"
"Jamaica",2008,2725585,"JAM","Americas"
"Japan",2008,128155949,"JPN","Asia"
"Jersey",2008,95143,"JEY","Europe"
"Jordan",2008,6989821,"JOR","Asia"
"Kazakhstan",2008,16426480,"KAZ","Asia"
"Kenya",2008,39206299,"KEN","Africa"
"Kiribati",2008,104186,"KIR","Oceania"
"Kosovo",2008,1800813,"XKX","Europe"
"Kuwait",2008,2651390,"KWT","Asia"
"Kyrgyzstan",2008,5342481,"KGZ","Asia"
"Laos",2008,6148930,"LAO","Asia"
"Latvia",2008,2177658,"LVA","Europe"
"Lebanon",2008,4925314,"LBN","Asia"
"Lesotho",2008,1966490,"LSO","Africa"
"Liberia",2008,3820959,"LBR","Africa"
"Libya",2008,6235390,"LBY","Africa"
"Liechtenstein",2008,35424,"LIE","Europe"
"Lithuania",2008,3198432,"LTU","Europe"
"Luxembourg",2008,488947,"LUX","Europe"
"Macao",2008,535887,"MAC","Asia"
"Madagascar",2008,20923790,"MDG","Africa"
"Malawi",2008,13976359,"MWI","Africa"
"Malaysia",2008,27569998,"MYS","Asia"
"Maldives",2008,336129,"MDV","Asia"
"Mali",2008,14940738,"MLI","Africa"
"Malta",2008,418922,"MLT","Europe"
"Marshall Islands",2008,52009,"MHL","Oceania"
"Martinique",2008,400657,"MTQ","Americas"
"Mauritania",2008,3183227,"MRT","Africa"
"Mauritius",2008,1274582,"MUS","Africa"
"Mayotte",2008,196376,"MYT","Africa"
"Mexico",2008,110374235,"MEX","Americas"
"Micronesia (country)",2008,108904,"FSM","Oceania"
"Moldova",2008,3779455,"MDA","Europe"
"Monaco",2008,31807,"MCO","Europe"
"Mongolia",2008,2634381,"MNG","Asia"
"Montenegro",2008,632805,"MNE","Europe"
"Montserrat",2008,4654,"MSR","Americas"
"Morocco",2008,31606714,"MAR","Africa"
"Mozambique",2008,21818980,"MOZ","Africa"
"Myanmar",2008,48390740,"MMR","Asia"
"Namibia",2008,2047007,"NAM","Africa"
"Nauru",2008,9993,"NRU","Oceania"
"Nepal",2008,26989988,"NPL","Asia"
"Netherlands",2008,16597210,"NLD","Europe"
"New Caledonia",2008,253784,"NCL","Oceania"
"New Zealand",2008,4261775,"NZL","Oceania"
"Nicaragua",2008,5576555,"NIC","Americas"
"Niger",2008,15361866,"NER","Africa"
"Nigeria",2008,157594969,"NGA","Africa"
"Niue",2008,1755,"NIU","Oceania"
"North Korea",2008,24764570,"PRK","Asia"
"North Macedonia",2008,2070788,"MKD","Europe"
"Northern Mariana Islands",2008,57116,"MNP","Oceania"
"Norway",2008,4768039,"NOR","Europe"
"Oman",2008,2626489,"OMN","Asia"
"Pakistan",2008,189499072,"PAK","Asia"
"Palau",2008,18983,"PLW","Oceania"
"Palestine",2008,3828989,"PSX","Asia"
"Panama",2008,3500596,"PAN","Americas"
"Papua New Guinea",2008,7182942,"PNG","Oceania"
"Paraguay",2008,5613526,"PRY","Americas"
"Peru",2008,28718988,"PER","Americas"
"Philippines",2008,92699045,"PHL","Asia"
"Poland",2008,37995854,"POL","Europe"
"Portugal",2008,10564037,"PRT","Europe"
"Puerto Rico",2008,3749079,"PRI","Americas"
"Qatar",2008,1426881,"QAT","Asia"
"Reunion",2008,830448,"REU","Africa"
"Romania",2008,20718693,"ROU","Europe"
"Russia",2008,143811787,"RUS","Europe"
"Rwanda",2008,9804219,"RWA","Africa"
"Saint Barthelemy",2008,8582,"BLM","Americas"
"Saint Helena",2008,5250,"SHN","Africa"
"Saint Kitts and Nevis",2008,46801,"KNA","Americas"
"Saint Lucia",2008,168771,"LCA","Americas"
"Saint Martin (French part)",2008,35943,"MAF","Americas"
"Saint Pierre and Miquelon",2008,6019,"SPM","Americas"
"Saint Vincent and the Grenadines",2008,111001,"VCT","Americas"
"Samoa",2008,190075,"WSM","Oceania"
"San Marino",2008,29666,"SMR","Europe"
"Sao Tome and Principe",2008,173755,"STP","Africa"
"Saudi Arabia",2008,23287838,"SAU","Asia"
"Senegal",2008,12048913,"SEN","Africa"
"Serbia",2008,7454231,"SRB","Europe"
"Seychelles",2008,92511,"SYC","Africa"
"Sierra Leone",2008,5894681,"SLE","Africa"
"Singapore",2008,4806683,"SGP","Asia"
"Sint Maarten (Dutch part)",2008,33125,"SXM","Americas"
"Slovakia",2008,5379075,"SVK","Europe"
"Slovenia",2008,2025041,"SVN","Europe"
"Solomon Islands",2008,508753,"SLB","Oceania"
"Somalia",2008,11663047,"SOM","Africa"
"South Africa",2008,51114550,"ZAF","Africa"
"South Korea",2008,48356441,"KOR","Asia"
"South Sudan",2008,8817594,"SSD","Africa"
"Spain",2008,46235010,"ESP","Europe"
"Sri Lanka",2008,20629321,"LKA","Asia"
"Sudan",2008,33623932,"SDN","Africa"
"Suriname",2008,537211,"SUR","Americas"
"Sweden",2008,9219853,"SWE","Europe"
"Switzerland",2008,7641679,"CHE","Europe"
"Syria",2008,21636510,"SYR","Asia"
"Taiwan",2008,23086191,"TWN","Asia"
"Tajikistan",2008,7338348,"TJK","Asia"
"Tanzania",2008,42570675,"TZA","Africa"
"Thailand",2008,67619781,"THA","Asia"
"Togo",2008,6368770,"TGO","Africa"
"Tokelau",2008,1548,"TKL","Oceania"
"Tonga",2008,106992,"TON","Oceania"
"Trinidad and Tobago",2008,1372044,"TTO","Americas"
"Tunisia",2008,10542588,"TUN","Africa"
"Turkey",2008,71562297,"TUR","Asia"
"Turkmenistan",2008,5344980,"TKM","Asia"
"Turks and Caicos Islands",2008,27404,"TCA","Americas"
"Tuvalu",2008,10305,"TUV","Oceania"
"Uganda",2008,30539504,"UGA","Africa"
"Ukraine",2008,46819115,"UKR","Europe"
"United Arab Emirates",2008,6302620,"ARE","Asia"
"United Kingdom",2008,62027249,"GBR","Europe"
"United States",2008,304970280,"USA","Americas"
"United States Virgin Islands",2008,106923,"UMI","Oceania"
"Uruguay",2008,3302124,"URY","Americas"
"Uzbekistan",2008,27494727,"UZB","Asia"
"Vanuatu",2008,226856,"VUT","Oceania"
"Venezuela",2008,28053644,"VEN","Americas"
"Vietnam",2008,85175740,"VNM","Asia"
"Wallis and Futuna",2008,13665,"WLF","Oceania"
"Western Sahara",2008,380780,"ESH","Africa"
"Yemen",2008,25111897,"YEM","Asia"
"Zambia",2008,13021274,"ZMB","Africa"
"Zimbabwe",2008,12959096,"ZWE","Africa"
"Afghanistan",2009,27466056,"AFG","Asia"
"Albania",2009,2961436,"ALB","Europe"
"Algeria",2009,35490399,"DZA","Africa"
"American Samoa",2009,55502,"ASM","Oceania"
"Andorra",2009,83863,"AND","Europe"
"Angola",2009,22414715,"AGO","Africa"
"Anguilla",2009,13093,"AIA","Americas"
"Antigua and Barbuda",2009,84138,"ATG","Americas"
"Argentina",2009,40854783,"ARG","Americas"
"Armenia",2009,2945458,"ARM","Asia"
"Aruba",2009,98990,"ABW","Americas"
"Australia",2009,21782958,"AUS","Oceania"
"Austria",2009,8345019,"AUT","Europe"
"Azerbaijan",2009,9046297,"AZE","Asia"
"Bahamas",2009,362746,"BHS","Americas"
"Bahrain",2009,1183577,"BHR","Asia"
"Bangladesh",2009,150873661,"BGD","Asia"
"Barbados",2009,274081,"BRB","Americas"
"Belarus",2009,9507289,"BLR","Europe"
"Belgium",2009,10812883,"BEL","Europe"
"Belize",2009,312570,"BLZ","Americas"
"Benin",2009,9509380,"BEN","Africa"
"Bermuda",2009,63540,"BMU","Americas"
"Bhutan",2009,693954,"BTN","Asia"
"Bolivia",2009,10016233,"BOL","Americas"
"Bonaire Sint Eustatius and Saba",2009,19800,"BES","Americas"
"Bosnia and Herzegovina",2009,3879744,"BIH","Europe"
"Botswana",2009,1990616,"BWA","Africa"
"Brazil",2009,192079912,"BRA","Americas"
"British Virgin Islands",2009,27198,"IOT","Africa"
"Brunei",2009,384917,"BRN","Asia"
"Bulgaria",2009,7487966,"BGR","Europe"
"Burkina Faso",2009,15710025,"BFA","Africa"
"Burundi",2009,8947608,"BDI","Africa"
"Cambodia",2009,14276762,"KHM","Asia"
"Cameroon",2009,19113922,"CMR","Africa"
"Canada",2009,33826322,"CAN","Americas"
"Cape Verde",2009,506094,"CPV","Africa"
"Cayman Islands",2009,52603,"CYM","Americas"
"Central African Republic",2009,4529009,"CAF","Africa"
"Chad",2009,11893711,"TCD","Africa"
"Chile",2009,17009684,"CHL","Americas"
"China",2009,1342522666,"CHN","Asia"
"Colombia",2009,44271496,"COL","Americas"
"Comoros",2009,641899,"COM","Africa"
"Congo",2009,4281163,"COG","Africa"
"Cook Islands",2009,16453,"COK","Oceania"
"Costa Rica",2009,4499743,"CRI","Americas"
"Cote d'Ivoire",2009,21997883,"CIV","Africa"
"Croatia",2009,4310491,"HRV","Europe"
"Cuba",2009,11294665,"CUB","Americas"
"Cyprus",2009,1109330,"CYP","Asia"
"Czechia",2009,10420931,"CZE","Europe"
"Democratic Republic of Congo",2009,66411991,"COD","Africa"
"Denmark",2009,5523119,"DNK","Europe"
"Djibouti",2009,911478,"DJI","Africa"
"Dominica",2009,68841,"DMA","Americas"
"Dominican Republic",2009,9695215,"DOM","Americas"
"East Timor",2009,1058738,"TLS","Asia"
"Ecuador",2009,14825912,"ECU","Americas"
"Egypt",2009,87501586,"EGY","Africa"
"El Salvador",2009,6048234,"SLV","Americas"
"Equatorial Guinea",2009,1135644,"GNQ","Africa"
"Eritrea",2009,2887837,"ERI","Africa"
"Estonia",2009,1334487,"EST","Europe"
"Eswatini",2009,1105117,"SWZ","Africa"
"Ethiopia",2009,88007584,"ETH","Africa"
"Falkland Islands",2009,3201,"FLK","Americas"
"Faroe Islands",2009,48465,"FRO","Europe"
"Fiji",2009,907198,"FJI","Oceania"
"Finland",2009,5338800,"FIN","Europe"
"France",2009,63106403,"FRA","Europe"
"French Guiana",2009,230663,"GUF","Americas"
"French Polynesia",2009,269456,"PYF","Oceania"
"Gabon",2009,1661523,"GAB","Africa"
"Gambia",2009,1871382,"GMB","Africa"
"Georgia",2009,3918895,"GEO","Asia"
"Germany",2009,80935222,"DEU","Europe"
"Ghana",2009,24862618,"GHA","Africa"
"Gibraltar",2009,30800,"GIB","Europe"
"Greece",2009,11108016,"GRC","Europe"
"Greenland",2009,56502,"GRL","Americas"
"Grenada",2009,111213,"GRD","Americas"
"Guadeloupe",2009,408946,"GLP","Americas"
"Guam",2009,166137,"GUM","Oceania"
"Guatemala",2009,14215574,"GTM","Americas"
"Guernsey",2009,61334,"GGY","Europe"
"Guinea",2009,10143493,"GIN","Africa"
"Guinea-Bissau",2009,1526331,"GNB","Africa"
"Guyana",2009,752047,"GUY","Americas"
"Haiti",2009,9689548,"HTI","Americas"
"Honduras",2009,8189858,"HND","Americas"
"Hong Kong",2009,7064418,"HKG","Asia"
"Hungary",2009,10001329,"HUN","Europe"
"Iceland",2009,318564,"ISL","Europe"
"India",2009,1225524711,"IND","Asia"
"Indonesia",2009,243219975,"IDN","Asia"
"Iran",2009,76457779,"IRN","Asia"
"Iraq",2009,30058157,"IRQ","Asia"
"Ireland",2009,4533698,"IRL","Europe"
"Isle of Man",2009,82906,"IMN","Europe"
"Israel",2009,7206047,"ISR","Asia"
"Italy",2009,59903965,"ITA","Europe"
"Jamaica",2009,2736953,"JAM","Americas"
"Japan",2009,128192428,"JPN","Asia"
"Jersey",2009,96108,"JEY","Europe"
"Jordan",2009,7141705,"JOR","Asia"
"Kazakhstan",2009,16619799,"KAZ","Asia"
"Kenya",2009,40408838,"KEN","Africa"
"Kiribati",2009,106426,"KIR","Oceania"
"Kosovo",2009,1794637,"XKX","Europe"
"Kuwait",2009,2795444,"KWT","Asia"
"Kyrgyzstan",2009,5397958,"KGZ","Asia"
"Laos",2009,6241592,"LAO","Asia"
"Latvia",2009,2141988,"LVA","Europe"
"Lebanon",2009,4992245,"LBN","Asia"
"Lesotho",2009,1980846,"LSO","Africa"
"Liberia",2009,3942987,"LBR","Africa"
"Libya",2009,6366647,"LBY","Africa"
"Liechtenstein",2009,35693,"LIE","Europe"
"Lithuania",2009,3163204,"LTU","Europe"
"Luxembourg",2009,498144,"LUX","Europe"
"Macao",2009,549446,"MAC","Asia"
"Madagascar",2009,21547225,"MDG","Africa"
"Malawi",2009,14395732,"MWI","Africa"
"Malaysia",2009,28124726,"MYS","Asia"
"Maldives",2009,348232,"MDV","Asia"
"Mali",2009,15435483,"MLI","Africa"
"Malta",2009,420751,"MLT","Europe"
"Marshall Islands",2009,51992,"MHL","Oceania"
"Martinique",2009,399474,"MTQ","Americas"
"Mauritania",2009,3284406,"MRT","Africa"
"Mauritius",2009,1278929,"MUS","Africa"
"Mayotte",2009,201860,"MYT","Africa"
"Mexico",2009,111999662,"MEX","Americas"
"Micronesia (country)",2009,107920,"FSM","Oceania"
"Moldova",2009,3706166,"MDA","Europe"
"Monaco",2009,32340,"MCO","Europe"
"Mongolia",2009,2665283,"MNG","Asia"
"Montenegro",2009,632404,"MNE","Europe"
"Montserrat",2009,4717,"MSR","Americas"
"Morocco",2009,32030735,"MAR","Africa"
"Mozambique",2009,22391698,"MOZ","Africa"
"Myanmar",2009,48660408,"MMR","Asia"
"Namibia",2009,2077343,"NAM","Africa"
"Nauru",2009,10013,"NRU","Oceania"
"Nepal",2009,27172983,"NPL","Asia"
"Netherlands",2009,16684105,"NLD","Europe"
"New Caledonia",2009,257211,"NCL","Oceania"
"New Zealand",2009,4304250,"NZL","Oceania"
"Nicaragua",2009,5656558,"NIC","Americas"
"Niger",2009,15943624,"NER","Africa"
"Nigeria",2009,162049411,"NGA","Africa"
"Niue",2009,1755,"NIU","Oceania"
"North Korea",2009,24878289,"PRK","Asia"
"North Macedonia",2009,2060548,"MKD","Europe"
"Northern Mariana Islands",2009,55307,"MNP","Oceania"
"Norway",2009,4828579,"NOR","Europe"
"Oman",2009,2684617,"OMN","Asia"
"Pakistan",2009,194376491,"PAK","Asia"
"Palau",2009,18687,"PLW","Oceania"
"Palestine",2009,3921196,"PSX","Asia"
"Panama",2009,3564327,"PAN","Americas"
"Papua New Guinea",2009,7406393,"PNG","Oceania"
"Paraguay",2009,5671192,"PRY","Americas"
"Peru",2009,28896766,"PER","Americas"
"Philippines",2009,94384204,"PHL","Asia"
"Poland",2009,38002108,"POL","Europe"
"Portugal",2009,10576213,"PRT","Europe"
"Puerto Rico",2009,3734961,"PRI","Americas"
"Qatar",2009,1585999,"QAT","Asia"
"Reunion",2009,838410,"REU","Africa"
"Romania",2009,20576869,"ROU","Europe"
"Russia",2009,143869089,"RUS","Europe"
"Rwanda",2009,10060389,"RWA","Africa"
"Saint Barthelemy",2009,8777,"BLM","Americas"
"Saint Helena",2009,5282,"SHN","Africa"
"Saint Kitts and Nevis",2009,46893,"KNA","Americas"
"Saint Lucia",2009,169832,"LCA","Americas"
"Saint Martin (French part)",2009,36481,"MAF","Americas"
"Saint Pierre and Miquelon",2009,6012,"SPM","Americas"
"Saint Vincent and the Grenadines",2009,110479,"VCT","Americas"
"Samoa",2009,191492,"WSM","Oceania"
"San Marino",2009,30060,"SMR","Europe"
"Sao Tome and Principe",2009,177829,"STP","Africa"
"Saudi Arabia",2009,24217606,"SAU","Asia"
"Senegal",2009,12337348,"SEN","Africa"
"Serbia",2009,7425298,"SRB","Europe"
"Seychelles",2009,93606,"SYC","Africa"
"Sierra Leone",2009,6055607,"SLE","Africa"
"Singapore",2009,4968522,"SGP","Asia"
"Sint Maarten (Dutch part)",2009,33478,"SXM","Americas"
"Slovakia",2009,5385027,"SVK","Europe"
"Slovenia",2009,2035555,"SVN","Europe"
"Solomon Islands",2009,518099,"SLB","Oceania"
"Somalia",2009,11961145,"SOM","Africa"
"South Africa",2009,51728471,"ZAF","Africa"
"South Korea",2009,48546637,"KOR","Asia"
"South Sudan",2009,9243507,"SSD","Africa"
"Spain",2009,46635128,"ESP","Europe"
"Sri Lanka",2009,20756380,"LKA","Asia"
"Sudan",2009,34569068,"SDN","Africa"
"Suriname",2009,543526,"SUR","Americas"
"Sweden",2009,9298692,"SWE","Europe"
"Switzerland",2009,7737594,"CHE","Europe"
"Syria",2009,21976919,"SYR","Asia"
"Taiwan",2009,23164307,"TWN","Asia"
"Tajikistan",2009,7490173,"TJK","Asia"
"Tanzania",2009,43633923,"TZA","Africa"
"Thailand",2009,68121030,"THA","Asia"
"Togo",2009,6551820,"TGO","Africa"
"Tokelau",2009,1564,"TKL","Oceania"
"Tonga",2009,107176,"TON","Oceania"
"Trinidad and Tobago",2009,1379001,"TTO","Americas"
"Tunisia",2009,10650632,"TUN","Africa"
"Turkey",2009,72464795,"TUR","Asia"
"Turkmenistan",2009,5451545,"TKM","Asia"
"Turks and Caicos Islands",2009,28566,"TCA","Americas"
"Tuvalu",2009,10437,"TUV","Oceania"
"Uganda",2009,31451093,"UGA","Africa"
"Ukraine",2009,46623687,"UKR","Europe"
"United Arab Emirates",2009,6707016,"ARE","Asia"
"United Kingdom",2009,62506169,"GBR","Europe"
"United States",2009,308023398,"USA","Americas"
"United States Virgin Islands",2009,106710,"UMI","Oceania"
"Uruguay",2009,3310038,"URY","Americas"
"Uzbekistan",2009,27939281,"UZB","Asia"
"Vanuatu",2009,232691,"VUT","Oceania"
"Venezuela",2009,28438244,"VEN","Americas"
"Vietnam",2009,86459976,"VNM","Asia"
"Wallis and Futuna",2009,13386,"WLF","Oceania"
"Western Sahara",2009,394907,"ESH","Africa"
"Yemen",2009,25927683,"YEM","Asia"
"Zambia",2009,13490345,"ZMB","Africa"
"Zimbabwe",2009,13142740,"ZWE","Africa"
"Afghanistan",2010,28284036,"AFG","Asia"
"Albania",2010,2928681,"ALB","Europe"
"Algeria",2010,36188192,"DZA","Africa"
"American Samoa",2010,55204,"ASM","Oceania"
"Andorra",2010,80679,"AND","Europe"
"Angola",2010,23294781,"AGO","Africa"
"Anguilla",2010,13331,"AIA","Americas"
"Antigua and Barbuda",2010,85286,"ATG","Americas"
"Argentina",2010,41288642,"ARG","Americas"
"Armenia",2010,2931041,"ARM","Asia"
"Aruba",2010,100082,"ABW","Americas"
"Australia",2010,22141527,"AUS","Oceania"
"Austria",2010,8365050,"AUT","Europe"
"Azerbaijan",2010,9146807,"AZE","Asia"
"Bahamas",2010,367432,"BHS","Americas"
"Bahrain",2010,1213201,"BHR","Asia"
"Bangladesh",2010,152201922,"BGD","Asia"
"Barbados",2010,275193,"BRB","Americas"
"Belarus",2010,9490705,"BLR","Europe"
"Belgium",2010,10936569,"BEL","Europe"
"Belize",2010,320203,"BLZ","Americas"
"Benin",2010,9797446,"BEN","Africa"
"Bermuda",2010,63708,"BMU","Americas"
"Bhutan",2010,701585,"BTN","Asia"
"Bolivia",2010,10182290,"BOL","Americas"
"Bonaire Sint Eustatius and Saba",2010,20535,"BES","Americas"
"Bosnia and Herzegovina",2010,3811423,"BIH","Europe"
"Botswana",2010,2033065,"BWA","Africa"
"Brazil",2010,193701879,"BRA","Americas"
"British Virgin Islands",2010,27645,"IOT","Africa"
"Brunei",2010,392284,"BRN","Asia"
"Bulgaria",2010,7437542,"BGR","Europe"
"Burkina Faso",2010,16176456,"BFA","Africa"
"Burundi",2010,9376393,"BDI","Africa"
"Cambodia",2010,14500683,"KHM","Asia"
"Cameroon",2010,19668016,"CMR","Africa"
"Canada",2010,34196847,"CAN","Americas"
"Cape Verde",2010,509751,"CPV","Africa"
"Cayman Islands",2010,54069,"CYM","Americas"
"Central African Republic",2010,4492954,"CAF","Africa"
"Chad",2010,12312535,"TCD","Africa"
"Chile",2010,17181416,"CHL","Americas"
"China",2010,1351561462,"CHN","Asia"
"Colombia",2010,44777278,"COL","Americas"
"Comoros",2010,654792,"COM","Africa"
"Congo",2010,4462246,"COG","Africa"
"Cook Islands",2010,16954,"COK","Oceania"
"Costa Rica",2010,4555924,"CRI","Americas"
"Cote d'Ivoire",2010,22488019,"CIV","Africa"
"Croatia",2010,4301108,"HRV","Europe"
"Cuba",2010,11297363,"CUB","Americas"
"Cyprus",2010,1127771,"CYP","Asia"
"Czechia",2010,10463981,"CZE","Europe"
"Democratic Republic of Congo",2010,68562998,"COD","Africa"
"Denmark",2010,5547824,"DNK","Europe"
"Djibouti",2010,930209,"DJI","Africa"
"Dominica",2010,68827,"DMA","Americas"
"Dominican Republic",2010,9820138,"DOM","Americas"
"East Timor",2010,1084635,"TLS","Asia"
"Ecuador",2010,15076646,"ECU","Americas"
"Egypt",2010,89196017,"EGY","Africa"
"El Salvador",2010,6068202,"SLV","Americas"
"Equatorial Guinea",2010,1189045,"GNQ","Africa"
"Eritrea",2010,2945135,"ERI","Africa"
"Estonia",2010,1331406,"EST","Europe"
"Eswatini",2010,1111593,"SWZ","Africa"
"Ethiopia",2010,90538466,"ETH","Africa"
"Falkland Islands",2010,3191,"FLK","Americas"
"Faroe Islands",2010,48149,"FRO","Europe"
"Fiji",2010,910376,"FJI","Oceania"
"Finland",2010,5363304,"FIN","Europe"
"France",2010,63417312,"FRA","Europe"
"French Guiana",2010,234528,"GUF","Americas"
"French Polynesia",2010,270551,"PYF","Oceania"
"Gabon",2010,1719828,"GAB","Africa"
"Gambia",2010,1926580,"GMB","Africa"
"Georgia",2010,3895882,"GEO","Asia"
"Germany",2010,80830868,"DEU","Europe"
"Ghana",2010,25474957,"GHA","Africa"
"Gibraltar",2010,31221,"GIB","Europe"
"Greece",2010,11124619,"GRC","Europe"
"Greenland",2010,56588,"GRL","Americas"
"Grenada",2010,111550,"GRD","Americas"
"Guadeloupe",2010,408770,"GLP","Americas"
"Guam",2010,166491,"GUM","Oceania"
"Guatemala",2010,14500078,"GTM","Americas"
"Guernsey",2010,61486,"GGY","Europe"
"Guinea",2010,10396041,"GIN","Africa"
"Guinea-Bissau",2010,1566293,"GNB","Africa"
"Guyana",2010,749211,"GUY","Americas"
"Haiti",2010,9803247,"HTI","Americas"
"Honduras",2010,8365834,"HND","Americas"
"Hong Kong",2010,7101558,"HKG","Asia"
"Hungary",2010,9979076,"HUN","Europe"
"Iceland",2010,318102,"ISL","Europe"
"India",2010,1243481513,"IND","Asia"
"Indonesia",2010,246305285,"IDN","Asia"
"Iran",2010,77420793,"IRN","Asia"
"Iraq",2010,31045312,"IRQ","Asia"
"Ireland",2010,4559044,"IRL","Europe"
"Isle of Man",2010,83833,"IMN","Europe"
"Israel",2010,7336682,"ISR","Asia"
"Italy",2010,60164160,"ITA","Europe"
"Jamaica",2010,2748526,"JAM","Americas"
"Japan",2010,128185219,"JPN","Asia"
"Jersey",2010,97069,"JEY","Europe"
"Jordan",2010,7296994,"JOR","Asia"
"Kazakhstan",2010,16836755,"KAZ","Asia"
"Kenya",2010,41598524,"KEN","Africa"
"Kiribati",2010,108675,"KIR","Oceania"
"Kosovo",2010,1788708,"XKX","Europe"
"Kuwait",2010,2943329,"KWT","Asia"
"Kyrgyzstan",2010,5491717,"KGZ","Asia"
"Laos",2010,6334146,"LAO","Asia"
"Latvia",2010,2097787,"LVA","Europe"
"Lebanon",2010,5041242,"LBN","Asia"
"Lesotho",2010,1996200,"LSO","Africa"
"Liberia",2010,4058844,"LBR","Africa"
"Libya",2010,6497778,"LBY","Africa"
"Liechtenstein",2010,35977,"LIE","Europe"
"Lithuania",2010,3097660,"LTU","Europe"
"Luxembourg",2010,507375,"LUX","Europe"
"Macao",2010,562755,"MAC","Asia"
"Madagascar",2010,22183297,"MDG","Africa"
"Malawi",2010,14826420,"MWI","Africa"
"Malaysia",2010,28655721,"MYS","Asia"
"Maldives",2010,360747,"MDV","Asia"
"Mali",2010,15945157,"MLI","Africa"
"Malta",2010,422607,"MLT","Europe"
"Marshall Islands",2010,52016,"MHL","Oceania"
"Martinique",2010,397343,"MTQ","Americas"
"Mauritania",2010,3390917,"MRT","Africa"
"Mauritius",2010,1282665,"MUS","Africa"
"Mayotte",2010,207387,"MYT","Africa"
"Mexico",2010,113623858,"MEX","Americas"
"Micronesia (country)",2010,107513,"FSM","Oceania"
"Moldova",2010,3631943,"MDA","Europe"
"Monaco",2010,33133,"MCO","Europe"
"Mongolia",2010,2701690,"MNG","Asia"
"Montenegro",2010,632036,"MNE","Europe"
"Montserrat",2010,4783,"MSR","Americas"
"Morocco",2010,32466965,"MAR","Africa"
"Mozambique",2010,22999191,"MOZ","Africa"
"Myanmar",2010,49024326,"MMR","Asia"
"Namibia",2010,2109760,"NAM","Africa"
"Nauru",2010,10016,"NRU","Oceania"
"Nepal",2010,27341910,"NPL","Asia"
"Netherlands",2010,16771188,"NLD","Europe"
"New Caledonia",2010,261539,"NCL","Oceania"
"New Zealand",2010,4347718,"NZL","Oceania"
"Nicaragua",2010,5737403,"NIC","Americas"
"Niger",2010,16548779,"NER","Africa"
"Nigeria",2010,166642835,"NGA","Africa"
"Niue",2010,1743,"NIU","Oceania"
"North Korea",2010,24987204,"PRK","Asia"
"North Macedonia",2010,2051460,"MKD","Europe"
"Northern Mariana Islands",2010,54059,"MNP","Oceania"
"Norway",2010,4889110,"NOR","Europe"
"Oman",2010,2757400,"OMN","Asia"
"Pakistan",2010,199238997,"PAK","Asia"
"Palau",2010,18379,"PLW","Oceania"
"Palestine",2010,4016859,"PSX","Asia"
"Panama",2010,3628492,"PAN","Americas"
"Papua New Guinea",2010,7633471,"PNG","Oceania"
"Paraguay",2010,5737924,"PRY","Americas"
"Peru",2010,29085967,"PER","Americas"
"Philippines",2010,96337064,"PHL","Asia"
"Poland",2010,38095304,"POL","Europe"
"Portugal",2010,10578605,"PRT","Europe"
"Puerto Rico",2010,3714784,"PRI","Americas"
"Qatar",2010,1709205,"QAT","Asia"
"Reunion",2010,844429,"REU","Africa"
"Romania",2010,20432524,"ROU","Europe"
"Russia",2010,143934422,"RUS","Europe"
"Rwanda",2010,10317499,"RWA","Africa"
"Saint Barthelemy",2010,8947,"BLM","Americas"
"Saint Helena",2010,5310,"SHN","Africa"
"Saint Kitts and Nevis",2010,46816,"KNA","Americas"
"Saint Lucia",2010,170869,"LCA","Americas"
"Saint Martin (French part)",2010,36827,"MAF","Americas"
"Saint Pierre and Miquelon",2010,6007,"SPM","Americas"
"Saint Vincent and the Grenadines",2010,109933,"VCT","Americas"
"Samoa",2010,192987,"WSM","Oceania"
"San Marino",2010,30593,"SMR","Europe"
"Sao Tome and Principe",2010,181774,"STP","Africa"
"Saudi Arabia",2010,25157085,"SAU","Asia"
"Senegal",2010,12635365,"SEN","Africa"
"Serbia",2010,7395821,"SRB","Europe"
"Seychelles",2010,94940,"SYC","Africa"
"Sierra Leone",2010,6222667,"SLE","Africa"
"Singapore",2010,5076973,"SGP","Asia"
"Sint Maarten (Dutch part)",2010,33767,"SXM","Americas"
"Slovakia",2010,5391807,"SVK","Europe"
"Slovenia",2010,2044566,"SVN","Europe"
"Solomon Islands",2010,532932,"SLB","Oceania"
"Somalia",2010,12261702,"SOM","Africa"
"South Africa",2010,52344000,"ZAF","Africa"
"South Korea",2010,48769268,"KOR","Asia"
"South Sudan",2010,9745910,"SSD","Africa"
"Spain",2010,46840419,"ESP","Europe"
"Sri Lanka",2010,20879032,"LKA","Asia"
"Sudan",2010,35414359,"SDN","Africa"
"Suriname",2010,549879,"SUR","Americas"
"Sweden",2010,9378187,"SWE","Europe"
"Switzerland",2010,7825700,"CHE","Europe"
"Syria",2010,22482377,"SYR","Asia"
"Taiwan",2010,23223993,"TWN","Asia"
"Tajikistan",2010,7652096,"TJK","Asia"
"Tanzania",2010,44758438,"TZA","Africa"
"Thailand",2010,68579392,"THA","Asia"
"Togo",2010,6732545,"TGO","Africa"
"Tokelau",2010,1582,"TKL","Oceania"
"Tonga",2010,107366,"TON","Oceania"
"Trinidad and Tobago",2010,1386606,"TTO","Americas"
"Tunisia",2010,10765930,"TUN","Africa"
"Turkey",2010,73346724,"TUR","Asia"
"Turkmenistan",2010,5564305,"TKM","Asia"
"Turks and Caicos Islands",2010,29719,"TCA","Americas"
"Tuvalu",2010,10594,"TUV","Oceania"
"Uganda",2010,32390755,"UGA","Africa"
"Ukraine",2010,46455954,"UKR","Europe"
"United Arab Emirates",2010,6938332,"ARE","Asia"
"United Kingdom",2010,63006430,"GBR","Europe"
"United States",2010,311062741,"USA","Americas"
"United States Virgin Islands",2010,106274,"UMI","Oceania"
"Uruguay",2010,3318536,"URY","Americas"
"Uzbekistan",2010,28385466,"UZB","Asia"
"Vanuatu",2010,238203,"VUT","Oceania"
"Venezuela",2010,28813062,"VEN","Americas"
"Vietnam",2010,87455095,"VNM","Asia"
"Wallis and Futuna",2010,13148,"WLF","Oceania"
"Western Sahara",2010,409671,"ESH","Africa"
"Yemen",2010,26754341,"YEM","Asia"
"Zambia",2010,13965529,"ZMB","Africa"
"Zimbabwe",2010,13356502,"ZWE","Africa"
"Afghanistan",2011,29347668,"AFG","Asia"
"Albania",2011,2911446,"ALB","Europe"
"Algeria",2011,36903328,"DZA","Africa"
"American Samoa",2011,54874,"ASM","Oceania"
"Andorra",2011,77749,"AND","Europe"
"Angola",2011,24218306,"AGO","Africa"
"Anguilla",2011,13550,"AIA","Americas"
"Antigua and Barbuda",2011,86296,"ATG","Americas"
"Argentina",2011,41730610,"ARG","Americas"
"Armenia",2011,2923214,"ARM","Asia"
"Aruba",2011,100950,"ABW","Americas"
"Australia",2011,22479723,"AUS","Oceania"
"Austria",2011,8393226,"AUT","Europe"
"Azerbaijan",2011,9256100,"AZE","Asia"
"Bahamas",2011,371683,"BHS","Americas"
"Bahrain",2011,1206693,"BHR","Asia"
"Bangladesh",2011,153591029,"BGD","Asia"
"Barbados",2011,276094,"BRB","Americas"
"Belarus",2011,9472681,"BLR","Europe"
"Belgium",2011,11038580,"BEL","Europe"
"Belize",2011,327253,"BLZ","Americas"
"Benin",2011,10093579,"BEN","Africa"
"Bermuda",2011,63705,"BMU","Americas"
"Bhutan",2011,709337,"BTN","Asia"
"Bolivia",2011,10348877,"BOL","Americas"
"Bonaire Sint Eustatius and Saba",2011,21604,"BES","Americas"
"Bosnia and Herzegovina",2011,3741747,"BIH","Europe"
"Botswana",2011,2073479,"BWA","Africa"
"Brazil",2011,195284687,"BRA","Americas"
"British Virgin Islands",2011,28690,"IOT","Africa"
"Brunei",2011,399337,"BRN","Asia"
"Bulgaria",2011,7379973,"BGR","Europe"
"Burkina Faso",2011,16661858,"BFA","Africa"
"Burundi",2011,9717923,"BDI","Africa"
"Cambodia",2011,14722537,"KHM","Asia"
"Cameroon",2011,20232269,"CMR","Africa"
"Canada",2011,34555403,"CAN","Americas"
"Cape Verde",2011,511404,"CPV","Africa"
"Cayman Islands",2011,55579,"CYM","Americas"
"Central African Republic",2011,4564986,"CAF","Africa"
"Chad",2011,12754948,"TCD","Africa"
"Chile",2011,17351762,"CHL","Americas"
"China",2011,1360250601,"CHN","Asia"
"Colombia",2011,45259560,"COL","Americas"
"Comoros",2011,668024,"COM","Africa"
"Congo",2011,4609682,"COG","Africa"
"Cook Islands",2011,17432,"COK","Oceania"
"Costa Rica",2011,4609777,"CRI","Americas"
"Cote d'Ivoire",2011,22981949,"CIV","Africa"
"Croatia",2011,4280782,"HRV","Europe"
"Cuba",2011,11301523,"CUB","Americas"
"Cyprus",2011,1146448,"CYP","Asia"
"Czechia",2011,10495455,"CZE","Europe"
"Democratic Republic of Congo",2011,70849263,"COD","Africa"
"Denmark",2011,5570801,"DNK","Europe"
"Djibouti",2011,948524,"DJI","Africa"
"Dominica",2011,69028,"DMA","Americas"
"Dominican Republic",2011,9945574,"DOM","Americas"
"East Timor",2011,1110159,"TLS","Asia"
"Ecuador",2011,15326174,"ECU","Americas"
"Egypt",2011,91093017,"EGY","Africa"
"El Salvador",2011,6090075,"SLV","Americas"
"Equatorial Guinea",2011,1241795,"GNQ","Africa"
"Eritrea",2011,2998450,"ERI","Africa"
"Estonia",2011,1327315,"EST","Europe"
"Eswatini",2011,1117800,"SWZ","Africa"
"Ethiopia",2011,93149926,"ETH","Africa"
"Falkland Islands",2011,3174,"FLK","Americas"
"Faroe Islands",2011,47909,"FRO","Europe"
"Fiji",2011,912942,"FJI","Oceania"
"Finland",2011,5388186,"FIN","Europe"
"France",2011,63733716,"FRA","Europe"
"French Guiana",2011,239472,"GUF","Americas"
"French Polynesia",2011,271679,"PYF","Oceania"
"Gabon",2011,1781929,"GAB","Africa"
"Gambia",2011,1983737,"GMB","Africa"
"Georgia",2011,3868672,"GEO","Asia"
"Germany",2011,80857831,"DEU","Europe"
"Ghana",2011,26095042,"GHA","Africa"
"Gibraltar",2011,31642,"GIB","Europe"
"Greece",2011,11108791,"GRC","Europe"
"Greenland",2011,56803,"GRL","Americas"
"Grenada",2011,112048,"GRD","Americas"
"Guadeloupe",2011,409017,"GLP","Americas"
"Guam",2011,166512,"GUM","Oceania"
"Guatemala",2011,14792071,"GTM","Americas"
"Guernsey",2011,61659,"GGY","Europe"
"Guinea",2011,10656766,"GIN","Africa"
"Guinea-Bissau",2011,1608028,"GNB","Africa"
"Guyana",2011,746113,"GUY","Americas"
"Haiti",2011,9914850,"HTI","Americas"
"Honduras",2011,8540543,"HND","Americas"
"Hong Kong",2011,7142923,"HKG","Asia"
"Hungary",2011,9946626,"HUN","Europe"
"Iceland",2011,319098,"ISL","Europe"
"India",2011,1261224903,"IND","Asia"
"Indonesia",2011,249469983,"IDN","Asia"
"Iran",2011,78383547,"IRN","Asia"
"Iraq",2011,32161373,"IRQ","Asia"
"Ireland",2011,4579557,"IRL","Europe"
"Isle of Man",2011,84342,"IMN","Europe"
"Israel",2011,7470971,"ISR","Asia"
"Italy",2011,60367832,"ITA","Europe"
"Jamaica",2011,2760444,"JAM","Americas"
"Japan",2011,128096387,"JPN","Asia"
"Jersey",2011,97988,"JEY","Europe"
"Jordan",2011,7480382,"JOR","Asia"
"Kazakhstan",2011,17065944,"KAZ","Asia"
"Kenya",2011,42758431,"KEN","Africa"
"Kiribati",2011,110622,"KIR","Oceania"
"Kosovo",2011,1791911,"XKX","Europe"
"Kuwait",2011,3132776,"KWT","Asia"
"Kyrgyzstan",2011,5594489,"KGZ","Asia"
"Laos",2011,6426537,"LAO","Asia"
"Latvia",2011,2059892,"LVA","Europe"
"Lebanon",2011,5095962,"LBN","Asia"
"Lesotho",2011,2013964,"LSO","Africa"
"Liberia",2011,4221132,"LBR","Africa"
"Libya",2011,6343162,"LBY","Africa"
"Liechtenstein",2011,36246,"LIE","Europe"
"Lithuania",2011,3028588,"LTU","Europe"
"Luxembourg",2011,518535,"LUX","Europe"
"Macao",2011,575596,"MAC","Asia"
"Madagascar",2011,22822256,"MDG","Africa"
"Malawi",2011,15264976,"MWI","Africa"
"Malaysia",2011,29161977,"MYS","Asia"
"Maldives",2011,373638,"MDV","Asia"
"Mali",2011,16469007,"MLI","Africa"
"Malta",2011,424582,"MLT","Europe"
"Marshall Islands",2011,51880,"MHL","Oceania"
"Martinique",2011,394519,"MTQ","Americas"
"Mauritania",2011,3502767,"MRT","Africa"
"Mauritius",2011,1286231,"MUS","Africa"
"Mayotte",2011,212951,"MYT","Africa"
"Mexico",2011,115243459,"MEX","Americas"
"Micronesia (country)",2011,107664,"FSM","Oceania"
"Moldova",2011,3557233,"MDA","Europe"
"Monaco",2011,33923,"MCO","Europe"
"Mongolia",2011,2745129,"MNG","Asia"
"Montenegro",2011,632639,"MNE","Europe"
"Montserrat",2011,4805,"MSR","Americas"
"Morocco",2011,32912540,"MAR","Africa"
"Mozambique",2011,23649004,"MOZ","Africa"
"Myanmar",2011,49419777,"MMR","Asia"
"Namibia",2011,2146277,"NAM","Africa"
"Nauru",2011,10085,"NRU","Oceania"
"Nepal",2011,27464446,"NPL","Asia"
"Netherlands",2011,16851014,"NLD","Europe"
"New Caledonia",2011,266494,"NCL","Oceania"
"New Zealand",2011,4382648,"NZL","Oceania"
"Nicaragua",2011,5819015,"NIC","Americas"
"Niger",2011,17176241,"NER","Africa"
"Nigeria",2011,171379551,"NGA","Africa"
"Niue",2011,1733,"NIU","Oceania"
"North Korea",2011,25097837,"PRK","Asia"
"North Macedonia",2011,2040398,"MKD","Europe"
"Northern Mariana Islands",2011,53591,"MNP","Oceania"
"Norway",2011,4952915,"NOR","Europe"
"Oman",2011,3076708,"OMN","Asia"
"Pakistan",2011,203746014,"PAK","Asia"
"Palau",2011,18061,"PLW","Oceania"
"Palestine",2011,4115858,"PSX","Asia"
"Panama",2011,3693468,"PAN","Americas"
"Papua New Guinea",2011,7859292,"PNG","Oceania"
"Paraguay",2011,5814583,"PRY","Americas"
"Peru",2011,29304035,"PER","Americas"
"Philippines",2011,98248571,"PHL","Asia"
"Poland",2011,38208597,"POL","Europe"
"Portugal",2011,10556994,"PRT","Europe"
"Puerto Rico",2011,3683652,"PRI","Americas"
"Qatar",2011,1810913,"QAT","Asia"
"Reunion",2011,846749,"REU","Africa"
"Romania",2011,20281955,"ROU","Europe"
"Russia",2011,144043700,"RUS","Europe"
"Rwanda",2011,10573694,"RWA","Africa"
"Saint Barthelemy",2011,9066,"BLM","Americas"
"Saint Helena",2011,5344,"SHN","Africa"
"Saint Kitts and Nevis",2011,46866,"KNA","Americas"
"Saint Lucia",2011,171765,"LCA","Americas"
"Saint Martin (French part)",2011,37046,"MAF","Americas"
"Saint Pierre and Miquelon",2011,5995,"SPM","Americas"
"Saint Vincent and the Grenadines",2011,109314,"VCT","Americas"
"Samoa",2011,194668,"WSM","Oceania"
"San Marino",2011,32133,"SMR","Europe"
"Sao Tome and Principe",2011,185618,"STP","Africa"
"Saudi Arabia",2011,26105592,"SAU","Asia"
"Senegal",2011,12958851,"SEN","Africa"
"Serbia",2011,7364807,"SRB","Europe"
"Seychelles",2011,96984,"SYC","Africa"
"Sierra Leone",2011,6387207,"SLE","Africa"
"Singapore",2011,5182186,"SGP","Asia"
"Sint Maarten (Dutch part)",2011,34241,"SXM","Americas"
"Slovakia",2011,5398048,"SVK","Europe"
"Slovenia",2011,2048754,"SVN","Europe"
"Solomon Islands",2011,552910,"SLB","Oceania"
"Somalia",2011,12348775,"SOM","Africa"
"South Africa",2011,52995162,"ZAF","Africa"
"South Korea",2011,49127592,"KOR","Asia"
"South Sudan",2011,10288063,"SSD","Africa"
"Spain",2011,46997994,"ESP","Europe"
"Sri Lanka",2011,21009008,"LKA","Asia"
"Sudan",2011,36140767,"SDN","Africa"
"Suriname",2011,556233,"SUR","Americas"
"Sweden",2011,9449207,"SWE","Europe"
"Switzerland",2011,7914333,"CHE","Europe"
"Syria",2011,22878049,"SYR","Asia"
"Taiwan",2011,23273026,"TWN","Asia"
"Tajikistan",2011,7824737,"TJK","Asia"
"Tanzania",2011,46029314,"TZA","Africa"
"Thailand",2011,69007158,"THA","Asia"
"Togo",2011,6916427,"TGO","Africa"
"Tokelau",2011,1590,"TKL","Oceania"
"Tonga",2011,107533,"TON","Oceania"
"Trinidad and Tobago",2011,1394948,"TTO","Americas"
"Tunisia",2011,10885997,"TUN","Africa"
"Turkey",2011,74215158,"TUR","Asia"
"Turkmenistan",2011,5683365,"TKM","Asia"
"Turks and Caicos Islands",2011,30825,"TCA","Americas"
"Tuvalu",2011,10766,"TUV","Oceania"
"Uganda",2011,33354493,"UGA","Africa"
"Ukraine",2011,46307812,"UKR","Europe"
"United Arab Emirates",2011,7199389,"ARE","Asia"
"United Kingdom",2011,63509238,"GBR","Europe"
"United States",2011,314105041,"USA","Americas"
"United States Virgin Islands",2011,105348,"UMI","Oceania"
"Uruguay",2011,3326787,"URY","Americas"
"Uzbekistan",2011,28823141,"UZB","Asia"
"Vanuatu",2011,243438,"VUT","Oceania"
"Venezuela",2011,29185167,"VEN","Americas"
"Vietnam",2011,88468266,"VNM","Asia"
"Wallis and Futuna",2011,12891,"WLF","Oceania"
"Western Sahara",2011,425044,"ESH","Africa"
"Yemen",2011,27582855,"YEM","Asia"
"Zambia",2011,14437740,"ZMB","Africa"
"Zimbabwe",2011,13595372,"ZWE","Africa"
"Afghanistan",2012,30559988,"AFG","Asia"
"Albania",2012,2909947,"ALB","Europe"
"Algeria",2012,37646120,"DZA","Africa"
"American Samoa",2012,54453,"ASM","Oceania"
"Andorra",2012,76812,"AND","Europe"
"Angola",2012,25177351,"AGO","Africa"
"Anguilla",2012,13356,"AIA","Americas"
"Antigua and Barbuda",2012,87228,"ATG","Americas"
"Argentina",2012,42161676,"ARG","Americas"
"Armenia",2012,2922474,"ARM","Asia"
"Aruba",2012,101717,"ABW","Americas"
"Australia",2012,22852597,"AUS","Oceania"
"Austria",2012,8431540,"AUT","Europe"
"Azerbaijan",2012,9376131,"AZE","Asia"
"Bahamas",2012,375423,"BHS","Americas"
"Bahrain",2012,1216256,"BHR","Asia"
"Bangladesh",2012,155070060,"BGD","Asia"
"Barbados",2012,276904,"BRB","Americas"
"Belarus",2012,9463025,"BLR","Europe"
"Belgium",2012,11107477,"BEL","Europe"
"Belize",2012,334367,"BLZ","Americas"
"Benin",2012,10397614,"BEN","Africa"
"Bermuda",2012,63617,"BMU","Americas"
"Bhutan",2012,717237,"BTN","Asia"
"Bolivia",2012,10515765,"BOL","Americas"
"Bonaire Sint Eustatius and Saba",2012,22804,"BES","Americas"
"Bosnia and Herzegovina",2012,3670056,"BIH","Europe"
"Botswana",2012,2108563,"BWA","Africa"
"Brazil",2012,196876061,"BRA","Americas"
"British Virgin Islands",2012,30320,"IOT","Africa"
"Brunei",2012,405519,"BRN","Asia"
"Bulgaria",2012,7316974,"BGR","Europe"
"Burkina Faso",2012,17172238,"BFA","Africa"
"Burundi",2012,10070981,"BDI","Africa"
"Cambodia",2012,14945041,"KHM","Asia"
"Cameroon",2012,20809477,"CMR","Africa"
"Canada",2012,34922466,"CAN","Americas"
"Cape Verde",2012,511919,"CPV","Africa"
"Cayman Islands",2012,57107,"CYM","Americas"
"Central African Republic",2012,4610805,"CAF","Africa"
"Chad",2012,13210954,"TCD","Africa"
"Chile",2012,17519067,"CHL","Americas"
"China",2012,1369520822,"CHN","Asia"
"Colombia",2012,45715766,"COL","Americas"
"Comoros",2012,681594,"COM","Africa"
"Congo",2012,4740414,"COG","Africa"
"Cook Islands",2012,17638,"COK","Oceania"
"Costa Rica",2012,4663890,"CRI","Americas"
"Cote d'Ivoire",2012,23467041,"CIV","Africa"
"Croatia",2012,4259181,"HRV","Europe"
"Cuba",2012,11303128,"CUB","Americas"
"Cyprus",2012,1165359,"CYP","Asia"
"Czechia",2012,10507287,"CZE","Europe"
"Democratic Republic of Congo",2012,73254570,"COD","Africa"
"Denmark",2012,5591867,"DNK","Europe"
"Djibouti",2012,966707,"DJI","Africa"
"Dominica",2012,69098,"DMA","Americas"
"Dominican Republic",2012,10070376,"DOM","Americas"
"East Timor",2012,1134845,"TLS","Asia"
"Ecuador",2012,15572144,"ECU","Americas"
"Egypt",2012,93160949,"EGY","Africa"
"El Salvador",2012,6113926,"SLV","Americas"
"Equatorial Guinea",2012,1293435,"GNQ","Africa"
"Eritrea",2012,3036957,"ERI","Africa"
"Estonia",2012,1322570,"EST","Europe"
"Eswatini",2012,1123817,"SWZ","Africa"
"Ethiopia",2012,95798722,"ETH","Africa"
"Falkland Islands",2012,3181,"FLK","Americas"
"Faroe Islands",2012,48066,"FRO","Europe"
"Fiji",2012,914872,"FJI","Oceania"
"Finland",2012,5413924,"FIN","Europe"
"France",2012,64058423,"FRA","Europe"
"French Guiana",2012,245743,"GUF","Americas"
"French Polynesia",2012,273032,"PYF","Oceania"
"Gabon",2012,1846852,"GAB","Africa"
"Gambia",2012,2043044,"GMB","Africa"
"Georgia",2012,3839155,"GEO","Asia"
"Germany",2012,80916339,"DEU","Europe"
"Ghana",2012,26734220,"GHA","Africa"
"Gibraltar",2012,32007,"GIB","Europe"
"Greece",2012,11048239,"GRC","Europe"
"Greenland",2012,56745,"GRL","Americas"
"Grenada",2012,112748,"GRD","Americas"
"Guadeloupe",2012,409105,"GLP","Americas"
"Guam",2012,166296,"GUM","Oceania"
"Guatemala",2012,15089585,"GTM","Americas"
"Guernsey",2012,61833,"GGY","Europe"
"Guinea",2012,10921531,"GIN","Africa"
"Guinea-Bissau",2012,1651385,"GNB","Africa"
"Guyana",2012,746252,"GUY","Americas"
"Haiti",2012,10069716,"HTI","Americas"
"Honduras",2012,8715038,"HND","Americas"
"Hong Kong",2012,7201012,"HKG","Asia"
"Hungary",2012,9916568,"HUN","Europe"
"Iceland",2012,320802,"ISL","Europe"
"India",2012,1278674446,"IND","Asia"
"Indonesia",2012,252698471,"IDN","Asia"
"Iran",2012,79370525,"IRN","Asia"
"Iraq",2012,33654796,"IRQ","Asia"
"Ireland",2012,4600088,"IRL","Europe"
"Isle of Man",2012,84303,"IMN","Europe"
"Israel",2012,7607737,"ISR","Asia"
"Italy",2012,60531480,"ITA","Europe"
"Jamaica",2012,2772387,"JAM","Americas"
"Japan",2012,127928244,"JPN","Asia"
"Jersey",2012,98885,"JEY","Europe"
"Jordan",2012,7587082,"JOR","Asia"
"Kazakhstan",2012,17306063,"KAZ","Asia"
"Kenya",2012,43888260,"KEN","Africa"
"Kiribati",2012,112248,"KIR","Oceania"
"Kosovo",2012,1806483,"XKX","Europe"
"Kuwait",2012,3336980,"KWT","Asia"
"Kyrgyzstan",2012,5696470,"KGZ","Asia"
"Laos",2012,6518933,"LAO","Asia"
"Latvia",2012,2034577,"LVA","Europe"
"Lebanon",2012,5235690,"LBN","Asia"
"Lesotho",2012,2034316,"LSO","Africa"
"Liberia",2012,4373007,"LBR","Africa"
"Libya",2012,6179281,"LBY","Africa"
"Liechtenstein",2012,36571,"LIE","Europe"
"Lithuania",2012,2988281,"LTU","Europe"
"Luxembourg",2012,530907,"LUX","Europe"
"Macao",2012,587403,"MAC","Asia"
"Madagascar",2012,23462392,"MDG","Africa"
"Malawi",2012,15709541,"MWI","Africa"
"Malaysia",2012,29662784,"MYS","Asia"
"Maldives",2012,386774,"MDV","Asia"
"Mali",2012,16956991,"MLI","Africa"
"Malta",2012,426564,"MLT","Europe"
"Marshall Islands",2012,51399,"MHL","Oceania"
"Martinique",2012,391685,"MTQ","Americas"
"Mauritania",2012,3618978,"MRT","Africa"
"Mauritius",2012,1289121,"MUS","Africa"
"Mayotte",2012,218964,"MYT","Africa"
"Mexico",2012,116818153,"MEX","Americas"
"Micronesia (country)",2012,107862,"FSM","Oceania"
"Moldova",2012,3482575,"MDA","Europe"
"Monaco",2012,34689,"MCO","Europe"
"Mongolia",2012,2795410,"MNG","Asia"
"Montenegro",2012,633497,"MNE","Europe"
"Montserrat",2012,4781,"MSR","Americas"
"Morocco",2012,33355201,"MAR","Africa"
"Mozambique",2012,24337788,"MOZ","Africa"
"Myanmar",2012,49837398,"MMR","Asia"
"Namibia",2012,2194604,"NAM","Africa"
"Nauru",2012,10258,"NRU","Oceania"
"Nepal",2012,27534868,"NPL","Asia"
"Netherlands",2012,16915143,"NLD","Europe"
"New Caledonia",2012,271584,"NCL","Oceania"
"New Zealand",2012,4411632,"NZL","Oceania"
"Nicaragua",2012,5901251,"NIC","Americas"
"Niger",2012,17836733,"NER","Africa"
"Nigeria",2012,176200571,"NGA","Africa"
"Niue",2012,1735,"NIU","Oceania"
"North Korea",2012,25211684,"PRK","Asia"
"North Macedonia",2012,2027246,"MKD","Europe"
"Northern Mariana Islands",2012,53206,"MNP","Oceania"
"Norway",2012,5018393,"NOR","Europe"
"Oman",2012,3547053,"OMN","Asia"
"Pakistan",2012,207667068,"PAK","Asia"
"Palau",2012,17748,"PLW","Oceania"
"Palestine",2012,4215282,"PSX","Asia"
"Panama",2012,3759201,"PAN","Americas"
"Papua New Guinea",2012,8081351,"PNG","Oceania"
"Paraguay",2012,5896966,"PRY","Americas"
"Peru",2012,29550318,"PER","Americas"
"Philippines",2012,100175459,"PHL","Asia"
"Poland",2012,38247820,"POL","Europe"
"Portugal",2012,10513092,"PRT","Europe"
"Puerto Rico",2012,3646361,"PRI","Americas"
"Qatar",2012,1907074,"QAT","Asia"
"Reunion",2012,845011,"REU","Africa"
"Romania",2012,20158399,"ROU","Europe"
"Russia",2012,144290965,"RUS","Europe"
"Rwanda",2012,10829851,"RWA","Africa"
"Saint Barthelemy",2012,9177,"BLM","Americas"
"Saint Helena",2012,5388,"SHN","Africa"
"Saint Kitts and Nevis",2012,47014,"KNA","Americas"
"Saint Lucia",2012,172541,"LCA","Americas"
"Saint Martin (French part)",2012,37256,"MAF","Americas"
"Saint Pierre and Miquelon",2012,5978,"SPM","Americas"
"Saint Vincent and the Grenadines",2012,108706,"VCT","Americas"
"Samoa",2012,196469,"WSM","Oceania"
"San Marino",2012,33441,"SMR","Europe"
"Sao Tome and Principe",2012,189406,"STP","Africa"
"Saudi Arabia",2012,27062388,"SAU","Asia"
"Senegal",2012,13310451,"SEN","Africa"
"Serbia",2012,7324574,"SRB","Europe"
"Seychelles",2012,99515,"SYC","Africa"
"Sierra Leone",2012,6551025,"SLE","Africa"
"Singapore",2012,5293298,"SGP","Asia"
"Sint Maarten (Dutch part)",2012,34998,"SXM","Americas"
"Slovakia",2012,5404834,"SVK","Europe"
"Slovenia",2012,2053274,"SVN","Europe"
"Solomon Islands",2012,573574,"SLB","Oceania"
"Somalia",2012,12461116,"SOM","Africa"
"South Africa",2012,53782518,"ZAF","Africa"
"South Korea",2012,49599543,"KOR","Asia"
"South Sudan",2012,10756194,"SSD","Africa"
"Spain",2012,47018277,"ESP","Europe"
"Sri Lanka",2012,21169405,"LKA","Asia"
"Sudan",2012,36923122,"SDN","Africa"
"Suriname",2012,562588,"SUR","Americas"
"Sweden",2012,9519430,"SWE","Europe"
"Switzerland",2012,7998872,"CHE","Europe"
"Syria",2012,22759716,"SYR","Asia"
"Taiwan",2012,23345913,"TWN","Asia"
"Tajikistan",2012,8014037,"TJK","Asia"
"Tanzania",2012,47374207,"TZA","Africa"
"Thailand",2012,69436048,"THA","Asia"
"Togo",2012,7100693,"TGO","Africa"
"Tokelau",2012,1651,"TKL","Oceania"
"Tonga",2012,107425,"TON","Oceania"
"Trinidad and Tobago",2012,1403767,"TTO","Americas"
"Tunisia",2012,11009606,"TUN","Africa"
"Turkey",2012,75197146,"TUR","Asia"
"Turkmenistan",2012,5808503,"TKM","Asia"
"Turks and Caicos Islands",2012,32104,"TCA","Americas"
"Tuvalu",2012,10924,"TUV","Oceania"
"Uganda",2012,34337384,"UGA","Africa"
"Ukraine",2012,46210001,"UKR","Europe"
"United Arab Emirates",2012,7497073,"ARE","Asia"
"United Kingdom",2012,63960443,"GBR","Europe"
"United States",2012,317115301,"USA","Americas"
"United States Virgin Islands",2012,104264,"UMI","Oceania"
"Uruguay",2012,3335354,"URY","Americas"
"Uzbekistan",2012,29261864,"UZB","Asia"
"Vanuatu",2012,248850,"VUT","Oceania"
"Venezuela",2012,29553788,"VEN","Americas"
"Vietnam",2012,89510294,"VNM","Asia"
"Wallis and Futuna",2012,12662,"WLF","Oceania"
"Western Sahara",2012,440984,"ESH","Africa"
"Yemen",2012,28433605,"YEM","Asia"
"Zambia",2012,14913571,"ZMB","Africa"
"Zimbabwe",2012,13817838,"ZWE","Africa"
"Afghanistan",2013,31622662,"AFG","Asia"
"Albania",2013,2907512,"ALB","Europe"
"Algeria",2013,38414134,"DZA","Africa"
"American Samoa",2013,53986,"ASM","Oceania"
"Andorra",2013,75175,"AND","Europe"
"Angola",2013,26165566,"AGO","Africa"
"Anguilla",2013,13225,"AIA","Americas"
"Antigua and Barbuda",2013,88018,"ATG","Americas"
"Argentina",2013,42582408,"ARG","Americas"
"Armenia",2013,2922487,"ARM","Asia"
"Aruba",2013,102523,"ABW","Americas"
"Australia",2013,23236224,"AUS","Oceania"
"Austria",2013,8481365,"AUT","Europe"
"Azerbaijan",2013,9504374,"AZE","Asia"
"Bahamas",2013,378905,"BHS","Americas"
"Bahrain",2013,1257153,"BHR","Asia"
"Bangladesh",2013,156532092,"BGD","Asia"
"Barbados",2013,277625,"BRB","Americas"
"Belarus",2013,9464405,"BLR","Europe"
"Belgium",2013,11160227,"BEL","Europe"
"Belize",2013,341596,"BLZ","Americas"
"Benin",2013,10708774,"BEN","Africa"
"Bermuda",2013,63548,"BMU","Americas"
"Bhutan",2013,725241,"BTN","Asia"
"Bolivia",2013,10682555,"BOL","Americas"
"Bonaire Sint Eustatius and Saba",2013,23792,"BES","Americas"
"Bosnia and Herzegovina",2013,3610814,"BIH","Europe"
"Botswana",2013,2140639,"BWA","Africa"
"Brazil",2013,198478236,"BRA","Americas"
"British Virgin Islands",2013,31678,"IOT","Africa"
"Brunei",2013,411153,"BRN","Asia"
"Bulgaria",2013,7264556,"BGR","Europe"
"Burkina Faso",2013,17695371,"BFA","Africa"
"Burundi",2013,10439290,"BDI","Africa"
"Cambodia",2013,15170170,"KHM","Asia"
"Cameroon",2013,21402330,"CMR","Africa"
"Canada",2013,35293366,"CAN","Americas"
"Cape Verde",2013,512183,"CPV","Africa"
"Cayman Islands",2013,58630,"CYM","Americas"
"Central African Republic",2013,4642385,"CAF","Africa"
"Chad",2013,13691034,"TCD","Africa"
"Chile",2013,17686958,"CHL","Americas"
"China",2013,1379007984,"CHN","Asia"
"Colombia",2013,46151536,"COL","Americas"
"Comoros",2013,696157,"COM","Africa"
"Congo",2013,4857053,"COG","Africa"
"Cook Islands",2013,17572,"COK","Oceania"
"Costa Rica",2013,4716102,"CRI","Americas"
"Cote d'Ivoire",2013,23939724,"CIV","Africa"
"Croatia",2013,4242353,"HRV","Europe"
"Cuba",2013,11298111,"CUB","Americas"
"Cyprus",2013,1183847,"CYP","Asia"
"Czechia",2013,10511117,"CZE","Europe"
"Democratic Republic of Congo",2013,75789348,"COD","Africa"
"Denmark",2013,5615285,"DNK","Europe"
"Djibouti",2013,984788,"DJI","Africa"
"Dominica",2013,69673,"DMA","Americas"
"Dominican Republic",2013,10193781,"DOM","Americas"
"East Timor",2013,1158649,"TLS","Asia"
"Ecuador",2013,15807087,"ECU","Americas"
"Egypt",2013,95333501,"EGY","Africa"
"El Salvador",2013,6138797,"SLV","Americas"
"Equatorial Guinea",2013,1346160,"GNQ","Africa"
"Eritrea",2013,3074326,"ERI","Africa"
"Estonia",2013,1317872,"EST","Europe"
"Eswatini",2013,1129945,"SWZ","Africa"
"Ethiopia",2013,98438710,"ETH","Africa"
"Falkland Islands",2013,3254,"FLK","Americas"
"Faroe Islands",2013,48251,"FRO","Europe"
"Fiji",2013,916312,"FJI","Oceania"
"Finland",2013,5439027,"FIN","Europe"
"France",2013,64387684,"FRA","Europe"
"French Guiana",2013,253199,"GUF","Americas"
"French Polynesia",2013,274697,"PYF","Oceania"
"Gabon",2013,1913008,"GAB","Africa"
"Gambia",2013,2103775,"GMB","Africa"
"Georgia",2013,3809072,"GEO","Asia"
"Germany",2013,81041525,"DEU","Europe"
"Ghana",2013,27386146,"GHA","Africa"
"Gibraltar",2013,32383,"GIB","Europe"
"Greece",2013,10967481,"GRC","Europe"
"Greenland",2013,56477,"GRL","Americas"
"Grenada",2013,113442,"GRD","Americas"
"Guadeloupe",2013,408324,"GLP","Americas"
"Guam",2013,165938,"GUM","Oceania"
"Guatemala",2013,15387291,"GTM","Americas"
"Guernsey",2013,61992,"GGY","Europe"
"Guinea",2013,11191827,"GIN","Africa"
"Guinea-Bissau",2013,1695931,"GNB","Africa"
"Guyana",2013,749965,"GUY","Americas"
"Haiti",2013,10222322,"HTI","Americas"
"Honduras",2013,8889226,"HND","Americas"
"Hong Kong",2013,7264275,"HKG","Asia"
"Hungary",2013,9889294,"HUN","Europe"
"Iceland",2013,323845,"ISL","Europe"
"India",2013,1295829456,"IND","Asia"
"Indonesia",2013,255852410,"IDN","Asia"
"Iran",2013,80414625,"IRN","Asia"
"Iraq",2013,35281935,"IRQ","Asia"
"Ireland",2013,4624629,"IRL","Europe"
"Isle of Man",2013,84102,"IMN","Europe"
"Israel",2013,7749319,"ISR","Asia"
"Italy",2013,60653828,"ITA","Europe"
"Jamaica",2013,2783639,"JAM","Americas"
"Japan",2013,127723595,"JPN","Asia"
"Jersey",2013,99714,"JEY","Europe"
"Jordan",2013,7991751,"JOR","Asia"
"Kazakhstan",2013,17556454,"KAZ","Asia"
"Kenya",2013,44986744,"KEN","Africa"
"Kiribati",2013,113804,"KIR","Oceania"
"Kosovo",2013,1817114,"XKX","Europe"
"Kuwait",2013,3507709,"KWT","Asia"
"Kyrgyzstan",2013,5797248,"KGZ","Asia"
"Laos",2013,6611342,"LAO","Asia"
"Latvia",2013,2012960,"LVA","Europe"
"Lebanon",2013,5743385,"LBN","Asia"
"Lesotho",2013,2056448,"LSO","Africa"
"Liberia",2013,4470187,"LBR","Africa"
"Libya",2013,6304591,"LBY","Africa"
"Liechtenstein",2013,36878,"LIE","Europe"
"Lithuania",2013,2958306,"LTU","Europe"
"Luxembourg",2013,543317,"LUX","Europe"
"Macao",2013,598703,"MAC","Asia"
"Madagascar",2013,24109241,"MDG","Africa"
"Malawi",2013,16161772,"MWI","Africa"
"Malaysia",2013,30174221,"MYS","Asia"
"Maldives",2013,400026,"MDV","Asia"
"Mali",2013,17459573,"MLI","Africa"
"Malta",2013,428410,"MLT","Europe"
"Marshall Islands",2013,50648,"MHL","Oceania"
"Martinique",2013,389426,"MTQ","Americas"
"Mauritania",2013,3734279,"MRT","Africa"
"Mauritius",2013,1290937,"MUS","Africa"
"Mayotte",2013,226591,"MYT","Africa"
"Mexico",2013,118343517,"MEX","Americas"
"Micronesia (country)",2013,108083,"FSM","Oceania"
"Moldova",2013,3408686,"MDA","Europe"
"Monaco",2013,35428,"MCO","Europe"
"Mongolia",2013,2851830,"MNG","Asia"
"Montenegro",2013,633162,"MNE","Europe"
"Montserrat",2013,4731,"MSR","Americas"
"Morocco",2013,33787523,"MAR","Africa"
"Mozambique",2013,25051568,"MOZ","Africa"
"Myanmar",2013,50262613,"MMR","Asia"
"Namibia",2013,2252462,"NAM","Africa"
"Nauru",2013,10505,"NRU","Oceania"
"Nepal",2013,27589950,"NPL","Asia"
"Netherlands",2013,16967013,"NLD","Europe"
"New Caledonia",2013,276774,"NCL","Oceania"
"New Zealand",2013,4453817,"NZL","Oceania"
"Nicaragua",2013,5983801,"NIC","Americas"
"Niger",2013,18519843,"NER","Africa"
"Nigeria",2013,181049400,"NGA","Africa"
"Niue",2013,1746,"NIU","Oceania"
"North Korea",2013,25329409,"PRK","Asia"
"North Macedonia",2013,2013223,"MKD","Europe"
"Northern Mariana Islands",2013,52734,"MNP","Oceania"
"Norway",2013,5080085,"NOR","Europe"
"Oman",2013,3833871,"OMN","Asia"
"Pakistan",2013,211073920,"PAK","Asia"
"Palau",2013,17620,"PLW","Oceania"
"Palestine",2013,4315214,"PSX","Asia"
"Panama",2013,3825287,"PAN","Americas"
"Papua New Guinea",2013,8302648,"PNG","Oceania"
"Paraguay",2013,5982397,"PRY","Americas"
"Peru",2013,29817865,"PER","Americas"
"Philippines",2013,102076299,"PHL","Asia"
"Poland",2013,38259214,"POL","Europe"
"Portugal",2013,10458238,"PRT","Europe"
"Puerto Rico",2013,3606729,"PRI","Americas"
"Qatar",2013,2032602,"QAT","Asia"
"Reunion",2013,847553,"REU","Africa"
"Romania",2013,20062861,"ROU","Europe"
"Russia",2013,144604052,"RUS","Europe"
"Rwanda",2013,11093287,"RWA","Africa"
"Saint Barthelemy",2013,9299,"BLM","Americas"
"Saint Helena",2013,5425,"SHN","Africa"
"Saint Kitts and Nevis",2013,47048,"KNA","Americas"
"Saint Lucia",2013,173340,"LCA","Americas"
"Saint Martin (French part)",2013,37390,"MAF","Americas"
"Saint Pierre and Miquelon",2013,5948,"SPM","Americas"
"Saint Vincent and the Grenadines",2013,108110,"VCT","Americas"
"Samoa",2013,198245,"WSM","Oceania"
"San Marino",2013,33595,"SMR","Europe"
"Sao Tome and Principe",2013,193111,"STP","Africa"
"Saudi Arabia",2013,28026782,"SAU","Asia"
"Senegal",2013,13710804,"SEN","Africa"
"Serbia",2013,7276136,"SRB","Europe"
"Seychelles",2013,102066,"SYC","Africa"
"Sierra Leone",2013,6714007,"SLE","Africa"
"Singapore",2013,5385542,"SGP","Asia"
"Sint Maarten (Dutch part)",2013,35832,"SXM","Americas"
"Slovakia",2013,5410370,"SVK","Europe"
"Slovenia",2013,2056403,"SVN","Europe"
"Solomon Islands",2013,594906,"SLB","Oceania"
"Somalia",2013,12869548,"SOM","Africa"
"South Africa",2013,54678742,"ZAF","Africa"
"South Korea",2013,50071119,"KOR","Asia"
"South Sudan",2013,11166237,"SSD","Africa"
"Spain",2013,46860345,"ESP","Europe"
"Sri Lanka",2013,21358787,"LKA","Asia"
"Sudan",2013,37785804,"SDN","Africa"
"Suriname",2013,568971,"SUR","Americas"
"Sweden",2013,9600578,"SWE","Europe"
"Switzerland",2013,8091148,"CHE","Europe"
"Syria",2013,21666877,"SYR","Asia"
"Taiwan",2013,23416820,"TWN","Asia"
"Tajikistan",2013,8216686,"TJK","Asia"
"Tanzania",2013,48824088,"TZA","Africa"
"Thailand",2013,69845062,"THA","Asia"
"Togo",2013,7285399,"TGO","Africa"
"Tokelau",2013,1721,"TKL","Oceania"
"Tonga",2013,107037,"TON","Oceania"
"Trinidad and Tobago",2013,1412610,"TTO","Americas"
"Tunisia",2013,11141316,"TUN","Africa"
"Turkey",2013,76402978,"TUR","Asia"
"Turkmenistan",2013,5939302,"TKM","Asia"
"Turks and Caicos Islands",2013,33623,"TCA","Americas"
"Tuvalu",2013,10981,"TUV","Oceania"
"Uganda",2013,35336994,"UGA","Africa"
"Ukraine",2013,46126715,"UKR","Europe"
"United Arab Emirates",2013,7831805,"ARE","Asia"
"United Kingdom",2013,64389337,"GBR","Europe"
"United States",2013,320110710,"USA","Americas"
"United States Virgin Islands",2013,103119,"UMI","Oceania"
"Uruguay",2013,3345281,"URY","Americas"
"Uzbekistan",2013,29724011,"UZB","Asia"
"Vanuatu",2013,254448,"VUT","Oceania"
"Venezuela",2013,29912142,"VEN","Americas"
"Vietnam",2013,90573054,"VNM","Asia"
"Wallis and Futuna",2013,12457,"WLF","Oceania"
"Western Sahara",2013,457386,"ESH","Africa"
"Yemen",2013,29312908,"YEM","Asia"
"Zambia",2013,15398950,"ZMB","Africa"
"Zimbabwe",2013,14013761,"ZWE","Africa"
"Afghanistan",2014,32792472,"AFG","Asia"
"Albania",2014,2903689,"ALB","Europe"
"Algeria",2014,39204992,"DZA","Africa"
"American Samoa",2014,53448,"ASM","Oceania"
"Andorra",2014,73701,"AND","Europe"
"Angola",2014,27160719,"AGO","Africa"
"Anguilla",2014,13703,"AIA","Americas"
"Antigua and Barbuda",2014,88730,"ATG","Americas"
"Argentina",2014,43024021,"ARG","Americas"
"Armenia",2014,2922390,"ARM","Asia"
"Aruba",2014,103341,"ABW","Americas"
"Australia",2014,23595552,"AUS","Oceania"
"Austria",2014,8547760,"AUT","Europe"
"Azerbaijan",2014,9631088,"AZE","Asia"
"Bahamas",2014,382262,"BHS","Americas"
"Bahrain",2014,1312803,"BHR","Asia"
"Bangladesh",2014,157964878,"BGD","Asia"
"Barbados",2014,278302,"BRB","Americas"
"Belarus",2014,9472660,"BLR","Europe"
"Belgium",2014,11210070,"BEL","Europe"
"Belize",2014,348889,"BLZ","Americas"
"Benin",2014,11029964,"BEN","Africa"
"Bermuda",2014,63499,"BMU","Americas"
"Bhutan",2014,733102,"BTN","Asia"
"Bolivia",2014,10848842,"BOL","Americas"
"Bonaire Sint Eustatius and Saba",2014,24442,"BES","Americas"
"Bosnia and Herzegovina",2014,3564777,"BIH","Europe"
"Botswana",2014,2172010,"BWA","Africa"
"Brazil",2014,200085074,"BRA","Americas"
"British Virgin Islands",2014,32940,"IOT","Africa"
"Brunei",2014,416708,"BRN","Asia"
"Bulgaria",2014,7223406,"BGR","Europe"
"Burkina Faso",2014,18229421,"BFA","Africa"
"Burundi",2014,10799746,"BDI","Africa"
"Cambodia",2014,15396720,"KHM","Asia"
"Cameroon",2014,22059848,"CMR","Africa"
"Canada",2014,35634224,"CAN","Americas"
"Cape Verde",2014,512281,"CPV","Africa"
"Cayman Islands",2014,60131,"CYM","Americas"
"Central African Republic",2014,4623146,"CAF","Africa"
"Chad",2014,14188639,"TCD","Africa"
"Chile",2014,17864143,"CHL","Americas"
"China",2014,1387951920,"CHN","Asia"
"Colombia",2014,46565374,"COL","Americas"
"Comoros",2014,711462,"COM","Africa"
"Congo",2014,4975835,"COG","Africa"
"Cook Islands",2014,17513,"COK","Oceania"
"Costa Rica",2014,4767078,"CRI","Americas"
"Cote d'Ivoire",2014,24527339,"CIV","Africa"
"Croatia",2014,4219439,"HRV","Europe"
"Cuba",2014,11285740,"CUB","Americas"
"Cyprus",2014,1201763,"CYP","Asia"
"Czechia",2014,10517176,"CZE","Europe"
"Democratic Republic of Congo",2014,78403201,"COD","Africa"
"Denmark",2014,5643742,"DNK","Europe"
"Djibouti",2014,1002677,"DJI","Africa"
"Dominica",2014,70338,"DMA","Americas"
"Dominican Republic",2014,10315473,"DOM","Americas"
"East Timor",2014,1181877,"TLS","Asia"
"Ecuador",2014,16035075,"ECU","Americas"
"Egypt",2014,97528601,"EGY","Africa"
"El Salvador",2014,6162903,"SLV","Americas"
"Equatorial Guinea",2014,1399777,"GNQ","Africa"
"Eritrea",2014,3095119,"ERI","Africa"
"Estonia",2014,1314402,"EST","Europe"
"Eswatini",2014,1136260,"SWZ","Africa"
"Ethiopia",2014,101115562,"ETH","Africa"
"Falkland Islands",2014,3327,"FLK","Americas"
"Faroe Islands",2014,48469,"FRO","Europe"
"Fiji",2014,917544,"FJI","Oceania"
"Finland",2014,5461629,"FIN","Europe"
"France",2014,64692449,"FRA","Europe"
"French Guiana",2014,260514,"GUF","Americas"
"French Polynesia",2014,276345,"PYF","Oceania"
"Gabon",2014,1978345,"GAB","Africa"
"Gambia",2014,2164486,"GMB","Africa"
"Georgia",2014,3792875,"GEO","Asia"
"Germany",2014,81376036,"DEU","Europe"
"Ghana",2014,28041528,"GHA","Africa"
"Gibraltar",2014,32783,"GIB","Europe"
"Greece",2014,10893122,"GRC","Europe"
"Greenland",2014,56150,"GRL","Americas"
"Grenada",2014,114103,"GRD","Americas"
"Guadeloupe",2014,406608,"GLP","Americas"
"Guam",2014,165459,"GUM","Oceania"
"Guatemala",2014,15681675,"GTM","Americas"
"Guernsey",2014,62147,"GGY","Europe"
"Guinea",2014,11472868,"GIN","Africa"
"Guinea-Bissau",2014,1741074,"GNB","Africa"
"Guyana",2014,754171,"GUY","Americas"
"Haiti",2014,10373194,"HTI","Americas"
"Honduras",2014,9063078,"HND","Americas"
"Hong Kong",2014,7319453,"HKG","Asia"
"Hungary",2014,9862785,"HUN","Europe"
"Iceland",2014,327471,"ISL","Europe"
"India",2014,1312277131,"IND","Asia"
"Indonesia",2014,258877350,"IDN","Asia"
"Iran",2014,81501999,"IRN","Asia"
"Iraq",2014,36550007,"IRQ","Asia"
"Ireland",2014,4658186,"IRL","Europe"
"Isle of Man",2014,83863,"IMN","Europe"
"Israel",2014,7897132,"ISR","Asia"
"Italy",2014,60664127,"ITA","Europe"
"Jamaica",2014,2793708,"JAM","Americas"
"Japan",2014,127486555,"JPN","Asia"
"Jersey",2014,100533,"JEY","Europe"
"Jordan",2014,8791661,"JOR","Asia"
"Kazakhstan",2014,17816240,"KAZ","Asia"
"Kenya",2014,46051395,"KEN","Africa"
"Kiribati",2014,115296,"KIR","Oceania"
"Kosovo",2014,1808931,"XKX","Europe"
"Kuwait",2014,3665719,"KWT","Asia"
"Kyrgyzstan",2014,5898279,"KGZ","Asia"
"Laos",2014,6703118,"LAO","Asia"
"Latvia",2014,1994096,"LVA","Europe"
"Lebanon",2014,6346950,"LBN","Asia"
"Lesotho",2014,2080036,"LSO","Africa"
"Liberia",2014,4564257,"LBR","Africa"
"Libya",2014,6427214,"LBY","Africa"
"Liechtenstein",2014,37155,"LIE","Europe"
"Lithuania",2014,2933118,"LTU","Europe"
"Luxembourg",2014,556243,"LUX","Europe"
"Macao",2014,610250,"MAC","Asia"
"Madagascar",2014,24764298,"MDG","Africa"
"Malawi",2014,16621485,"MWI","Africa"
"Malaysia",2014,30696080,"MYS","Asia"
"Maldives",2014,413574,"MDV","Asia"
"Mali",2014,18020221,"MLI","Africa"
"Malta",2014,434451,"MLT","Europe"
"Marshall Islands",2014,49766,"MHL","Oceania"
"Martinique",2014,386978,"MTQ","Americas"
"Mauritania",2014,3848461,"MRT","Africa"
"Mauritius",2014,1291949,"MUS","Africa"
"Mayotte",2014,235741,"MYT","Africa"
"Mexico",2014,119784217,"MEX","Americas"
"Micronesia (country)",2014,108365,"FSM","Oceania"
"Moldova",2014,3342665,"MDA","Europe"
"Monaco",2014,36107,"MCO","Europe"
"Mongolia",2014,2912984,"MNG","Asia"
"Montenegro",2014,631332,"MNE","Europe"
"Montserrat",2014,4705,"MSR","Americas"
"Morocco",2014,34204741,"MAR","Africa"
"Mozambique",2014,25788424,"MOZ","Africa"
"Myanmar",2014,50681584,"MMR","Asia"
"Namibia",2014,2312089,"NAM","Africa"
"Nauru",2014,10728,"NRU","Oceania"
"Nepal",2014,27672334,"NPL","Asia"
"Netherlands",2014,17030041,"NLD","Europe"
"New Caledonia",2014,281178,"NCL","Oceania"
"New Zealand",2014,4522923,"NZL","Oceania"
"Nicaragua",2014,6066438,"NIC","Americas"
"Niger",2014,19215874,"NER","Africa"
"Nigeria",2014,185896872,"NGA","Africa"
"Niue",2014,1753,"NIU","Oceania"
"North Korea",2014,25451215,"PRK","Asia"
"North Macedonia",2014,1997784,"MKD","Europe"
"Northern Mariana Islands",2014,52155,"MNP","Oceania"
"Norway",2014,5137351,"NOR","Europe"
"Oman",2014,4002390,"OMN","Asia"
"Pakistan",2014,214264607,"PAK","Asia"
"Palau",2014,17700,"PLW","Oceania"
"Palestine",2014,4415839,"PSX","Asia"
"Panama",2014,3892053,"PAN","Americas"
"Papua New Guinea",2014,8523397,"PNG","Oceania"
"Paraguay",2014,6069774,"PRY","Americas"
"Peru",2014,30115771,"PER","Americas"
"Philippines",2014,103767082,"PHL","Asia"
"Poland",2014,38265064,"POL","Europe"
"Portugal",2014,10406148,"PRT","Europe"
"Puerto Rico",2014,3565314,"PRI","Americas"
"Qatar",2014,2218318,"QAT","Asia"
"Reunion",2014,858625,"REU","Africa"
"Romania",2014,19968125,"ROU","Europe"
"Russia",2014,144925588,"RUS","Europe"
"Rwanda",2014,11364711,"RWA","Africa"
"Saint Barthelemy",2014,9426,"BLM","Americas"
"Saint Helena",2014,5446,"SHN","Africa"
"Saint Kitts and Nevis",2014,47073,"KNA","Americas"
"Saint Lucia",2014,174099,"LCA","Americas"
"Saint Martin (French part)",2014,37424,"MAF","Americas"
"Saint Pierre and Miquelon",2014,5934,"SPM","Americas"
"Saint Vincent and the Grenadines",2014,107508,"VCT","Americas"
"Samoa",2014,200009,"WSM","Oceania"
"San Marino",2014,33699,"SMR","Europe"
"Sao Tome and Principe",2014,196726,"STP","Africa"
"Saudi Arabia",2014,28998069,"SAU","Asia"
"Senegal",2014,14152057,"SEN","Africa"
"Serbia",2014,7227156,"SRB","Europe"
"Seychelles",2014,104624,"SYC","Africa"
"Sierra Leone",2014,6876331,"SLE","Africa"
"Singapore",2014,5457856,"SGP","Asia"
"Sint Maarten (Dutch part)",2014,36639,"SXM","Americas"
"Slovakia",2014,5415184,"SVK","Europe"
"Slovenia",2014,2058351,"SVN","Europe"
"Solomon Islands",2014,616865,"SLB","Oceania"
"Somalia",2014,13339450,"SOM","Africa"
"South Africa",2014,55594796,"ZAF","Africa"
"South Korea",2014,50539008,"KOR","Asia"
"South Sudan",2014,11235032,"SSD","Africa"
"Spain",2014,46720137,"ESP","Europe"
"Sri Lanka",2014,21547410,"LKA","Asia"
"Sudan",2014,38823281,"SDN","Africa"
"Suriname",2014,575336,"SUR","Americas"
"Sweden",2014,9696389,"SWE","Europe"
"Switzerland",2014,8190179,"CHE","Europe"
"Syria",2014,20273611,"SYR","Asia"
"Taiwan",2014,23472755,"TWN","Asia"
"Tajikistan",2014,8425521,"TJK","Asia"
"Tanzania",2014,50351462,"TZA","Africa"
"Thailand",2014,70216319,"THA","Asia"
"Togo",2014,7472415,"TGO","Africa"
"Tokelau",2014,1714,"TKL","Oceania"
"Tonga",2014,106586,"TON","Oceania"
"Trinidad and Tobago",2014,1421085,"TTO","Americas"
"Tunisia",2014,11274241,"TUN","Africa"
"Turkey",2014,78036104,"TUR","Asia"
"Turkmenistan",2014,6075239,"TKM","Asia"
"Turks and Caicos Islands",2014,35035,"TCA","Americas"
"Tuvalu",2014,10964,"TUV","Oceania"
"Uganda",2014,36395493,"UGA","Africa"
"Ukraine",2014,45972329,"UKR","Europe"
"United Arab Emirates",2014,8236833,"ARE","Asia"
"United Kingdom",2014,64865865,"GBR","Europe"
"United States",2014,323115328,"USA","Americas"
"United States Virgin Islands",2014,101963,"UMI","Oceania"
"Uruguay",2014,3356294,"URY","Americas"
"Uzbekistan",2014,30222939,"UZB","Asia"
"Vanuatu",2014,260196,"VUT","Oceania"
"Venezuela",2014,30254025,"VEN","Americas"
"Vietnam",2014,91679537,"VNM","Asia"
"Wallis and Futuna",2014,12282,"WLF","Oceania"
"Western Sahara",2014,472540,"ESH","Africa"
"Yemen",2014,30226266,"YEM","Asia"
"Zambia",2014,15895274,"ZMB","Africa"
"Zimbabwe",2014,14207314,"ZWE","Africa"
"Afghanistan",2015,33831716,"AFG","Asia"
"Albania",2015,2898589,"ALB","Europe"
"Algeria",2015,40019473,"DZA","Africa"
"American Samoa",2015,52849,"ASM","Oceania"
"Andorra",2015,72151,"AND","Europe"
"Angola",2015,28157754,"AGO","Africa"
"Anguilla",2015,14195,"AIA","Americas"
"Antigua and Barbuda",2015,89367,"ATG","Americas"
"Argentina",2015,43476961,"ARG","Americas"
"Armenia",2015,2921124,"ARM","Asia"
"Aruba",2015,104153,"ABW","Americas"
"Australia",2015,23947955,"AUS","Oceania"
"Austria",2015,8643981,"AUT","Europe"
"Azerbaijan",2015,9752813,"AZE","Asia"
"Bahamas",2015,385302,"BHS","Americas"
"Bahrain",2015,1369607,"BHR","Asia"
"Bangladesh",2015,159383130,"BGD","Asia"
"Barbados",2015,278942,"BRB","Americas"
"Belarus",2015,9487235,"BLR","Europe"
"Belgium",2015,11275281,"BEL","Europe"
"Belize",2015,356296,"BLZ","Americas"
"Benin",2015,11360628,"BEN","Africa"
"Bermuda",2015,63442,"BMU","Americas"
"Bhutan",2015,740573,"BTN","Asia"
"Bolivia",2015,11014657,"BOL","Americas"
"Bonaire Sint Eustatius and Saba",2015,24597,"BES","Americas"
"Bosnia and Herzegovina",2015,3518485,"BIH","Europe"
"Botswana",2015,2203232,"BWA","Africa"
"Brazil",2015,201675482,"BRA","Americas"
"British Virgin Islands",2015,34478,"IOT","Africa"
"Brunei",2015,422176,"BRN","Asia"
"Bulgaria",2015,7177463,"BGR","Europe"
"Burkina Faso",2015,18777451,"BFA","Africa"
"Burundi",2015,11047534,"BDI","Africa"
"Cambodia",2015,15623205,"KHM","Asia"
"Cameroon",2015,22763375,"CMR","Africa"
"Canada",2015,35962183,"CAN","Americas"
"Cape Verde",2015,512355,"CPV","Africa"
"Cayman Islands",2015,61612,"CYM","Americas"
"Central African Republic",2015,4629279,"CAF","Africa"
"Chad",2015,14647574,"TCD","Africa"
"Chile",2015,18047575,"CHL","Americas"
"China",2015,1396134112,"CHN","Asia"
"Colombia",2015,46969894,"COL","Americas"
"Comoros",2015,726628,"COM","Africa"
"Congo",2015,5097532,"COG","Africa"
"Cook Islands",2015,17427,"COK","Oceania"
"Costa Rica",2015,4817996,"CRI","Americas"
"Cote d'Ivoire",2015,25246300,"CIV","Africa"
"Croatia",2015,4183681,"HRV","Europe"
"Cuba",2015,11275017,"CUB","Americas"
"Cyprus",2015,1219450,"CYP","Asia"
"Czechia",2015,10524367,"CZE","Europe"
"Democratic Republic of Congo",2015,81035481,"COD","Africa"
"Denmark",2015,5683641,"DNK","Europe"
"Djibouti",2015,1020260,"DJI","Africa"
"Dominica",2015,70388,"DMA","Americas"
"Dominican Republic",2015,10434772,"DOM","Americas"
"East Timor",2015,1205091,"TLS","Asia"
"Ecuador",2015,16266173,"ECU","Americas"
"Egypt",2015,99597285,"EGY","Africa"
"El Salvador",2015,6183621,"SLV","Americas"
"Equatorial Guinea",2015,1453871,"GNQ","Africa"
"Eritrea",2015,3105511,"ERI","Africa"
"Estonia",2015,1314538,"EST","Europe"
"Eswatini",2015,1142773,"SWZ","Africa"
"Ethiopia",2015,103867085,"ETH","Africa"
"Falkland Islands",2015,3393,"FLK","Americas"
"Faroe Islands",2015,48867,"FRO","Europe"
"Fiji",2015,918532,"FJI","Oceania"
"Finland",2015,5479664,"FIN","Europe"
"France",2015,64916292,"FRA","Europe"
"French Guiana",2015,266330,"GUF","Americas"
"French Polynesia",2015,277826,"PYF","Oceania"
"Gabon",2015,2040935,"GAB","Africa"
"Gambia",2015,2224483,"GMB","Africa"
"Georgia",2015,3791515,"GEO","Asia"
"Germany",2015,82077498,"DEU","Europe"
"Ghana",2015,28696019,"GHA","Africa"
"Gibraltar",2015,33163,"GIB","Europe"
"Greece",2015,10820843,"GRC","Europe"
"Greenland",2015,55998,"GRL","Americas"
"Grenada",2015,114634,"GRD","Americas"
"Guadeloupe",2015,403905,"GLP","Americas"
"Guam",2015,164862,"GUM","Oceania"
"Guatemala",2015,15971692,"GTM","Americas"
"Guernsey",2015,62216,"GGY","Europe"
"Guinea",2015,11767021,"GIN","Africa"
"Guinea-Bissau",2015,1786411,"GNB","Africa"
"Guyana",2015,758746,"GUY","Americas"
"Haiti",2015,10523200,"HTI","Americas"
"Honduras",2015,9237261,"HND","Americas"
"Hong Kong",2015,7366349,"HKG","Asia"
"Hungary",2015,9839162,"HUN","Europe"
"Iceland",2015,330918,"ISL","Europe"
"India",2015,1328024445,"IND","Asia"
"Indonesia",2015,261799196,"IDN","Asia"
"Iran",2015,82619310,"IRN","Asia"
"Iraq",2015,37560485,"IRQ","Asia"
"Ireland",2015,4702444,"IRL","Europe"
"Isle of Man",2015,83567,"IMN","Europe"
"Israel",2015,8052858,"ISR","Asia"
"Italy",2015,60575274,"ITA","Europe"
"Jamaica",2015,2802491,"JAM","Americas"
"Japan",2015,127275819,"JPN","Asia"
"Jersey",2015,101167,"JEY","Europe"
"Jordan",2015,9544673,"JOR","Asia"
"Kazakhstan",2015,18084126,"KAZ","Asia"
"Kenya",2015,47088485,"KEN","Africa"
"Kiribati",2015,116787,"KIR","Oceania"
"Kosovo",2015,1778978,"XKX","Europe"
"Kuwait",2015,3834416,"KWT","Asia"
"Kyrgyzstan",2015,6001819,"KGZ","Asia"
"Laos",2015,6801606,"LAO","Asia"
"Latvia",2015,1977815,"LVA","Europe"
"Lebanon",2015,6472422,"LBN","Asia"
"Lesotho",2015,2104564,"LSO","Africa"
"Liberia",2015,4659399,"LBR","Africa"
"Libya",2015,6531779,"LBY","Africa"
"Liechtenstein",2015,37374,"LIE","Europe"
"Lithuania",2015,2905726,"LTU","Europe"
"Luxembourg",2015,569497,"LUX","Europe"
"Macao",2015,622134,"MAC","Asia"
"Madagascar",2015,25426654,"MDG","Africa"
"Malawi",2015,17085543,"MWI","Africa"
"Malaysia",2015,31232744,"MYS","Asia"
"Maldives",2015,428122,"MDV","Asia"
"Mali",2015,18592978,"MLI","Africa"
"Malta",2015,444936,"MLT","Europe"
"Marshall Islands",2015,48784,"MHL","Oceania"
"Martinique",2015,383679,"MTQ","Americas"
"Mauritania",2015,3965910,"MRT","Africa"
"Mauritius",2015,1292230,"MUS","Africa"
"Mayotte",2015,245544,"MYT","Africa"
"Mexico",2015,121072270,"MEX","Americas"
"Micronesia (country)",2015,108685,"FSM","Oceania"
"Moldova",2015,3287114,"MDA","Europe"
"Monaco",2015,36733,"MCO","Europe"
"Mongolia",2015,2976476,"MNG","Asia"
"Montenegro",2015,628096,"MNE","Europe"
"Montserrat",2015,4653,"MSR","Americas"
"Morocco",2015,34607538,"MAR","Africa"
"Mozambique",2015,26547522,"MOZ","Africa"
"Myanmar",2015,51089005,"MMR","Asia"
"Namibia",2015,2374258,"NAM","Africa"
"Nauru",2015,10936,"NRU","Oceania"
"Nepal",2015,27823579,"NPL","Asia"
"Netherlands",2015,17107382,"NLD","Europe"
"New Caledonia",2015,283132,"NCL","Oceania"
"New Zealand",2015,4613988,"NZL","Oceania"
"Nicaragua",2015,6149360,"NIC","Americas"
"Niger",2015,19939452,"NER","Africa"
"Nigeria",2015,190671830,"NGA","Africa"
"Niue",2015,1766,"NIU","Oceania"
"North Korea",2015,25575297,"PRK","Asia"
"North Macedonia",2015,1980318,"MKD","Europe"
"Northern Mariana Islands",2015,51490,"MNP","Oceania"
"Norway",2015,5189728,"NOR","Europe"
"Oman",2015,4184853,"OMN","Asia"
"Pakistan",2015,217290832,"PAK","Asia"
"Palau",2015,17747,"PLW","Oceania"
"Palestine",2015,4521515,"PSX","Asia"
"Panama",2015,3959985,"PAN","Americas"
"Papua New Guinea",2015,8743205,"PNG","Oceania"
"Paraguay",2015,6159053,"PRY","Americas"
"Peru",2015,30457550,"PER","Americas"
"Philippines",2015,105312935,"PHL","Asia"
"Poland",2015,38266267,"POL","Europe"
"Portugal",2015,10370222,"PRT","Europe"
"Puerto Rico",2015,3521769,"PRI","Americas"
"Qatar",2015,2427284,"QAT","Asia"
"Reunion",2015,864960,"REU","Africa"
"Romania",2015,19870968,"ROU","Europe"
"Russia",2015,145307563,"RUS","Europe"
"Rwanda",2015,11639989,"RWA","Africa"
"Saint Barthelemy",2015,9573,"BLM","Americas"
"Saint Helena",2015,5491,"SHN","Africa"
"Saint Kitts and Nevis",2015,47057,"KNA","Americas"
"Saint Lucia",2015,174864,"LCA","Americas"
"Saint Martin (French part)",2015,37332,"MAF","Americas"
"Saint Pierre and Miquelon",2015,5922,"SPM","Americas"
"Saint Vincent and the Grenadines",2015,106931,"VCT","Americas"
"Samoa",2015,201744,"WSM","Oceania"
"San Marino",2015,33879,"SMR","Europe"
"Sao Tome and Principe",2015,200250,"STP","Africa"
"Saudi Arabia",2015,29974899,"SAU","Asia"
"Senegal",2015,14593290,"SEN","Africa"
"Serbia",2015,7177217,"SRB","Europe"
"Seychelles",2015,107193,"SYC","Africa"
"Sierra Leone",2015,7037607,"SLE","Africa"
"Singapore",2015,5525299,"SGP","Asia"
"Sint Maarten (Dutch part)",2015,37445,"SXM","Americas"
"Slovakia",2015,5420221,"SVK","Europe"
"Slovenia",2015,2059899,"SVN","Europe"
"Solomon Islands",2015,639369,"SLB","Oceania"
"Somalia",2015,13806921,"SOM","Africa"
"South Africa",2015,56723493,"ZAF","Africa"
"South Korea",2015,50983856,"KOR","Asia"
"South Sudan",2015,11107511,"SSD","Africa"
"Spain",2015,46683633,"ESP","Europe"
"Sri Lanka",2015,21729921,"LKA","Asia"
"Sudan",2015,40024389,"SDN","Africa"
"Suriname",2015,581595,"SUR","Americas"
"Sweden",2015,9799437,"SWE","Europe"
"Switzerland",2015,8283893,"CHE","Europe"
"Syria",2015,19424567,"SYR","Asia"
"Taiwan",2015,23529210,"TWN","Asia"
"Tajikistan",2015,8643796,"TJK","Asia"
"Tanzania",2015,52020910,"TZA","Africa"
"Thailand",2015,70540737,"THA","Asia"
"Togo",2015,7663160,"TGO","Africa"
"Tokelau",2015,1676,"TKL","Oceania"
"Tonga",2015,106055,"TON","Oceania"
"Trinidad and Tobago",2015,1429148,"TTO","Americas"
"Tunisia",2015,11402217,"TUN","Africa"
"Turkey",2015,80014170,"TUR","Asia"
"Turkmenistan",2015,6215727,"TKM","Asia"
"Turks and Caicos Islands",2015,36590,"TCA","Americas"
"Tuvalu",2015,10948,"TUV","Oceania"
"Uganda",2015,37531396,"UGA","Africa"
"Ukraine",2015,45784854,"UKR","Europe"
"United Arab Emirates",2015,8674586,"ARE","Asia"
"United Kingdom",2015,65382063,"GBR","Europe"
"United States",2015,326126448,"USA","Americas"
"United States Virgin Islands",2015,100206,"UMI","Oceania"
"Uruguay",2015,3367974,"URY","Americas"
"Uzbekistan",2015,30749306,"UZB","Asia"
"Vanuatu",2015,266060,"VUT","Oceania"
"Venezuela",2015,30573919,"VEN","Americas"
"Vietnam",2015,92823207,"VNM","Asia"
"Wallis and Futuna",2015,12147,"WLF","Oceania"
"Western Sahara",2015,486183,"ESH","Africa"
"Yemen",2015,31159328,"YEM","Asia"
"Zambia",2015,16399034,"ZMB","Africa"
"Zimbabwe",2015,14398957,"ZWE","Africa"
"Afghanistan",2016,34700565,"AFG","Asia"
"Albania",2016,2897815,"ALB","Europe"
"Algeria",2016,40850673,"DZA","Africa"
"American Samoa",2016,52227,"ASM","Oceania"
"Andorra",2016,72144,"AND","Europe"
"Angola",2016,29183023,"AGO","Africa"
"Anguilla",2016,14301,"AIA","Americas"
"Antigua and Barbuda",2016,89929,"ATG","Americas"
"Argentina",2016,43900264,"ARG","Americas"
"Armenia",2016,2918753,"ARM","Asia"
"Aruba",2016,104947,"ABW","Americas"
"Australia",2016,24329914,"AUS","Oceania"
"Austria",2016,8737874,"AUT","Europe"
"Azerbaijan",2016,9868395,"AZE","Asia"
"Bahamas",2016,388002,"BHS","Americas"
"Bahrain",2016,1429559,"BHR","Asia"
"Bangladesh",2016,160811890,"BGD","Asia"
"Barbados",2016,279556,"BRB","Americas"
"Belarus",2016,9499018,"BLR","Europe"
"Belgium",2016,11332652,"BEL","Europe"
"Belize",2016,364666,"BLZ","Americas"
"Benin",2016,11697798,"BEN","Africa"
"Bermuda",2016,63421,"BMU","Americas"
"Bhutan",2016,747831,"BTN","Asia"
"Bolivia",2016,11179968,"BOL","Americas"
"Bonaire Sint Eustatius and Saba",2016,24518,"BES","Americas"
"Bosnia and Herzegovina",2016,3472950,"BIH","Europe"
"Botswana",2016,2234732,"BWA","Africa"
"Brazil",2016,203218058,"BRA","Americas"
"British Virgin Islands",2016,33866,"IOT","Africa"
"Brunei",2016,427520,"BRN","Asia"
"Bulgaria",2016,7127389,"BGR","Europe"
"Burkina Faso",2016,19334810,"BFA","Africa"
"Burundi",2016,11239416,"BDI","Africa"
"Cambodia",2016,15852754,"KHM","Asia"
"Cameroon",2016,23454117,"CMR","Africa"
"Canada",2016,36353292,"CAN","Americas"
"Cape Verde",2016,512509,"CPV","Africa"
"Cayman Islands",2016,63078,"CYM","Americas"
"Central African Republic",2016,4713609,"CAF","Africa"
"Chad",2016,15114606,"TCD","Africa"
"Chile",2016,18267176,"CHL","Americas"
"China",2016,1404052581,"CHN","Asia"
"Colombia",2016,47437468,"COL","Americas"
"Comoros",2016,741693,"COM","Africa"
"Congo",2016,5222495,"COG","Africa"
"Cook Islands",2016,17310,"COK","Oceania"
"Costa Rica",2016,4866954,"CRI","Americas"
"Cote d'Ivoire",2016,25989364,"CIV","Africa"
"Croatia",2016,4136388,"HRV","Europe"
"Cuba",2016,11265570,"CUB","Americas"
"Cyprus",2016,1237065,"CYP","Asia"
"Czechia",2016,10531895,"CZE","Europe"
"Democratic Republic of Congo",2016,83956362,"COD","Africa"
"Denmark",2016,5728150,"DNK","Europe"
"Djibouti",2016,1037617,"DJI","Africa"
"Dominica",2016,69578,"DMA","Americas"
"Dominican Republic",2016,10551381,"DOM","Americas"
"East Timor",2016,1228264,"TLS","Asia"
"Ecuador",2016,16505094,"ECU","Americas"
"Egypt",2016,101644536,"EGY","Africa"
"El Salvador",2016,6200765,"SLV","Americas"
"Equatorial Guinea",2016,1508155,"GNQ","Africa"
"Eritrea",2016,3124655,"ERI","Africa"
"Estonia",2016,1315802,"EST","Europe"
"Eswatini",2016,1149463,"SWZ","Africa"
"Ethiopia",2016,106718119,"ETH","Africa"
"Falkland Islands",2016,3460,"FLK","Americas"
"Faroe Islands",2016,49503,"FRO","Europe"
"Fiji",2016,919123,"FJI","Oceania"
"Finland",2016,5495422,"FIN","Europe"
"France",2016,65086802,"FRA","Europe"
"French Guiana",2016,271232,"GUF","Americas"
"French Polynesia",2016,279134,"PYF","Oceania"
"Gabon",2016,2100258,"GAB","Africa"
"Gambia",2016,2283737,"GMB","Africa"
"Georgia",2016,3792013,"GEO","Asia"
"Germany",2016,82760053,"DEU","Europe"
"Ghana",2016,29356688,"GHA","Africa"
"Gibraltar",2016,33631,"GIB","Europe"
"Greece",2016,10775454,"GRC","Europe"
"Greenland",2016,56032,"GRL","Americas"
"Grenada",2016,115092,"GRD","Americas"
"Guadeloupe",2016,404594,"GLP","Americas"
"Guam",2016,164191,"GUM","Oceania"
"Guatemala",2016,16268708,"GTM","Americas"
"Guernsey",2016,62159,"GGY","Europe"
"Guinea",2016,12072983,"GIN","Africa"
"Guinea-Bissau",2016,1831846,"GNB","Africa"
"Guyana",2016,763497,"GUY","Americas"
"Haiti",2016,10671417,"HTI","Americas"
"Honduras",2016,9412329,"HND","Americas"
"Hong Kong",2016,7407953,"HKG","Asia"
"Hungary",2016,9810479,"HUN","Europe"
"Iceland",2016,335522,"ISL","Europe"
"India",2016,1343944244,"IND","Asia"
"Indonesia",2016,264627382,"IDN","Asia"
"Iran",2016,83812175,"IRN","Asia"
"Iraq",2016,38469579,"IRQ","Asia"
"Ireland",2016,4753463,"IRL","Europe"
"Isle of Man",2016,83432,"IMN","Europe"
"Israel",2016,8209957,"ISR","Asia"
"Italy",2016,60478047,"ITA","Europe"
"Jamaica",2016,2809867,"JAM","Americas"
"Japan",2016,127159900,"JPN","Asia"
"Jersey",2016,101652,"JEY","Europe"
"Jordan",2016,10006321,"JOR","Asia"
"Kazakhstan",2016,18363551,"KAZ","Asia"
"Kenya",2016,48139632,"KEN","Africa"
"Kiribati",2016,118435,"KIR","Oceania"
"Kosovo",2016,1761711,"XKX","Europe"
"Kuwait",2016,4003921,"KWT","Asia"
"Kyrgyzstan",2016,6108412,"KGZ","Asia"
"Laos",2016,6908756,"LAO","Asia"
"Latvia",2016,1959817,"LVA","Europe"
"Lebanon",2016,6323015,"LBN","Asia"
"Lesotho",2016,2130371,"LSO","Africa"
"Liberia",2016,4755560,"LBR","Africa"
"Libya",2016,6632080,"LBY","Africa"
"Liechtenstein",2016,37589,"LIE","Europe"
"Lithuania",2016,2869051,"LTU","Europe"
"Luxembourg",2016,583469,"LUX","Europe"
"Macao",2016,634267,"MAC","Asia"
"Madagascar",2016,26099905,"MDG","Africa"
"Malawi",2016,17557696,"MWI","Africa"
"Malaysia",2016,31789641,"MYS","Asia"
"Maldives",2016,443271,"MDV","Asia"
"Mali",2016,19191249,"MLI","Africa"
"Malta",2016,455227,"MLT","Europe"
"Marshall Islands",2016,47692,"MHL","Oceania"
"Martinique",2016,378857,"MTQ","Americas"
"Mauritania",2016,4086622,"MRT","Africa"
"Mauritius",2016,1291760,"MUS","Africa"
"Mayotte",2016,255828,"MYT","Africa"
"Mexico",2016,122251299,"MEX","Americas"
"Micronesia (country)",2016,109041,"FSM","Oceania"
"Moldova",2016,3237747,"MDA","Europe"
"Monaco",2016,37245,"MCO","Europe"
"Mongolia",2016,3040773,"MNG","Asia"
"Montenegro",2016,624199,"MNE","Europe"
"Montserrat",2016,4615,"MSR","Americas"
"Morocco",2016,35023413,"MAR","Africa"
"Mozambique",2016,27337054,"MOZ","Africa"
"Myanmar",2016,51495657,"MMR","Asia"
"Namibia",2016,2439160,"NAM","Africa"
"Nauru",2016,11139,"NRU","Oceania"
"Nepal",2016,27955421,"NPL","Asia"
"Netherlands",2016,17204642,"NLD","Europe"
"New Caledonia",2016,283385,"NCL","Oceania"
"New Zealand",2016,4714729,"NZL","Oceania"
"Nicaragua",2016,6232609,"NIC","Americas"
"Niger",2016,20685716,"NER","Africa"
"Nigeria",2016,195443641,"NGA","Africa"
"Niue",2016,1769,"NIU","Oceania"
"North Korea",2016,25698280,"PRK","Asia"
"North Macedonia",2016,1961210,"MKD","Europe"
"Northern Mariana Islands",2016,50749,"MNP","Oceania"
"Norway",2016,5235933,"NOR","Europe"
"Oman",2016,4390837,"OMN","Asia"
"Pakistan",2016,220138810,"PAK","Asia"
"Palau",2016,17786,"PLW","Oceania"
"Palestine",2016,4632686,"PSX","Asia"
"Panama",2016,4029032,"PAN","Americas"
"Papua New Guinea",2016,8961675,"PNG","Oceania"
"Paraguay",2016,6249070,"PRY","Americas"
"Peru",2016,30866446,"PER","Americas"
"Philippines",2016,106735664,"PHL","Asia"
"Poland",2016,38263203,"POL","Europe"
"Portugal",2016,10346328,"PRT","Europe"
"Puerto Rico",2016,3475952,"PRI","Americas"
"Qatar",2016,2599332,"QAT","Asia"
"Reunion",2016,862812,"REU","Africa"
"Romania",2016,19777001,"ROU","Europe"
"Russia",2016,145778617,"RUS","Europe"
"Rwanda",2016,11919140,"RWA","Africa"
"Saint Barthelemy",2016,9727,"BLM","Americas"
"Saint Helena",2016,5500,"SHN","Africa"
"Saint Kitts and Nevis",2016,47043,"KNA","Americas"
"Saint Lucia",2016,175606,"LCA","Americas"
"Saint Martin (French part)",2016,37161,"MAF","Americas"
"Saint Pierre and Miquelon",2016,5913,"SPM","Americas"
"Saint Vincent and the Grenadines",2016,106311,"VCT","Americas"
"Samoa",2016,203459,"WSM","Oceania"
"San Marino",2016,34143,"SMR","Europe"
"Sao Tome and Principe",2016,203653,"STP","Africa"
"Saudi Arabia",2016,30717760,"SAU","Asia"
"Senegal",2016,15034460,"SEN","Africa"
"Serbia",2016,7126034,"SRB","Europe"
"Seychelles",2016,109790,"SYC","Africa"
"Sierra Leone",2016,7205291,"SLE","Africa"
"Singapore",2016,5577892,"SGP","Asia"
"Sint Maarten (Dutch part)",2016,38229,"SXM","Americas"
"Slovakia",2016,5427217,"SVK","Europe"
"Slovenia",2016,2061329,"SVN","Europe"
"Solomon Islands",2016,662342,"SLB","Oceania"
"Somalia",2016,14348692,"SOM","Africa"
"South Africa",2016,57259496,"ZAF","Africa"
"South Korea",2016,51297794,"KOR","Asia"
"South Sudan",2016,10830061,"SSD","Africa"
"Spain",2016,46732712,"ESP","Europe"
"Sri Lanka",2016,21910711,"LKA","Asia"
"Sudan",2016,41259842,"SDN","Africa"
"Suriname",2016,587714,"SUR","Americas"
"Sweden",2016,9923227,"SWE","Europe"
"Switzerland",2016,8374857,"CHE","Europe"
"Syria",2016,19193793,"SYR","Asia"
"Taiwan",2016,23586094,"TWN","Asia"
"Tajikistan",2016,8865574,"TJK","Asia"
"Tanzania",2016,53823964,"TZA","Africa"
"Thailand",2016,70859797,"THA","Asia"
"Togo",2016,7858247,"TGO","Africa"
"Tokelau",2016,1662,"TKL","Oceania"
"Tonga",2016,105490,"TON","Oceania"
"Trinidad and Tobago",2016,1436989,"TTO","Americas"
"Tunisia",2016,11528628,"TUN","Africa"
"Turkey",2016,81652039,"TUR","Asia"
"Turkmenistan",2016,6359994,"TKM","Asia"
"Turks and Caicos Islands",2016,38300,"TCA","Americas"
"Tuvalu",2016,10909,"TUV","Oceania"
"Uganda",2016,38799091,"UGA","Africa"
"Ukraine",2016,45616779,"UKR","Europe"
"United Arab Emirates",2016,9030811,"ARE","Asia"
"United Kingdom",2016,65893305,"GBR","Europe"
"United States",2016,329179362,"USA","Americas"
"United States Virgin Islands",2016,97739,"UMI","Oceania"
"Uruguay",2016,3379233,"URY","Americas"
"Uzbekistan",2016,31284509,"UZB","Asia"
"Vanuatu",2016,272050,"VUT","Oceania"
"Venezuela",2016,30765670,"VEN","Americas"
"Vietnam",2016,94000065,"VNM","Asia"
"Wallis and Futuna",2016,12016,"WLF","Oceania"
"Western Sahara",2016,499608,"ESH","Africa"
"Yemen",2016,32108978,"YEM","Asia"
"Zambia",2016,16914380,"ZMB","Africa"
"Zimbabwe",2016,14600243,"ZWE","Africa"
"Afghanistan",2017,35688889,"AFG","Asia"
"Albania",2017,2898198,"ALB","Europe"
"Algeria",2017,41689261,"DZA","Africa"
"American Samoa",2017,51561,"ASM","Oceania"
"Andorra",2017,73730,"AND","Europe"
"Angola",2017,30234791,"AGO","Africa"
"Anguilla",2017,14404,"AIA","Americas"
"Antigua and Barbuda",2017,90435,"ATG","Americas"
"Argentina",2017,44288844,"ARG","Americas"
"Armenia",2017,2914918,"ARM","Asia"
"Aruba",2017,105690,"ABW","Americas"
"Australia",2017,24730998,"AUS","Oceania"
"Austria",2017,8798734,"AUT","Europe"
"Azerbaijan",2017,9968463,"AZE","Asia"
"Bahamas",2017,390454,"BHS","Americas"
"Bahrain",2017,1481958,"BHR","Asia"
"Bangladesh",2017,162186094,"BGD","Asia"
"Barbados",2017,280132,"BRB","Americas"
"Belarus",2017,9495737,"BLR","Europe"
"Belgium",2017,11376542,"BEL","Europe"
"Belize",2017,373177,"BLZ","Americas"
"Benin",2017,12039735,"BEN","Africa"
"Bermuda",2017,63546,"BMU","Americas"
"Bhutan",2017,754292,"BTN","Asia"
"Bolivia",2017,11344540,"BOL","Americas"
"Bonaire Sint Eustatius and Saba",2017,24778,"BES","Americas"
"Bosnia and Herzegovina",2017,3428638,"BIH","Europe"
"Botswana",2017,2266701,"BWA","Africa"
"Brazil",2017,204703394,"BRA","Americas"
"British Virgin Islands",2017,32670,"IOT","Africa"
"Brunei",2017,432743,"BRN","Asia"
"Bulgaria",2017,7075586,"BGR","Europe"
"Burkina Faso",2017,19894368,"BFA","Africa"
"Burundi",2017,11506721,"BDI","Africa"
"Cambodia",2017,16073324,"KHM","Asia"
"Cameroon",2017,24128563,"CMR","Africa"
"Canada",2017,36808448,"CAN","Americas"
"Cape Verde",2017,512848,"CPV","Africa"
"Cayman Islands",2017,64518,"CYM","Americas"
"Central African Republic",2017,4793464,"CAF","Africa"
"Chad",2017,15622715,"TCD","Africa"
"Chile",2017,18558817,"CHL","Americas"
"China",2017,1412354694,"CHN","Asia"
"Colombia",2017,48131023,"COL","Americas"
"Comoros",2017,756626,"COM","Africa"
"Congo",2017,5350964,"COG","Africa"
"Cook Islands",2017,17029,"COK","Oceania"
"Costa Rica",2017,4913126,"CRI","Americas"
"Cote d'Ivoire",2017,26733332,"CIV","Africa"
"Croatia",2017,4079152,"HRV","Europe"
"Cuba",2017,11247779,"CUB","Americas"
"Cyprus",2017,1254213,"CYP","Asia"
"Czechia",2017,10541301,"CZE","Europe"
"Democratic Republic of Congo",2017,87083355,"COD","Africa"
"Denmark",2017,5765108,"DNK","Europe"
"Djibouti",2017,1054797,"DJI","Africa"
"Dominica",2017,68473,"DMA","Americas"
"Dominican Republic",2017,10666801,"DOM","Americas"
"East Timor",2017,1251661,"TLS","Asia"
"Ecuador",2017,16759466,"ECU","Americas"
"Egypt",2017,103696006,"EGY","Africa"
"El Salvador",2017,6213485,"SLV","Americas"
"Equatorial Guinea",2017,1562357,"GNQ","Africa"
"Eritrea",2017,3150289,"ERI","Africa"
"Estonia",2017,1317381,"EST","Europe"
"Eswatini",2017,1158143,"SWZ","Africa"
"Ethiopia",2017,109666428,"ETH","Africa"
"Falkland Islands",2017,3492,"FLK","Americas"
"Faroe Islands",2017,50219,"FRO","Europe"
"Fiji",2017,918714,"FJI","Oceania"
"Finland",2017,5508354,"FIN","Europe"
"France",2017,65284727,"FRA","Europe"
"French Guiana",2017,276105,"GUF","Americas"
"French Polynesia",2017,280038,"PYF","Oceania"
"Gabon",2017,2156852,"GAB","Africa"
"Gambia",2017,2342157,"GMB","Africa"
"Georgia",2017,3792801,"GEO","Asia"
"Germany",2017,83103956,"DEU","Europe"
"Ghana",2017,30008310,"GHA","Africa"
"Gibraltar",2017,34213,"GIB","Europe"
"Greece",2017,10753489,"GRC","Europe"
"Greenland",2017,56048,"GRL","Americas"
"Grenada",2017,115402,"GRD","Americas"
"Guadeloupe",2017,412643,"GLP","Americas"
"Guam",2017,163454,"GUM","Oceania"
"Guatemala",2017,16567316,"GTM","Americas"
"Guernsey",2017,62168,"GGY","Europe"
"Guinea",2017,12385616,"GIN","Africa"
"Guinea-Bissau",2017,1877018,"GNB","Africa"
"Guyana",2017,768435,"GUY","Americas"
"Haiti",2017,10817711,"HTI","Americas"
"Honduras",2017,9588098,"HND","Americas"
"Hong Kong",2017,7444832,"HKG","Asia"
"Hungary",2017,9785561,"HUN","Europe"
"Iceland",2017,343480,"ISL","Europe"
"India",2017,1359657354,"IND","Asia"
"Indonesia",2017,267346608,"IDN","Asia"
"Iran",2017,85026715,"IRN","Asia"
"Iraq",2017,39337310,"IRQ","Asia"
"Ireland",2017,4810214,"IRL","Europe"
"Isle of Man",2017,83582,"IMN","Europe"
"Israel",2017,8361744,"ISR","Asia"
"Italy",2017,60390266,"ITA","Europe"
"Jamaica",2017,2815724,"JAM","Americas"
"Japan",2017,127064637,"JPN","Asia"
"Jersey",2017,102084,"JEY","Europe"
"Jordan",2017,10234177,"JOR","Asia"
"Kazakhstan",2017,18651876,"KAZ","Asia"
"Kenya",2017,49197713,"KEN","Africa"
"Kiribati",2017,120237,"KIR","Oceania"
"Kosovo",2017,1768084,"XKX","Europe"
"Kuwait",2017,4154633,"KWT","Asia"
"Kyrgyzstan",2017,6220098,"KGZ","Asia"
"Laos",2017,7018100,"LAO","Asia"
"Latvia",2017,1942550,"LVA","Europe"
"Lebanon",2017,6160085,"LBN","Asia"
"Lesotho",2017,2157068,"LSO","Africa"
"Liberia",2017,4848875,"LBR","Africa"
"Libya",2017,6738721,"LBY","Africa"
"Liechtenstein",2017,37825,"LIE","Europe"
"Lithuania",2017,2829273,"LTU","Europe"
"Luxembourg",2017,596451,"LUX","Europe"
"Macao",2017,646508,"MAC","Asia"
"Madagascar",2017,26788326,"MDG","Africa"
"Malawi",2017,18039666,"MWI","Africa"
"Malaysia",2017,32355608,"MYS","Asia"
"Maldives",2017,458252,"MDV","Asia"
"Mali",2017,19812964,"MLI","Africa"
"Malta",2017,467849,"MLT","Europe"
"Marshall Islands",2017,46503,"MHL","Oceania"
"Martinique",2017,371457,"MTQ","Americas"
"Mauritania",2017,4210554,"MRT","Africa"
"Mauritius",2017,1290605,"MUS","Africa"
"Mayotte",2017,265129,"MYT","Africa"
"Mexico",2017,123400004,"MEX","Americas"
"Micronesia (country)",2017,109456,"FSM","Oceania"
"Moldova",2017,3193456,"MDA","Europe"
"Monaco",2017,37654,"MCO","Europe"
"Mongolia",2017,3104314,"MNG","Asia"
"Montenegro",2017,620062,"MNE","Europe"
"Montserrat",2017,4581,"MSR","Americas"
"Morocco",2017,35446348,"MAR","Africa"
"Mozambique",2017,28166349,"MOZ","Africa"
"Myanmar",2017,51894886,"MMR","Asia"
"Namibia",2017,2506814,"NAM","Africa"
"Nauru",2017,11313,"NRU","Oceania"
"Nepal",2017,28011204,"NPL","Asia"
"Netherlands",2017,17315333,"NLD","Europe"
"New Caledonia",2017,283505,"NCL","Oceania"
"New Zealand",2017,4812704,"NZL","Oceania"
"Nicaragua",2017,6316185,"NIC","Americas"
"Niger",2017,21435404,"NER","Africa"
"Nigeria",2017,200254534,"NGA","Africa"
"Niue",2017,1769,"NIU","Oceania"
"North Korea",2017,25817653,"PRK","Asia"
"North Macedonia",2017,1940825,"MKD","Europe"
"Northern Mariana Islands",2017,49942,"MNP","Oceania"
"Norway",2017,5276759,"NOR","Europe"
"Oman",2017,4537351,"OMN","Asia"
"Pakistan",2017,223273927,"PAK","Asia"
"Palau",2017,17797,"PLW","Oceania"
"Palestine",2017,4742699,"PSX","Asia"
"Panama",2017,4098656,"PAN","Americas"
"Papua New Guinea",2017,9178669,"PNG","Oceania"
"Paraguay",2017,6338607,"PRY","Americas"
"Peru",2017,31324599,"PER","Americas"
"Philippines",2017,108119646,"PHL","Asia"
"Poland",2017,38254908,"POL","Europe"
"Portugal",2017,10330784,"PRT","Europe"
"Puerto Rico",2017,3371836,"PRI","Americas"
"Qatar",2017,2706660,"QAT","Asia"
"Reunion",2017,858713,"REU","Africa"
"Romania",2017,19689357,"ROU","Europe"
"Russia",2017,146186752,"RUS","Europe"
"Rwanda",2017,12202006,"RWA","Africa"
"Saint Barthelemy",2017,9907,"BLM","Americas"
"Saint Helena",2017,5490,"SHN","Africa"
"Saint Kitts and Nevis",2017,47029,"KNA","Americas"
"Saint Lucia",2017,176303,"LCA","Americas"
"Saint Martin (French part)",2017,36820,"MAF","Americas"
"Saint Pierre and Miquelon",2017,5901,"SPM","Americas"
"Saint Vincent and the Grenadines",2017,105626,"VCT","Americas"
"Samoa",2017,205372,"WSM","Oceania"
"San Marino",2017,34357,"SMR","Europe"
"Sao Tome and Principe",2017,206942,"STP","Africa"
"Saudi Arabia",2017,30782349,"SAU","Asia"
"Senegal",2017,15474954,"SEN","Africa"
"Serbia",2017,7073456,"SRB","Europe"
"Seychelles",2017,112400,"SYC","Africa"
"Sierra Leone",2017,7379254,"SLE","Africa"
"Singapore",2017,5604041,"SGP","Asia"
"Sint Maarten (Dutch part)",2017,38968,"SXM","Americas"
"Slovakia",2017,5435643,"SVK","Europe"
"Slovenia",2017,2062366,"SVN","Europe"
"Solomon Islands",2017,685621,"SLB","Oceania"
"Somalia",2017,14916586,"SOM","Africa"
"South Africa",2017,57635106,"ZAF","Africa"
"South Korea",2017,51486222,"KOR","Asia"
"South Sudan",2017,10259104,"SSD","Africa"
"Spain",2017,46868543,"ESP","Europe"
"Sri Lanka",2017,22087475,"LKA","Asia"
"Sudan",2017,42714260,"SDN","Africa"
"Suriname",2017,593667,"SUR","Americas"
"Sweden",2017,10057811,"SWE","Europe"
"Switzerland",2017,8453574,"CHE","Europe"
"Syria",2017,19224621,"SYR","Asia"
"Taiwan",2017,23632907,"TWN","Asia"
"Tajikistan",2017,9085890,"TJK","Asia"
"Tanzania",2017,55652838,"TZA","Africa"
"Thailand",2017,71160146,"THA","Asia"
"Togo",2017,8057086,"TGO","Africa"
"Tokelau",2017,1721,"TKL","Oceania"
"Tonga",2017,105330,"TON","Oceania"
"Trinidad and Tobago",2017,1445217,"TTO","Americas"
"Tunisia",2017,11650449,"TUN","Africa"
"Turkey",2017,83083616,"TUR","Asia"
"Turkmenistan",2017,6507023,"TKM","Asia"
"Turks and Caicos Islands",2017,39885,"TCA","Americas"
"Tuvalu",2017,10857,"TUV","Oceania"
"Uganda",2017,40177337,"UGA","Africa"
"Ukraine",2017,45435996,"UKR","Europe"
"United Arab Emirates",2017,9234286,"ARE","Asia"
"United Kingdom",2017,66354423,"GBR","Europe"
"United States",2017,332204602,"USA","Americas"
"United States Virgin Islands",2017,95080,"UMI","Oceania"
"Uruguay",2017,3388401,"URY","Americas"
"Uzbekistan",2017,31819131,"UZB","Asia"
"Vanuatu",2017,278465,"VUT","Oceania"
"Venezuela",2017,30565285,"VEN","Americas"
"Vietnam",2017,95176934,"VNM","Asia"
"Wallis and Futuna",2017,11905,"WLF","Oceania"
"Western Sahara",2017,512803,"ESH","Africa"
"Yemen",2017,33090884,"YEM","Asia"
"Zambia",2017,17441277,"ZMB","Africa"
"Zimbabwe",2017,14812430,"ZWE","Africa"
"Afghanistan",2018,36742997,"AFG","Asia"
"Albania",2018,2894181,"ALB","Europe"
"Algeria",2018,42504975,"DZA","Africa"
"American Samoa",2018,50884,"ASM","Oceania"
"Andorra",2018,75145,"AND","Europe"
"Angola",2018,31297103,"AGO","Africa"
"Anguilla",2018,14703,"AIA","Americas"
"Antigua and Barbuda",2018,90889,"ATG","Americas"
"Argentina",2018,44654822,"ARG","Americas"
"Armenia",2018,2909917,"ARM","Asia"
"Aruba",2018,106404,"ABW","Americas"
"Australia",2018,25119651,"AUS","Oceania"
"Austria",2018,8841608,"AUT","Europe"
"Azerbaijan",2018,10039730,"AZE","Asia"
"Bahamas",2018,392668,"BHS","Americas"
"Bahrain",2018,1497582,"BHR","Asia"
"Bangladesh",2018,163523054,"BGD","Asia"
"Barbados",2018,280674,"BRB","Americas"
"Belarus",2018,9479978,"BLR","Europe"
"Belgium",2018,11428564,"BEL","Europe"
"Belize",2018,380188,"BLZ","Americas"
"Benin",2018,12383302,"BEN","Africa"
"Bermuda",2018,63810,"BMU","Americas"
"Bhutan",2018,759710,"BTN","Asia"
"Bolivia",2018,11508320,"BOL","Americas"
"Bonaire Sint Eustatius and Saba",2018,25144,"BES","Americas"
"Bosnia and Herzegovina",2018,3386940,"BIH","Europe"
"Botswana",2018,2299095,"BWA","Africa"
"Brazil",2018,206107217,"BRA","Americas"
"British Virgin Islands",2018,34639,"IOT","Africa"
"Brunei",2018,437775,"BRN","Asia"
"Bulgaria",2018,7024687,"BGR","Europe"
"Burkina Faso",2018,20438245,"BFA","Africa"
"Burundi",2018,11859386,"BDI","Africa"
"Cambodia",2018,16274473,"KHM","Asia"
"Cameroon",2018,24806341,"CMR","Africa"
"Canada",2018,37294942,"CAN","Americas"
"Cape Verde",2018,513363,"CPV","Africa"
"Cayman Islands",2018,65910,"CYM","Americas"
"Central African Republic",2018,4878612,"CAF","Africa"
"Chad",2018,16156480,"TCD","Africa"
"Chile",2018,18893141,"CHL","Americas"
"China",2018,1419008910,"CHN","Asia"
"Colombia",2018,49024413,"COL","Americas"
"Comoros",2018,771548,"COM","Africa"
"Congo",2018,5483090,"COG","Africa"
"Cook Islands",2018,16586,"COK","Oceania"
"Costa Rica",2018,4957764,"CRI","Americas"
"Cote d'Ivoire",2018,27464125,"CIV","Africa"
"Croatia",2018,4024820,"HRV","Europe"
"Cuba",2018,11227064,"CUB","Americas"
"Cyprus",2018,1270700,"CYP","Asia"
"Czechia",2018,10548878,"CZE","Europe"
"Democratic Republic of Congo",2018,90047595,"COD","Africa"
"Denmark",2018,5793761,"DNK","Europe"
"Djibouti",2018,1071849,"DJI","Africa"
"Dominica",2018,68140,"DMA","Americas"
"Dominican Republic",2018,10781998,"DOM","Americas"
"East Timor",2018,1275908,"TLS","Asia"
"Ecuador",2018,17049489,"ECU","Americas"
"Egypt",2018,105682048,"EGY","Africa"
"El Salvador",2018,6219738,"SLV","Americas"
"Equatorial Guinea",2018,1616370,"GNQ","Africa"
"Eritrea",2018,3192720,"ERI","Africa"
"Estonia",2018,1321918,"EST","Europe"
"Eswatini",2018,1168887,"SWZ","Africa"
"Ethiopia",2018,112664117,"ETH","Africa"
"Falkland Islands",2018,3511,"FLK","Americas"
"Faroe Islands",2018,51012,"FRO","Europe"
"Fiji",2018,917136,"FJI","Oceania"
"Finland",2018,5515685,"FIN","Europe"
"France",2018,65519483,"FRA","Europe"
"French Guiana",2018,280922,"GUF","Americas"
"French Polynesia",2018,279776,"PYF","Oceania"
"Gabon",2018,2212268,"GAB","Africa"
"Gambia",2018,2399584,"GMB","Africa"
"Georgia",2018,3794833,"GEO","Asia"
"Germany",2018,83368456,"DEU","Europe"
"Ghana",2018,30637543,"GHA","Africa"
"Gibraltar",2018,34826,"GIB","Europe"
"Greece",2018,10730788,"GRC","Europe"
"Greenland",2018,56056,"GRL","Americas"
"Grenada",2018,115655,"GRD","Americas"
"Guadeloupe",2018,415134,"GLP","Americas"
"Guam",2018,162645,"GUM","Oceania"
"Guatemala",2018,16845637,"GTM","Americas"
"Guernsey",2018,62406,"GGY","Europe"
"Guinea",2018,12704736,"GIN","Africa"
"Guinea-Bissau",2018,1922119,"GNB","Africa"
"Guyana",2018,791516,"GUY","Americas"
"Haiti",2018,10962333,"HTI","Americas"
"Honduras",2018,9765162,"HND","Americas"
"Hong Kong",2018,7471131,"HKG","Asia"
"Hungary",2018,9774342,"HUN","Europe"
"Iceland",2018,352819,"ISL","Europe"
"India",2018,1374659017,"IND","Asia"
"Indonesia",2018,269951801,"IDN","Asia"
"Iran",2018,86117959,"IRN","Asia"
"Iraq",2018,40265573,"IRQ","Asia"
"Ireland",2018,4872503,"IRL","Europe"
"Isle of Man",2018,83768,"IMN","Europe"
"Israel",2018,8510026,"ISR","Asia"
"Italy",2018,60277446,"ITA","Europe"
"Jamaica",2018,2820051,"JAM","Americas"
"Japan",2018,126913388,"JPN","Asia"
"Jersey",2018,102486,"JEY","Europe"
"Jordan",2018,10462255,"JOR","Asia"
"Kazakhstan",2018,18932674,"KAZ","Asia"
"Kenya",2018,50207065,"KEN","Africa"
"Kiribati",2018,122054,"KIR","Oceania"
"Kosovo",2018,1767699,"XKX","Europe"
"Kuwait",2018,4323333,"KWT","Asia"
"Kyrgyzstan",2018,6341684,"KGZ","Asia"
"Laos",2018,7127997,"LAO","Asia"
"Latvia",2018,1927526,"LVA","Europe"
"Lebanon",2018,5984064,"LBN","Asia"
"Lesotho",2018,2183564,"LSO","Africa"
"Liberia",2018,4944685,"LBR","Africa"
"Libya",2018,6849014,"LBY","Africa"
"Liechtenstein",2018,38103,"LIE","Europe"
"Lithuania",2018,2802430,"LTU","Europe"
"Luxembourg",2018,608055,"LUX","Europe"
"Macao",2018,658729,"MAC","Asia"
"Madagascar",2018,27494881,"MDG","Africa"
"Malawi",2018,18528036,"MWI","Africa"
"Malaysia",2018,32910918,"MYS","Asia"
"Maldives",2018,473064,"MDV","Asia"
"Mali",2018,20441987,"MLI","Africa"
"Malta",2018,484517,"MLT","Europe"
"Marshall Islands",2018,45255,"MHL","Oceania"
"Martinique",2018,364042,"MTQ","Americas"
"Mauritania",2018,4337636,"MRT","Africa"
"Mauritius",2018,1288776,"MUS","Africa"
"Mayotte",2018,269654,"MYT","Africa"
"Mexico",2018,124573671,"MEX","Americas"
"Micronesia (country)",2018,109881,"FSM","Oceania"
"Moldova",2018,3153724,"MDA","Europe"
"Monaco",2018,38129,"MCO","Europe"
"Mongolia",2018,3167660,"MNG","Asia"
"Montenegro",2018,615760,"MNE","Europe"
"Montserrat",2018,4553,"MSR","Americas"
"Morocco",2018,35839708,"MAR","Africa"
"Mozambique",2018,29018595,"MOZ","Africa"
"Myanmar",2018,52272203,"MMR","Asia"
"Namibia",2018,2577275,"NAM","Africa"
"Nauru",2018,11467,"NRU","Oceania"
"Nepal",2018,28079631,"NPL","Asia"
"Netherlands",2018,17421239,"NLD","Europe"
"New Caledonia",2018,283512,"NCL","Oceania"
"New Zealand",2018,4900795,"NZL","Oceania"
"Nicaragua",2018,6400020,"NIC","Americas"
"Niger",2018,22188024,"NER","Africa"
"Nigeria",2018,204938703,"NGA","Africa"
"Niue",2018,1770,"NIU","Oceania"
"North Korea",2018,25931102,"PRK","Asia"
"North Macedonia",2018,1919675,"MKD","Europe"
"Northern Mariana Islands",2018,49055,"MNP","Oceania"
"Norway",2018,5311703,"NOR","Europe"
"Oman",2018,4597832,"OMN","Asia"
"Pakistan",2018,226928843,"PAK","Asia"
"Palau",2018,17800,"PLW","Oceania"
"Palestine",2018,4850540,"PSX","Asia"
"Panama",2018,4167807,"PAN","Americas"
"Papua New Guinea",2018,9394475,"PNG","Oceania"
"Paraguay",2018,6427336,"PRY","Americas"
"Peru",2018,31897541,"PER","Americas"
"Philippines",2018,109465234,"PHL","Asia"
"Poland",2018,38241017,"POL","Europe"
"Portugal",2018,10325307,"PRT","Europe"
"Puerto Rico",2018,3290016,"PRI","Americas"
"Qatar",2018,2761095,"QAT","Asia"
"Reunion",2018,856894,"REU","Africa"
"Romania",2018,19597823,"ROU","Europe"
"Russia",2018,146430090,"RUS","Europe"
"Rwanda",2018,12487952,"RWA","Africa"
"Saint Barthelemy",2018,10096,"BLM","Americas"
"Saint Helena",2018,5457,"SHN","Africa"
"Saint Kitts and Nevis",2018,46989,"KNA","Americas"
"Saint Lucia",2018,176982,"LCA","Americas"
"Saint Martin (French part)",2018,35990,"MAF","Americas"
"Saint Pierre and Miquelon",2018,5893,"SPM","Americas"
"Saint Vincent and the Grenadines",2018,104887,"VCT","Americas"
"Samoa",2018,207552,"WSM","Oceania"
"San Marino",2018,34504,"SMR","Europe"
"Sao Tome and Principe",2018,210148,"STP","Africa"
"Saudi Arabia",2018,30365068,"SAU","Asia"
"Senegal",2018,15914437,"SEN","Africa"
"Serbia",2018,7019960,"SRB","Europe"
"Seychelles",2018,115002,"SYC","Africa"
"Sierra Leone",2018,7554518,"SLE","Africa"
"Singapore",2018,5634310,"SGP","Asia"
"Sint Maarten (Dutch part)",2018,39692,"SXM","Americas"
"Slovakia",2018,5443188,"SVK","Europe"
"Slovenia",2018,2069431,"SVN","Europe"
"Solomon Islands",2018,709057,"SLB","Oceania"
"Somalia",2018,15452434,"SOM","Africa"
"South Africa",2018,58612952,"ZAF","Africa"
"South Korea",2018,51640842,"KOR","Asia"
"South Sudan",2018,10122925,"SSD","Africa"
"Spain",2018,47092764,"ESP","Europe"
"Sri Lanka",2018,22253066,"LKA","Asia"
"Sudan",2018,44230549,"SDN","Africa"
"Suriname",2018,599459,"SUR","Americas"
"Sweden",2018,10175356,"SWE","Europe"
"Switzerland",2018,8516296,"CHE","Europe"
"Syria",2018,19577802,"SYR","Asia"
"Taiwan",2018,23659256,"TWN","Asia"
"Tajikistan",2018,9307292,"TJK","Asia"
"Tanzania",2018,57437090,"TZA","Africa"
"Thailand",2018,71376039,"THA","Asia"
"Togo",2018,8258739,"TGO","Africa"
"Tokelau",2018,1860,"TKL","Oceania"
"Tonga",2018,105543,"TON","Oceania"
"Trinidad and Tobago",2018,1470471,"TTO","Americas"
"Tunisia",2018,11765461,"TUN","Africa"
"Turkey",2018,84415922,"TUR","Asia"
"Turkmenistan",2018,6655474,"TKM","Asia"
"Turks and Caicos Islands",2018,41526,"TCA","Americas"
"Tuvalu",2018,10728,"TUV","Oceania"
"Uganda",2018,41565791,"UGA","Africa"
"Ukraine",2018,45208854,"UKR","Europe"
"United Arab Emirates",2018,9346819,"ARE","Asia"
"United Kingdom",2018,66752425,"GBR","Europe"
"United States",2018,335056439,"USA","Americas"
"United States Virgin Islands",2018,92278,"UMI","Oceania"
"Uruguay",2018,3394494,"URY","Americas"
"Uzbekistan",2018,32373443,"UZB","Asia"
"Vanuatu",2018,285223,"VUT","Oceania"
"Venezuela",2018,29807542,"VEN","Americas"
"Vietnam",2018,96237273,"VNM","Asia"
"Wallis and Futuna",2018,11788,"WLF","Oceania"
"Western Sahara",2018,525744,"ESH","Africa"
"Yemen",2018,34085134,"YEM","Asia"
"Zambia",2018,17973515,"ZMB","Africa"
"Zimbabwe",2018,15034396,"ZWE","Africa"
"Afghanistan",2019,37856071,"AFG","Asia"
"Albania",2019,2884969,"ALB","Europe"
"Algeria",2019,43294503,"DZA","Africa"
"American Samoa",2019,50189,"ASM","Oceania"
"Andorra",2019,76436,"AND","Europe"
"Angola",2019,32375581,"AGO","Africa"
"Anguilla",2019,14798,"AIA","Americas"
"Antigua and Barbuda",2019,91328,"ATG","Americas"
"Argentina",2019,44973412,"ARG","Americas"
"Armenia",2019,2903922,"ARM","Asia"
"Aruba",2019,107048,"ABW","Americas"
"Australia",2019,25482660,"AUS","Oceania"
"Austria",2019,8880830,"AUT","Europe"
"Azerbaijan",2019,10110446,"AZE","Asia"
"Bahamas",2019,394631,"BHS","Americas"
"Bahrain",2019,1485632,"BHR","Asia"
"Bangladesh",2019,164913011,"BGD","Asia"
"Barbados",2019,281162,"BRB","Americas"
"Belarus",2019,9435364,"BLR","Europe"
"Belgium",2019,11490570,"BEL","Europe"
"Belize",2019,385784,"BLZ","Americas"
"Benin",2019,12726713,"BEN","Africa"
"Bermuda",2019,64083,"BMU","Americas"
"Bhutan",2019,764777,"BTN","Asia"
"Bolivia",2019,11671329,"BOL","Americas"
"Bonaire Sint Eustatius and Saba",2019,25605,"BES","Americas"
"Bosnia and Herzegovina",2019,3345480,"BIH","Europe"
"Botswana",2019,2332038,"BWA","Africa"
"Brazil",2019,207455405,"BRA","Americas"
"British Virgin Islands",2019,36368,"IOT","Africa"
"Brunei",2019,442636,"BRN","Asia"
"Bulgaria",2019,6975420,"BGR","Europe"
"Burkina Faso",2019,20961910,"BFA","Africa"
"Burundi",2019,12255290,"BDI","Africa"
"Cambodia",2019,16481244,"KHM","Asia"
"Cameroon",2019,25506047,"CMR","Africa"
"Canada",2019,37782884,"CAN","Americas"
"Cape Verde",2019,514068,"CPV","Africa"
"Cayman Islands",2019,67304,"CYM","Americas"
"Central African Republic",2019,4944659,"CAF","Africa"
"Chad",2019,16685179,"TCD","Africa"
"Chile",2019,19197702,"CHL","Americas"
"China",2019,1423520298,"CHN","Asia"
"Colombia",2019,49907932,"COL","Americas"
"Comoros",2019,786535,"COM","Africa"
"Congo",2019,5616598,"COG","Africa"
"Cook Islands",2019,16106,"COK","Oceania"
"Costa Rica",2019,4999502,"CRI","Americas"
"Cote d'Ivoire",2019,28192957,"CIV","Africa"
"Croatia",2019,3986292,"HRV","Europe"
"Cuba",2019,11202800,"CUB","Americas"
"Cyprus",2019,1286615,"CYP","Asia"
"Czechia",2019,10554819,"CZE","Europe"
"Democratic Republic of Congo",2019,92947398,"COD","Africa"
"Denmark",2019,5814566,"DNK","Europe"
"Djibouti",2019,1088656,"DJI","Africa"
"Dominica",2019,67860,"DMA","Americas"
"Dominican Republic",2019,10893988,"DOM","Americas"
"East Timor",2019,1300903,"TLS","Asia"
"Ecuador",2019,17339967,"ECU","Americas"
"Egypt",2019,107553107,"EGY","Africa"
"El Salvador",2019,6222267,"SLV","Americas"
"Equatorial Guinea",2019,1670140,"GNQ","Africa"
"Eritrea",2019,3240143,"ERI","Africa"
"Estonia",2019,1326772,"EST","Europe"
"Eswatini",2019,1179837,"SWZ","Africa"
"Ethiopia",2019,115737338,"ETH","Africa"
"Falkland Islands",2019,3501,"FLK","Americas"
"Faroe Islands",2019,51817,"FRO","Europe"
"Fiji",2019,914849,"FJI","Oceania"
"Finland",2019,5521713,"FIN","Europe"
"France",2019,65729405,"FRA","Europe"
"French Guiana",2019,285524,"GUF","Americas"
"French Polynesia",2019,278991,"PYF","Oceania"
"Gabon",2019,2267660,"GAB","Africa"
"Gambia",2019,2456795,"GMB","Africa"
"Georgia",2019,3796671,"GEO","Asia"
"Germany",2019,83559127,"DEU","Europe"
"Ghana",2019,31258887,"GHA","Africa"
"Gibraltar",2019,35469,"GIB","Europe"
"Greece",2019,10718520,"GRC","Europe"
"Greenland",2019,56064,"GRL","Americas"
"Grenada",2019,115943,"GRD","Americas"
"Guadeloupe",2019,410222,"GLP","Americas"
"Guam",2019,161783,"GUM","Oceania"
"Guatemala",2019,17103759,"GTM","Americas"
"Guernsey",2019,62761,"GGY","Europe"
"Guinea",2019,13034294,"GIN","Africa"
"Guinea-Bissau",2019,1967654,"GNB","Africa"
"Guyana",2019,807624,"GUY","Americas"
"Haiti",2019,11105119,"HTI","Americas"
"Honduras",2019,9943585,"HND","Americas"
"Hong Kong",2019,7485770,"HKG","Asia"
"Hungary",2019,9770300,"HUN","Europe"
"Iceland",2019,360652,"ISL","Europe"
"India",2019,1389030252,"IND","Asia"
"Indonesia",2019,272489333,"IDN","Asia"
"Iran",2019,87051599,"IRN","Asia"
"Iraq",2019,41192120,"IRQ","Asia"
"Ireland",2019,4933445,"IRL","Europe"
"Isle of Man",2019,83930,"IMN","Europe"
"Israel",2019,8657420,"ISR","Asia"
"Italy",2019,60130080,"ITA","Europe"
"Jamaica",2019,2823227,"JAM","Americas"
"Japan",2019,126699371,"JPN","Asia"
"Jersey",2019,102817,"JEY","Europe"
"Jordan",2019,10671837,"JOR","Asia"
"Kazakhstan",2019,19209498,"KAZ","Asia"
"Kenya",2019,51202787,"KEN","Africa"
"Kiribati",2019,123881,"KIR","Oceania"
"Kosovo",2019,1754998,"XKX","Europe"
"Kuwait",2019,4442153,"KWT","Asia"
"Kyrgyzstan",2019,6493984,"KGZ","Asia"
"Laos",2019,7237589,"LAO","Asia"
"Latvia",2019,1914220,"LVA","Europe"
"Lebanon",2019,5794550,"LBN","Asia"
"Lesotho",2019,2209365,"LSO","Africa"
"Liberia",2019,5043670,"LBR","Africa"
"Libya",2019,6950993,"LBY","Africa"
"Liechtenstein",2019,38422,"LIE","Europe"
"Lithuania",2019,2795011,"LTU","Europe"
"Luxembourg",2019,620116,"LUX","Europe"
"Macao",2019,670934,"MAC","Asia"
"Madagascar",2019,28219511,"MDG","Africa"
"Malawi",2019,19025698,"MWI","Africa"
"Malaysia",2019,33440538,"MYS","Asia"
"Maldives",2019,487690,"MDV","Asia"
"Mali",2019,21068368,"MLI","Africa"
"Malta",2019,503968,"MLT","Europe"
"Marshall Islands",2019,43984,"MHL","Oceania"
"Martinique",2019,359569,"MTQ","Americas"
"Mauritania",2019,4467661,"MRT","Africa"
"Mauritius",2019,1286227,"MUS","Africa"
"Mayotte",2019,274870,"MYT","Africa"
"Mexico",2019,125762928,"MEX","Americas"
"Micronesia (country)",2019,110250,"FSM","Oceania"
"Moldova",2019,3112515,"MDA","Europe"
"Monaco",2019,38083,"MCO","Europe"
"Mongolia",2019,3232069,"MNG","Asia"
"Montenegro",2019,611625,"MNE","Europe"
"Montserrat",2019,4524,"MSR","Americas"
"Morocco",2019,36210859,"MAR","Africa"
"Mozambique",2019,29884331,"MOZ","Africa"
"Myanmar",2019,52640679,"MMR","Asia"
"Namibia",2019,2650454,"NAM","Africa"
"Nauru",2019,11577,"NRU","Oceania"
"Nepal",2019,28414023,"NPL","Asia"
"Netherlands",2019,17537460,"NLD","Europe"
"New Caledonia",2019,283564,"NCL","Oceania"
"New Zealand",2019,4989366,"NZL","Oceania"
"Nicaragua",2019,6483603,"NIC","Americas"
"Niger",2019,22947717,"NER","Africa"
"Nigeria",2019,209485583,"NGA","Africa"
"Niue",2019,1773,"NIU","Oceania"
"North Korea",2019,26037582,"PRK","Asia"
"North Macedonia",2019,1897595,"MKD","Europe"
"Northern Mariana Islands",2019,48109,"MNP","Oceania"
"Norway",2019,5347690,"NOR","Europe"
"Oman",2019,4591205,"OMN","Asia"
"Pakistan",2019,230800861,"PAK","Asia"
"Palau",2019,17770,"PLW","Oceania"
"Palestine",2019,4957731,"PSX","Asia"
"Panama",2019,4234652,"PAN","Americas"
"Papua New Guinea",2019,9608959,"PNG","Oceania"
"Paraguay",2019,6515016,"PRY","Americas"
"Peru",2019,32449256,"PER","Americas"
"Philippines",2019,110804629,"PHL","Asia"
"Poland",2019,38225836,"POL","Europe"
"Portugal",2019,10343168,"PRT","Europe"
"Puerto Rico",2019,3287976,"PRI","Americas"
"Qatar",2019,2797880,"QAT","Asia"
"Reunion",2019,857291,"REU","Africa"
"Romania",2019,19501499,"ROU","Europe"
"Russia",2019,146533005,"RUS","Europe"
"Rwanda",2019,12776068,"RWA","Africa"
"Saint Barthelemy",2019,10286,"BLM","Americas"
"Saint Helena",2019,5445,"SHN","Africa"
"Saint Kitts and Nevis",2019,46922,"KNA","Americas"
"Saint Lucia",2019,177639,"LCA","Americas"
"Saint Martin (French part)",2019,34243,"MAF","Americas"
"Saint Pierre and Miquelon",2019,5862,"SPM","Americas"
"Saint Vincent and the Grenadines",2019,104143,"VCT","Americas"
"Samoa",2019,209753,"WSM","Oceania"
"San Marino",2019,34627,"SMR","Europe"
"Sao Tome and Principe",2019,213358,"STP","Africa"
"Saudi Arabia",2019,30472767,"SAU","Asia"
"Senegal",2019,16352874,"SEN","Africa"
"Serbia",2019,6966101,"SRB","Europe"
"Seychelles",2019,117613,"SYC","Africa"
"Sierra Leone",2019,7731946,"SLE","Africa"
"Singapore",2019,5669500,"SGP","Asia"
"Sint Maarten (Dutch part)",2019,40373,"SXM","Americas"
"Slovakia",2019,5450575,"SVK","Europe"
"Slovenia",2019,2083395,"SVN","Europe"
"Solomon Islands",2019,728105,"SLB","Oceania"
"Somalia",2019,16030917,"SOM","Africa"
"South Africa",2019,59587828,"ZAF","Africa"
"South Korea",2019,51767790,"KOR","Asia"
"South Sudan",2019,10423340,"SSD","Africa"
"Spain",2019,47435072,"ESP","Europe"
"Sri Lanka",2019,22410495,"LKA","Asia"
"Sudan",2019,45548129,"SDN","Africa"
"Suriname",2019,605727,"SUR","Americas"
"Sweden",2019,10279068,"SWE","Europe"
"Switzerland",2019,8577482,"CHE","Europe"
"Syria",2019,20353478,"SYR","Asia"
"Taiwan",2019,23674088,"TWN","Asia"
"Tajikistan",2019,9529924,"TJK","Asia"
"Tanzania",2019,59174848,"TZA","Africa"
"Thailand",2019,71522216,"THA","Asia"
"Togo",2019,8463021,"TGO","Africa"
"Tokelau",2019,2002,"TKL","Oceania"
"Tonga",2019,105643,"TON","Oceania"
"Trinidad and Tobago",2019,1484843,"TTO","Americas"
"Tunisia",2019,11875033,"TUN","Africa"
"Turkey",2019,85357615,"TUR","Asia"
"Turkmenistan",2019,6803896,"TKM","Asia"
"Turks and Caicos Islands",2019,43143,"TCA","Americas"
"Tuvalu",2019,10557,"TUV","Oceania"
"Uganda",2019,42999589,"UGA","Africa"
"Ukraine",2019,44957402,"UKR","Europe"
"United Arab Emirates",2019,9377805,"ARE","Asia"
"United Kingdom",2019,67110910,"GBR","Europe"
"United States",2019,337790020,"USA","Americas"
"United States Virgin Islands",2019,89339,"UMI","Oceania"
"Uruguay",2019,3397150,"URY","Americas"
"Uzbekistan",2019,32964655,"UZB","Asia"
"Vanuatu",2019,291943,"VUT","Oceania"
"Venezuela",2019,28938043,"VEN","Americas"
"Vietnam",2019,97173733,"VNM","Asia"
"Wallis and Futuna",2019,11670,"WLF","Oceania"
"Western Sahara",2019,538401,"ESH","Africa"
"Yemen",2019,35111377,"YEM","Asia"
"Zambia",2019,18513790,"ZMB","Africa"
"Zimbabwe",2019,15271330,"ZWE","Africa"
"Afghanistan",2020,39068933,"AFG","Asia"
"Albania",2020,2871900,"ALB","Europe"
"Algeria",2020,44042041,"DZA","Africa"
"American Samoa",2020,49732,"ASM","Oceania"
"Andorra",2020,77343,"AND","Europe"
"Angola",2020,33451100,"AGO","Africa"
"Anguilla",2020,14831,"AIA","Americas"
"Antigua and Barbuda",2020,91818,"ATG","Americas"
"Argentina",2020,45191917,"ARG","Americas"
"Armenia",2020,2890849,"ARM","Asia"
"Aruba",2020,107360,"ABW","Americas"
"Australia",2020,25743732,"AUS","Oceania"
"Austria",2020,8921362,"AUT","Europe"
"Azerbaijan",2020,10181688,"AZE","Asia"
"Bahamas",2020,395827,"BHS","Americas"
"Bahrain",2020,1483026,"BHR","Asia"
"Bangladesh",2020,166297978,"BGD","Asia"
"Barbados",2020,281654,"BRB","Americas"
"Belarus",2020,9350896,"BLR","Europe"
"Belgium",2020,11540055,"BEL","Europe"
"Belize",2020,390775,"BLZ","Americas"
"Benin",2020,13070131,"BEN","Africa"
"Bermuda",2020,64354,"BMU","Americas"
"Bhutan",2020,769966,"BTN","Asia"
"Bolivia",2020,11816245,"BOL","Americas"
"Bonaire Sint Eustatius and Saba",2020,26422,"BES","Americas"
"Bosnia and Herzegovina",2020,3299297,"BIH","Europe"
"Botswana",2020,2365846,"BWA","Africa"
"Brazil",2020,208660785,"BRA","Americas"
"British Virgin Islands",2020,37122,"IOT","Africa"
"Brunei",2020,447365,"BRN","Asia"
"Bulgaria",2020,6933606,"BGR","Europe"
"Burkina Faso",2020,21478640,"BFA","Africa"
"Burundi",2020,12616994,"BDI","Africa"
"Cambodia",2020,16725440,"KHM","Asia"
"Cameroon",2020,26210514,"CMR","Africa"
"Canada",2020,38171851,"CAN","Americas"
"Cape Verde",2020,514632,"CPV","Africa"
"Cayman Islands",2020,68656,"CYM","Americas"
"Central African Republic",2020,5026583,"CAF","Africa"
"Chad",2020,17224636,"TCD","Africa"
"Chile",2020,19370563,"CHL","Americas"
"China",2020,1426106040,"CHN","Asia"
"Colombia",2020,50629945,"COL","Americas"
"Comoros",2020,802126,"COM","Africa"
"Congo",2020,5752741,"COG","Africa"
"Cook Islands",2020,15620,"COK","Oceania"
"Costa Rica",2020,5034273,"CRI","Americas"
"Cote d'Ivoire",2020,28915402,"CIV","Africa"
"Croatia",2020,3953898,"HRV","Europe"
"Cuba",2020,11176301,"CUB","Americas"
"Cyprus",2020,1302202,"CYP","Asia"
"Czechia",2020,10550083,"CZE","Europe"
"Democratic Republic of Congo",2020,95989947,"COD","Africa"
"Denmark",2020,5831483,"DNK","Europe"
"Djibouti",2020,1105141,"DJI","Africa"
"Dominica",2020,67536,"DMA","Americas"
"Dominican Republic",2020,11008252,"DOM","Americas"
"East Timor",2020,1326002,"TLS","Asia"
"Ecuador",2020,17546006,"ECU","Americas"
"Egypt",2020,109315075,"EGY","Africa"
"El Salvador",2020,6234631,"SLV","Americas"
"Equatorial Guinea",2020,1716435,"GNQ","Africa"
"Eritrea",2020,3291224,"ERI","Africa"
"Estonia",2020,1329618,"EST","Europe"
"Eswatini",2020,1192690,"SWZ","Africa"
"Ethiopia",2020,118917625,"ETH","Africa"
"Falkland Islands",2020,3495,"FLK","Americas"
"Faroe Islands",2020,52575,"FRO","Europe"
"Fiji",2020,914920,"FJI","Oceania"
"Finland",2020,5529559,"FIN","Europe"
"France",2020,65905226,"FRA","Europe"
"French Guiana",2020,289012,"GUF","Americas"
"French Polynesia",2020,279166,"PYF","Oceania"
"Gabon",2020,2322485,"GAB","Africa"
"Gambia",2020,2515694,"GMB","Africa"
"Georgia",2020,3795624,"GEO","Asia"
"Germany",2020,83628661,"DEU","Europe"
"Ghana",2020,31887755,"GHA","Africa"
"Gibraltar",2020,36142,"GIB","Europe"
"Greece",2020,10699317,"GRC","Europe"
"Greenland",2020,56056,"GRL","Americas"
"Grenada",2020,116304,"GRD","Americas"
"Guadeloupe",2020,407347,"GLP","Americas"
"Guam",2020,162120,"GUM","Oceania"
"Guatemala",2020,17357274,"GTM","Americas"
"Guernsey",2020,63079,"GGY","Europe"
"Guinea",2020,13371136,"GIN","Africa"
"Guinea-Bissau",2020,2013212,"GNB","Africa"
"Guyana",2020,807442,"GUY","Americas"
"Haiti",2020,11243804,"HTI","Americas"
"Honduras",2020,10119590,"HND","Americas"
"Hong Kong",2020,7490198,"HKG","Asia"
"Hungary",2020,9749421,"HUN","Europe"
"Iceland",2020,366571,"ISL","Europe"
"India",2020,1402617645,"IND","Asia"
"Indonesia",2020,274814825,"IDN","Asia"
"Iran",2020,87723397,"IRN","Asia"
"Iraq",2020,42116556,"IRQ","Asia"
"Ireland",2020,4982560,"IRL","Europe"
"Isle of Man",2020,84032,"IMN","Europe"
"Israel",2020,8800323,"ISR","Asia"
"Italy",2020,59912714,"ITA","Europe"
"Jamaica",2020,2830686,"JAM","Americas"
"Japan",2020,126304487,"JPN","Asia"
"Jersey",2020,103084,"JEY","Europe"
"Jordan",2020,10865183,"JOR","Asia"
"Kazakhstan",2020,19482065,"KAZ","Asia"
"Kenya",2020,52217277,"KEN","Africa"
"Kiribati",2020,126064,"KIR","Oceania"
"Kosovo",2020,1751372,"XKX","Europe"
"Kuwait",2020,4400103,"KWT","Asia"
"Kyrgyzstan",2020,6664099,"KGZ","Asia"
"Laos",2020,7346484,"LAO","Asia"
"Latvia",2020,1901069,"LVA","Europe"
"Lebanon",2020,5702353,"LBN","Asia"
"Lesotho",2020,2235679,"LSO","Africa"
"Liberia",2020,5149439,"LBR","Africa"
"Libya",2020,7045359,"LBY","Africa"
"Liechtenstein",2020,38753,"LIE","Europe"
"Lithuania",2020,2795711,"LTU","Europe"
"Luxembourg",2020,630545,"LUX","Europe"
"Macao",2020,683026,"MAC","Asia"
"Madagascar",2020,28953509,"MDG","Africa"
"Malawi",2020,19533837,"MWI","Africa"
"Malaysia",2020,33889515,"MYS","Asia"
"Maldives",2020,502076,"MDV","Asia"
"Mali",2020,21713790,"MLI","Africa"
"Malta",2020,518175,"MLT","Europe"
"Marshall Islands",2020,42680,"MHL","Oceania"
"Martinique",2020,356580,"MTQ","Americas"
"Mauritania",2020,4600083,"MRT","Africa"
"Mauritius",2020,1283178,"MUS","Africa"
"Mayotte",2020,284330,"MYT","Africa"
"Mexico",2020,126798998,"MEX","Americas"
"Micronesia (country)",2020,110883,"FSM","Oceania"
"Moldova",2020,3069084,"MDA","Europe"
"Monaco",2020,38027,"MCO","Europe"
"Mongolia",2020,3290733,"MNG","Asia"
"Montenegro",2020,607887,"MNE","Europe"
"Montserrat",2020,4493,"MSR","Americas"
"Morocco",2020,36584160,"MAR","Africa"
"Mozambique",2020,30783641,"MOZ","Africa"
"Myanmar",2020,53016472,"MMR","Asia"
"Namibia",2020,2728716,"NAM","Africa"
"Nauru",2020,11636,"NRU","Oceania"
"Nepal",2020,28966540,"NPL","Asia"
"Netherlands",2020,17636680,"NLD","Europe"
"New Caledonia",2020,284137,"NCL","Oceania"
"New Zealand",2020,5069848,"NZL","Oceania"
"Nicaragua",2020,6565214,"NIC","Americas"
"Niger",2020,23717579,"NER","Africa"
"Nigeria",2020,213996143,"NGA","Africa"
"Niue",2020,1780,"NIU","Oceania"
"North Korea",2020,26136272,"PRK","Asia"
"North Macedonia",2020,1871976,"MKD","Europe"
"Northern Mariana Islands",2020,47513,"MNP","Oceania"
"Norway",2020,5379229,"NOR","Europe"
"Oman",2020,4522447,"OMN","Asia"
"Pakistan",2020,235001693,"PAK","Asia"
"Palau",2020,17786,"PLW","Oceania"
"Palestine",2020,5069642,"PSX","Asia"
"Panama",2020,4293208,"PAN","Americas"
"Papua New Guinea",2020,9815691,"PNG","Oceania"
"Paraguay",2020,6603683,"PRY","Americas"
"Peru",2020,32838533,"PER","Americas"
"Philippines",2020,112081229,"PHL","Asia"
"Poland",2020,38170958,"POL","Europe"
"Portugal",2020,10370463,"PRT","Europe"
"Puerto Rico",2020,3275743,"PRI","Americas"
"Qatar",2020,2803329,"QAT","Asia"
"Reunion",2020,861404,"REU","Africa"
"Romania",2020,19392420,"ROU","Europe"
"Russia",2020,146371239,"RUS","Europe"
"Rwanda",2020,13065796,"RWA","Africa"
"Saint Barthelemy",2020,10524,"BLM","Americas"
"Saint Helena",2020,5404,"SHN","Africa"
"Saint Kitts and Nevis",2020,46845,"KNA","Americas"
"Saint Lucia",2020,178207,"LCA","Americas"
"Saint Martin (French part)",2020,31762,"MAF","Americas"
"Saint Pierre and Miquelon",2020,5813,"SPM","Americas"
"Saint Vincent and the Grenadines",2020,103489,"VCT","Americas"
"Samoa",2020,211900,"WSM","Oceania"
"San Marino",2020,34739,"SMR","Europe"
"Sao Tome and Principe",2020,217412,"STP","Africa"
"Saudi Arabia",2020,30991155,"SAU","Asia"
"Senegal",2020,16789173,"SEN","Africa"
"Serbia",2020,6907777,"SRB","Europe"
"Seychelles",2020,120257,"SYC","Africa"
"Sierra Leone",2020,7912509,"SLE","Africa"
"Singapore",2020,5620104,"SGP","Asia"
"Sint Maarten (Dutch part)",2020,40985,"SXM","Americas"
"Slovakia",2020,5454981,"SVK","Europe"
"Slovenia",2020,2102370,"SVN","Europe"
"Solomon Islands",2020,744451,"SLB","Oceania"
"Somalia",2020,16651150,"SOM","Africa"
"South Africa",2020,60562321,"ZAF","Africa"
"South Korea",2020,51858440,"KOR","Asia"
"South Sudan",2020,10698419,"SSD","Africa"
"Spain",2020,47679437,"ESP","Europe"
"Sri Lanka",2020,22561751,"LKA","Asia"
"Sudan",2020,46789187,"SDN","Africa"
"Suriname",2020,612267,"SUR","Americas"
"Sweden",2020,10353627,"SWE","Europe"
"Switzerland",2020,8640538,"CHE","Europe"
"Syria",2020,21049378,"SYR","Asia"
"Taiwan",2020,23663407,"TWN","Asia"
"Tajikistan",2020,9749262,"TJK","Asia"
"Tanzania",2020,60972752,"TZA","Africa"
"Thailand",2020,71641437,"THA","Asia"
"Togo",2020,8669667,"TGO","Africa"
"Tokelau",2020,2113,"TKL","Oceania"
"Tonga",2020,105673,"TON","Oceania"
"Trinidad and Tobago",2020,1480979,"TTO","Americas"
"Tunisia",2020,11974015,"TUN","Africa"
"Turkey",2020,86091644,"TUR","Asia"
"Turkmenistan",2020,6949869,"TKM","Asia"
"Turks and Caicos Islands",2020,44362,"TCA","Americas"
"Tuvalu",2020,10383,"TUV","Oceania"
"Uganda",2020,44457103,"UGA","Africa"
"Ukraine",2020,44679967,"UKR","Europe"
"United Arab Emirates",2020,9448476,"ARE","Asia"
"United Kingdom",2020,67351806,"GBR","Europe"
"United States",2020,339436106,"USA","Americas"
"United States Virgin Islands",2020,87676,"UMI","Oceania"
"Uruguay",2020,3398912,"URY","Americas"
"Uzbekistan",2020,33586325,"UZB","Asia"
"Vanuatu",2020,298824,"VUT","Oceania"
"Venezuela",2020,28444030,"VEN","Americas"
"Vietnam",2020,98079150,"VNM","Asia"
"Wallis and Futuna",2020,11602,"WLF","Oceania"
"Western Sahara",2020,549312,"ESH","Africa"
"Yemen",2020,36134822,"YEM","Asia"
"Zambia",2020,19059354,"ZMB","Africa"
"Zimbabwe",2020,15526837,"ZWE","Africa"
"Afghanistan",2021,40000360,"AFG","Asia"
"Albania",2021,2849591,"ALB","Europe"
"Algeria",2021,44761051,"DZA","Africa"
"American Samoa",2021,49202,"ASM","Oceania"
"Andorra",2021,78328,"AND","Europe"
"Angola",2021,34532382,"AGO","Africa"
"Anguilla",2021,14458,"AIA","Americas"
"Antigua and Barbuda",2021,92316,"ATG","Americas"
"Argentina",2021,45312226,"ARG","Americas"
"Armenia",2021,2870293,"ARM","Asia"
"Aruba",2021,107524,"ABW","Americas"
"Australia",2021,25956358,"AUS","Oceania"
"Austria",2021,8967006,"AUT","Europe"
"Azerbaijan",2021,10234332,"AZE","Asia"
"Bahamas",2021,396326,"BHS","Americas"
"Bahrain",2021,1501708,"BHR","Asia"
"Bangladesh",2021,167658798,"BGD","Asia"
"Barbados",2021,282111,"BRB","Americas"
"Belarus",2021,9251315,"BLR","Europe"
"Belgium",2021,11570794,"BEL","Europe"
"Belize",2021,395312,"BLZ","Americas"
"Benin",2021,13413371,"BEN","Africa"
"Bermuda",2021,64622,"BMU","Americas"
"Bhutan",2021,775407,"BTN","Asia"
"Bolivia",2021,11937318,"BOL","Americas"
"Bonaire Sint Eustatius and Saba",2021,27302,"BES","Americas"
"Bosnia and Herzegovina",2021,3244869,"BIH","Europe"
"Botswana",2021,2401410,"BWA","Africa"
"Brazil",2021,209550238,"BRA","Americas"
"British Virgin Islands",2021,37790,"IOT","Africa"
"Brunei",2021,451676,"BRN","Asia"
"Bulgaria",2021,6877173,"BGR","Europe"
"Burkina Faso",2021,21995205,"BFA","Africa"
"Burundi",2021,12965439,"BDI","Africa"
"Cambodia",2021,16974258,"KHM","Asia"
"Cameroon",2021,26915707,"CMR","Africa"
"Canada",2021,38454011,"CAN","Americas"
"Cape Verde",2021,516610,"CPV","Africa"
"Cayman Islands",2021,70080,"CYM","Americas"
"Central African Republic",2021,5112047,"CAF","Africa"
"Chad",2021,17828225,"TCD","Africa"
"Chile",2021,19456275,"CHL","Americas"
"China",2021,1426437224,"CHN","Asia"
"Colombia",2021,51188120,"COL","Americas"
"Comoros",2021,818133,"COM","Africa"
"Congo",2021,5892137,"COG","Africa"
"Cook Islands",2021,15158,"COK","Oceania"
"Costa Rica",2021,5059939,"CRI","Americas"
"Cote d'Ivoire",2021,29639680,"CIV","Africa"
"Croatia",2021,3924558,"HRV","Europe"
"Cuba",2021,11122126,"CUB","Americas"
"Cyprus",2021,1317269,"CYP","Asia"
"Czechia",2021,10530619,"CZE","Europe"
"Democratic Republic of Congo",2021,99148879,"COD","Africa"
"Denmark",2021,5856724,"DNK","Europe"
"Djibouti",2021,1121203,"DJI","Africa"
"Dominica",2021,67176,"DMA","Americas"
"Dominican Republic",2021,11123434,"DOM","Americas"
"East Timor",2021,1350102,"TLS","Asia"
"Ecuador",2021,17682398,"ECU","Americas"
"Egypt",2021,110956950,"EGY","Africa"
"El Salvador",2021,6255737,"SLV","Americas"
"Equatorial Guinea",2021,1758752,"GNQ","Africa"
"Eritrea",2021,3350142,"ERI","Africa"
"Estonia",2021,1331699,"EST","Europe"
"Eswatini",2021,1206548,"SWZ","Africa"
"Ethiopia",2021,122138537,"ETH","Africa"
"Falkland Islands",2021,3488,"FLK","Americas"
"Faroe Islands",2021,53286,"FRO","Europe"
"Fiji",2021,916669,"FJI","Oceania"
"Finland",2021,5541019,"FIN","Europe"
"France",2021,66083491,"FRA","Europe"
"French Guiana",2021,292970,"GUF","Americas"
"French Polynesia",2021,279769,"PYF","Oceania"
"Gabon",2021,2376684,"GAB","Africa"
"Gambia",2021,2575965,"GMB","Africa"
"Georgia",2021,3788400,"GEO","Asia"
"Germany",2021,83697031,"DEU","Europe"
"Ghana",2021,32518607,"GHA","Africa"
"Gibraltar",2021,36824,"GIB","Europe"
"Greece",2021,10579511,"GRC","Europe"
"Greenland",2021,56026,"GRL","Americas"
"Grenada",2021,116645,"GRD","Americas"
"Guadeloupe",2021,399107,"GLP","Americas"
"Guam",2021,163693,"GUM","Oceania"
"Guatemala",2021,17598598,"GTM","Americas"
"Guernsey",2021,63398,"GGY","Europe"
"Guinea",2021,13710470,"GIN","Africa"
"Guinea-Bissau",2021,2058795,"GNB","Africa"
"Guyana",2021,815445,"GUY","Americas"
"Haiti",2021,11374546,"HTI","Americas"
"Honduras",2021,10289829,"HND","Americas"
"Hong Kong",2021,7484547,"HKG","Asia"
"Hungary",2021,9707794,"HUN","Europe"
"Iceland",2021,372597,"ISL","Europe"
"India",2021,1414203840,"IND","Asia"
"Indonesia",2021,276758010,"IDN","Asia"
"Iran",2021,88455443,"IRN","Asia"
"Iraq",2021,43071162,"IRQ","Asia"
"Ireland",2021,5028387,"IRL","Europe"
"Isle of Man",2021,84072,"IMN","Europe"
"Israel",2021,8942868,"ISR","Asia"
"Italy",2021,59729300,"ITA","Europe"
"Jamaica",2021,2837634,"JAM","Americas"
"Japan",2021,125679288,"JPN","Asia"
"Jersey",2021,103293,"JEY","Europe"
"Jordan",2021,11066310,"JOR","Asia"
"Kazakhstan",2021,19743565,"KAZ","Asia"
"Kenya",2021,53219122,"KEN","Africa"
"Kiribati",2021,128346,"KIR","Oceania"
"Kosovo",2021,1741407,"XKX","Europe"
"Kuwait",2021,4360703,"KWT","Asia"
"Kyrgyzstan",2021,6820433,"KGZ","Asia"
"Laos",2021,7453143,"LAO","Asia"
"Latvia",2021,1885546,"LVA","Europe"
"Lebanon",2021,5718083,"LBN","Asia"
"Lesotho",2021,2261496,"LSO","Africa"
"Liberia",2021,5259278,"LBR","Africa"
"Libya",2021,7135138,"LBY","Africa"
"Liechtenstein",2021,39018,"LIE","Europe"
"Lithuania",2021,2794443,"LTU","Europe"
"Luxembourg",2021,640233,"LUX","Europe"
"Macao",2021,694363,"MAC","Asia"
"Madagascar",2021,29691033,"MDG","Africa"
"Malawi",2021,20047218,"MWI","Africa"
"Malaysia",2021,34282367,"MYS","Asia"
"Maldives",2021,516123,"MDV","Asia"
"Mali",2021,22388587,"MLI","Africa"
"Malta",2021,524335,"MLT","Europe"
"Marshall Islands",2021,41346,"MHL","Oceania"
"Martinique",2021,353243,"MTQ","Americas"
"Mauritania",2021,4734824,"MRT","Africa"
"Mauritius",2021,1279587,"MUS","Africa"
"Mayotte",2021,294385,"MYT","Africa"
"Mexico",2021,127648107,"MEX","Americas"
"Micronesia (country)",2021,111589,"FSM","Oceania"
"Moldova",2021,3023731,"MDA","Europe"
"Monaco",2021,38502,"MCO","Europe"
"Mongolia",2021,3339627,"MNG","Asia"
"Montenegro",2021,603805,"MNE","Europe"
"Montserrat",2021,4472,"MSR","Americas"
"Morocco",2021,36954394,"MAR","Africa"
"Mozambique",2021,31707757,"MOZ","Africa"
"Myanmar",2021,53387059,"MMR","Asia"
"Namibia",2021,2810509,"NAM","Africa"
"Nauru",2021,11687,"NRU","Oceania"
"Nepal",2021,29474963,"NPL","Asia"
"Netherlands",2021,17730519,"NLD","Europe"
"New Caledonia",2021,285177,"NCL","Oceania"
"New Zealand",2021,5107644,"NZL","Oceania"
"Nicaragua",2021,6644688,"NIC","Americas"
"Niger",2021,24502100,"NER","Africa"
"Nigeria",2021,218529237,"NGA","Africa"
"Niue",2021,1799,"NIU","Oceania"
"North Korea",2021,26232476,"PRK","Asia"
"North Macedonia",2021,1851059,"MKD","Europe"
"Northern Mariana Islands",2021,46959,"MNP","Oceania"
"Norway",2021,5408030,"NOR","Europe"
"Oman",2021,4500378,"OMN","Asia"
"Pakistan",2021,239477758,"PAK","Asia"
"Palau",2021,17777,"PLW","Oceania"
"Palestine",2021,5185289,"PSX","Asia"
"Panama",2021,4345360,"PAN","Americas"
"Papua New Guinea",2021,10012849,"PNG","Oceania"
"Paraguay",2021,6684130,"PRY","Americas"
"Peru",2021,33155845,"PER","Americas"
"Philippines",2021,113100906,"PHL","Asia"
"Poland",2021,38040252,"POL","Europe"
"Portugal",2021,10390906,"PRT","Europe"
"Puerto Rico",2021,3253158,"PRI","Americas"
"Qatar",2021,2814939,"QAT","Asia"
"Reunion",2021,868026,"REU","Africa"
"Romania",2021,19248115,"ROU","Europe"
"Russia",2021,145836117,"RUS","Europe"
"Rwanda",2021,13355214,"RWA","Africa"
"Saint Barthelemy",2021,10749,"BLM","Americas"
"Saint Helena",2021,5378,"SHN","Africa"
"Saint Kitts and Nevis",2021,46738,"KNA","Americas"
"Saint Lucia",2021,178489,"LCA","Americas"
"Saint Martin (French part)",2021,29934,"MAF","Americas"
"Saint Pierre and Miquelon",2021,5757,"SPM","Americas"
"Saint Vincent and the Grenadines",2021,102797,"VCT","Americas"
"Samoa",2021,213745,"WSM","Oceania"
"San Marino",2021,34546,"SMR","Europe"
"Sao Tome and Principe",2021,221926,"STP","Africa"
"Saudi Arabia",2021,31328320,"SAU","Asia"
"Senegal",2021,17220821,"SEN","Africa"
"Serbia",2021,6835386,"SRB","Europe"
"Seychelles",2021,122951,"SYC","Africa"
"Sierra Leone",2021,8094551,"SLE","Africa"
"Singapore",2021,5546240,"SGP","Asia"
"Sint Maarten (Dutch part)",2021,41546,"SXM","Americas"
"Slovakia",2021,5442712,"SVK","Europe"
"Slovenia",2021,2113450,"SVN","Europe"
"Solomon Islands",2021,762546,"SLB","Oceania"
"Somalia",2021,17271386,"SOM","Africa"
"South Africa",2021,61502553,"ZAF","Africa"
"South Korea",2021,51848358,"KOR","Asia"
"South Sudan",2021,10865735,"SSD","Africa"
"Spain",2021,47735610,"ESP","Europe"
"Sri Lanka",2021,22700326,"LKA","Asia"
"Sudan",2021,48066876,"SDN","Africa"
"Suriname",2021,617863,"SUR","Americas"
"Sweden",2021,10416075,"SWE","Europe"
"Switzerland",2021,8706973,"CHE","Europe"
"Syria",2021,21628791,"SYR","Asia"
"Taiwan",2021,23558281,"TWN","Asia"
"Tajikistan",2021,9966868,"TJK","Asia"
"Tanzania",2021,62830365,"TZA","Africa"
"Thailand",2021,71727293,"THA","Asia"
"Togo",2021,8878342,"TGO","Africa"
"Tokelau",2021,2193,"TKL","Oceania"
"Tonga",2021,105450,"TON","Oceania"
"Trinidad and Tobago",2021,1487659,"TTO","Americas"
"Tunisia",2021,12048573,"TUN","Africa"
"Turkey",2021,86686206,"TUR","Asia"
"Turkmenistan",2021,7091984,"TKM","Asia"
"Turks and Caicos Islands",2021,45213,"TCA","Americas"
"Tuvalu",2021,10167,"TUV","Oceania"
"Uganda",2021,45910886,"UGA","Africa"
"Ukraine",2021,44298591,"UKR","Europe"
"United Arab Emirates",2021,9789001,"ARE","Asia"
"United Kingdom",2021,67668749,"GBR","Europe"
"United States",2021,340161392,"USA","Americas"
"United States Virgin Islands",2021,87184,"UMI","Oceania"
"Uruguay",2021,3396643,"URY","Americas"
"Uzbekistan",2021,34243658,"UZB","Asia"
"Vanuatu",2021,305836,"VUT","Oceania"
"Venezuela",2021,28237786,"VEN","Americas"
"Vietnam",2021,98935054,"VNM","Asia"
"Wallis and Futuna",2021,11544,"WLF","Oceania"
"Western Sahara",2021,558577,"ESH","Africa"
"Yemen",2021,37140180,"YEM","Asia"
"Zambia",2021,19603556,"ZMB","Africa"
"Zimbabwe",2021,15797165,"ZWE","Africa"
"Afghanistan",2022,40578801,"AFG","Asia"
"Albania",2022,2827562,"ALB","Europe"
"Algeria",2022,45477339,"DZA","Africa"
"American Samoa",2022,48322,"ASM","Oceania"
"Andorra",2022,79675,"AND","Europe"
"Angola",2022,35634984,"AGO","Africa"
"Anguilla",2022,14164,"AIA","Americas"
"Antigua and Barbuda",2022,92804,"ATG","Americas"
"Argentina",2022,45407866,"ARG","Americas"
"Armenia",2022,2880829,"ARM","Asia"
"Aruba",2022,107746,"ABW","Americas"
"Australia",2022,26200929,"AUS","Oceania"
"Austria",2022,9064633,"AUT","Europe"
"Azerbaijan",2022,10295256,"AZE","Asia"
"Bahamas",2022,397492,"BHS","Americas"
"Bahrain",2022,1533408,"BHR","Asia"
"Bangladesh",2022,169384838,"BGD","Asia"
"Barbados",2022,282268,"BRB","Americas"
"Belarus",2022,9173190,"BLR","Europe"
"Belgium",2022,11641759,"BEL","Europe"
"Belize",2022,402691,"BLZ","Americas"
"Benin",2022,13759458,"BEN","Africa"
"Bermuda",2022,64734,"BMU","Americas"
"Bhutan",2022,780868,"BTN","Asia"
"Bolivia",2022,12077101,"BOL","Americas"
"Bonaire Sint Eustatius and Saba",2022,28604,"BES","Americas"
"Bosnia and Herzegovina",2022,3204770,"BIH","Europe"
"Botswana",2022,2439843,"BWA","Africa"
"Brazil",2022,210306358,"BRA","Americas"
"British Virgin Islands",2022,38298,"IOT","Africa"
"Brunei",2022,455326,"BRN","Asia"
"Bulgaria",2022,6825817,"BGR","Europe"
"Burkina Faso",2022,22508995,"BFA","Africa"
"Burundi",2022,13321056,"BDI","Africa"
"Cambodia",2022,17201662,"KHM","Asia"
"Cameroon",2022,27632723,"CMR","Africa"
"Canada",2022,38821209,"CAN","Americas"
"Cape Verde",2022,519694,"CPV","Africa"
"Cayman Islands",2022,71558,"CYM","Americas"
"Central African Republic",2022,5097987,"CAF","Africa"
"Chad",2022,18455270,"TCD","Africa"
"Chile",2022,19552984,"CHL","Americas"
"China",2022,1425179509,"CHN","Asia"
"Colombia",2022,51737891,"COL","Americas"
"Comoros",2022,834135,"COM","Africa"
"Congo",2022,6035057,"COG","Africa"
"Cook Islands",2022,14706,"COK","Oceania"
"Costa Rica",2022,5081715,"CRI","Americas"
"Cote d'Ivoire",2022,30394949,"CIV","Africa"
"Croatia",2022,3906988,"HRV","Europe"
"Cuba",2022,11059772,"CUB","Americas"
"Cyprus",2022,1331324,"CYP","Asia"
"Czechia",2022,10673169,"CZE","Europe"
"Democratic Republic of Congo",2022,102396919,"COD","Africa"
"Denmark",2022,5902846,"DNK","Europe"
"Djibouti",2022,1137052,"DJI","Africa"
"Dominica",2022,66801,"DMA","Americas"
"Dominican Republic",2022,11230686,"DOM","Americas"
"East Timor",2022,1369250,"TLS","Asia"
"Ecuador",2022,17823857,"ECU","Americas"
"Egypt",2022,112618191,"EGY","Africa"
"El Salvador",2022,6280269,"SLV","Americas"
"Equatorial Guinea",2022,1803496,"GNQ","Africa"
"Eritrea",2022,3409407,"ERI","Africa"
"Estonia",2022,1350038,"EST","Europe"
"Eswatini",2022,1218873,"SWZ","Africa"
"Ethiopia",2022,125384244,"ETH","Africa"
"Falkland Islands",2022,3475,"FLK","Americas"
"Faroe Islands",2022,53990,"FRO","Europe"
"Fiji",2022,919378,"FJI","Oceania"
"Finland",2022,5569254,"FIN","Europe"
"France",2022,66277365,"FRA","Europe"
"French Guiana",2022,298280,"GUF","Americas"
"French Polynesia",2022,280335,"PYF","Oceania"
"Gabon",2022,2430702,"GAB","Africa"
"Gambia",2022,2636423,"GMB","Africa"
"Georgia",2022,3794728,"GEO","Asia"
"Germany",2022,84086176,"DEU","Europe"
"Ghana",2022,33149102,"GHA","Africa"
"Gibraltar",2022,37590,"GIB","Europe"
"Greece",2022,10412428,"GRC","Europe"
"Greenland",2022,55969,"GRL","Americas"
"Grenada",2022,116876,"GRD","Americas"
"Guadeloupe",2022,384653,"GLP","Americas"
"Guam",2022,165135,"GUM","Oceania"
"Guatemala",2022,17847828,"GTM","Americas"
"Guernsey",2022,63698,"GGY","Europe"
"Guinea",2022,14055075,"GIN","Africa"
"Guinea-Bissau",2022,2105479,"GNB","Africa"
"Guyana",2022,821588,"GUY","Americas"
"Haiti",2022,11503553,"HTI","Americas"
"Honduras",2022,10463826,"HND","Americas"
"Hong Kong",2022,7465860,"HKG","Asia"
"Hungary",2022,9684259,"HUN","Europe"
"Iceland",2022,380322,"ISL","Europe"
"India",2022,1425423157,"IND","Asia"
"Indonesia",2022,278830479,"IDN","Asia"
"Iran",2022,89524192,"IRN","Asia"
"Iraq",2022,44070510,"IRQ","Asia"
"Ireland",2022,5109966,"IRL","Europe"
"Isle of Man",2022,84093,"IMN","Europe"
"Israel",2022,9103094,"ISR","Asia"
"Italy",2022,59619058,"ITA","Europe"
"Jamaica",2022,2839098,"JAM","Americas"
"Japan",2022,124997534,"JPN","Asia"
"Jersey",2022,103444,"JEY","Europe"
"Jordan",2022,11256215,"JOR","Asia"
"Kazakhstan",2022,20034569,"KAZ","Asia"
"Kenya",2022,54252404,"KEN","Africa"
"Kiribati",2022,130435,"KIR","Oceania"
"Kosovo",2022,1717900,"XKX","Europe"
"Kuwait",2022,4589467,"KWT","Asia"
"Kyrgyzstan",2022,6955746,"KGZ","Asia"
"Laos",2022,7558961,"LAO","Asia"
"Latvia",2022,1881016,"LVA","Europe"
"Lebanon",2022,5744441,"LBN","Asia"
"Lesotho",2022,2286067,"LSO","Africa"
"Liberia",2022,5373250,"LBR","Africa"
"Libya",2022,7223757,"LBY","Africa"
"Liechtenstein",2022,39287,"LIE","Europe"
"Lithuania",2022,2816872,"LTU","Europe"
"Luxembourg",2022,653267,"LUX","Europe"
"Macao",2022,704309,"MAC","Asia"
"Madagascar",2022,30437216,"MDG","Africa"
"Malawi",2022,20568683,"MWI","Africa"
"Malaysia",2022,34695445,"MYS","Asia"
"Maldives",2022,524067,"MDV","Asia"
"Mali",2022,23072588,"MLI","Africa"
"Malta",2022,528148,"MLT","Europe"
"Marshall Islands",2022,40058,"MHL","Oceania"
"Martinique",2022,349407,"MTQ","Americas"
"Mauritania",2022,4875590,"MRT","Africa"
"Mauritius",2022,1276075,"MUS","Africa"
"Mayotte",2022,305239,"MYT","Africa"
"Mexico",2022,128613066,"MEX","Americas"
"Micronesia (country)",2022,112081,"FSM","Oceania"
"Moldova",2022,3039946,"MDA","Europe"
"Monaco",2022,38907,"MCO","Europe"
"Mongolia",2022,3385971,"MNG","Asia"
"Montenegro",2022,614603,"MNE","Europe"
"Montserrat",2022,4428,"MSR","Americas"
"Morocco",2022,37329012,"MAR","Africa"
"Mozambique",2022,32656190,"MOZ","Africa"
"Myanmar",2022,53756739,"MMR","Asia"
"Namibia",2022,2889626,"NAM","Africa"
"Nauru",2022,11783,"NRU","Oceania"
"Nepal",2022,29715383,"NPL","Asia"
"Netherlands",2022,17904367,"NLD","Europe"
"New Caledonia",2022,287095,"NCL","Oceania"
"New Zealand",2022,5131680,"NZL","Oceania"
"Nicaragua",2022,6730618,"NIC","Americas"
"Niger",2022,25311922,"NER","Africa"
"Nigeria",2022,223150851,"NGA","Africa"
"Niue",2022,1812,"NIU","Oceania"
"North Korea",2022,26328793,"PRK","Asia"
"North Macedonia",2022,1840196,"MKD","Europe"
"Northern Mariana Islands",2022,46050,"MNP","Oceania"
"Norway",2022,5456753,"NOR","Europe"
"Oman",2022,4730179,"OMN","Asia"
"Pakistan",2022,243700616,"PAK","Asia"
"Palau",2022,17738,"PLW","Oceania"
"Palestine",2022,5305230,"PSX","Asia"
"Panama",2022,4400715,"PAN","Americas"
"Papua New Guinea",2022,10203130,"PNG","Oceania"
"Paraguay",2022,6760399,"PRY","Americas"
"Peru",2022,33475381,"PER","Americas"
"Philippines",2022,113964291,"PHL","Asia"
"Poland",2022,38385689,"POL","Europe"
"Portugal",2022,10417030,"PRT","Europe"
"Puerto Rico",2022,3240923,"PRI","Americas"
"Qatar",2022,2892419,"QAT","Asia"
"Reunion",2022,871486,"REU","Africa"
"Romania",2022,19166726,"ROU","Europe"
"Russia",2022,145579843,"RUS","Europe"
"Rwanda",2022,13650972,"RWA","Africa"
"Saint Barthelemy",2022,10897,"BLM","Americas"
"Saint Helena",2022,5330,"SHN","Africa"
"Saint Kitts and Nevis",2022,46695,"KNA","Americas"
"Saint Lucia",2022,178747,"LCA","Americas"
"Saint Martin (French part)",2022,28847,"MAF","Americas"
"Saint Pierre and Miquelon",2022,5724,"SPM","Americas"
"Saint Vincent and the Grenadines",2022,102012,"VCT","Americas"
"Samoa",2022,215224,"WSM","Oceania"
"San Marino",2022,34066,"SMR","Europe"
"Sao Tome and Principe",2022,226265,"STP","Africa"
"Saudi Arabia",2022,32175301,"SAU","Asia"
"Senegal",2022,17651046,"SEN","Africa"
"Serbia",2022,6791172,"SRB","Europe"
"Seychelles",2022,125480,"SYC","Africa"
"Sierra Leone",2022,8276759,"SLE","Africa"
"Singapore",2022,5649833,"SGP","Asia"
"Sint Maarten (Dutch part)",2022,42108,"SXM","Americas"
"Slovakia",2022,5473145,"SVK","Europe"
"Slovenia",2022,2115184,"SVN","Europe"
"Solomon Islands",2022,781026,"SLB","Oceania"
"Somalia",2022,17801848,"SOM","Africa"
"South Africa",2022,62378377,"ZAF","Africa"
"South Korea",2022,51782473,"KOR","Asia"
"South Sudan",2022,11021133,"SSD","Africa"
"Spain",2022,47828339,"ESP","Europe"
"Sri Lanka",2022,22834913,"LKA","Asia"
"Sudan",2022,49383296,"SDN","Africa"
"Suriname",2022,623128,"SUR","Americas"
"Sweden",2022,10487289,"SWE","Europe"
"Switzerland",2022,8792128,"CHE","Europe"
"Syria",2022,22462118,"SYR","Asia"
"Taiwan",2022,23420051,"TWN","Asia"
"Tajikistan",2022,10182185,"TJK","Asia"
"Tanzania",2022,64711777,"TZA","Africa"
"Thailand",2022,71735273,"THA","Asia"
"Togo",2022,9089693,"TGO","Africa"
"Tokelau",2022,2280,"TKL","Oceania"
"Tonga",2022,105012,"TON","Oceania"
"Trinidad and Tobago",2022,1495868,"TTO","Americas"
"Tunisia",2022,12119284,"TUN","Africa"
"Turkey",2022,87058421,"TUR","Asia"
"Turkmenistan",2022,7230147,"TKM","Asia"
"Turks and Caicos Islands",2022,45824,"TCA","Americas"
"Tuvalu",2022,9968,"TUV","Oceania"
"Uganda",2022,47312665,"UGA","Africa"
"Ukraine",2022,41048717,"UKR","Europe"
"United Arab Emirates",2022,10242033,"ARE","Asia"
"United Kingdom",2022,68179267,"GBR","Europe"
"United States",2022,341533996,"USA","Americas"
"United States Virgin Islands",2022,86487,"UMI","Oceania"
"Uruguay",2022,3390863,"URY","Americas"
"Uzbekistan",2022,34938911,"UZB","Asia"
"Vanuatu",2022,313014,"VUT","Oceania"
"Venezuela",2022,28212961,"VEN","Americas"
"Vietnam",2022,99680606,"VNM","Asia"
"Wallis and Futuna",2022,11451,"WLF","Oceania"
"Western Sahara",2022,568702,"ESH","Africa"
"Yemen",2022,38222833,"YEM","Asia"
"Zambia",2022,20152890,"ZMB","Africa"
"Zimbabwe",2022,16069010,"ZWE","Africa"
"Afghanistan",2023,41454709,"",""
"Albania",2023,2811615,"",""
"Algeria",2023,46164169,"",""
"American Samoa",2023,47499,"",""
"Andorra",2023,80825,"",""
"Angola",2023,36749852,"",""
"Anguilla",2023,14391,"",""
"Antigua and Barbuda",2023,93293,"",""
"Argentina",2023,45538356,"",""
"Armenia",2023,2943346,"",""
"Aruba",2023,107904,"",""
"Australia",2023,26451074,"",""
"Austria",2023,9130386,"",""
"Azerbaijan",2023,10318161,"",""
"Bahamas",2023,399410,"",""
"Bahrain",2023,1569625,"",""
"Bangladesh",2023,171466945,"",""
"Barbados",2023,282302,"",""
"Belarus",2023,9115626,"",""
"Belgium",2023,11712836,"",""
"Belize",2023,411073,"",""
"Benin",2023,14110987,"",""
"Bermuda",2023,64676,"",""
"Bhutan",2023,786330,"",""
"Bolivia",2023,12244104,"",""
"Bonaire Sint Eustatius and Saba",2023,29870,"",""
"Bosnia and Herzegovina",2023,3185033,"",""
"Botswana",2023,2480185,"",""
"Brazil",2023,211140678,"",""
"British Virgin Islands",2023,38954,"",""
"Brunei",2023,458910,"",""
"Bulgaria",2023,6795757,"",""
"Burkina Faso",2023,23025738,"",""
"Burundi",2023,13689406,"",""
"Cambodia",2023,17423835,"",""
"Cameroon",2023,28372638,"",""
"Canada",2023,39299053,"",""
"Cape Verde",2023,522290,"",""
"Cayman Islands",2023,73009,"",""
"Central African Republic",2023,5152373,"",""
"Chad",2023,19319025,"",""
"Chile",2023,19658791,"",""
"China",2023,1422584878,"",""
"Colombia",2023,52321104,"",""
"Comoros",2023,850335,"",""
"Congo",2023,6182830,"",""
"Cook Islands",2023,14198,"",""
"Costa Rica",2023,5105469,"",""
"Cote d'Ivoire",2023,31165592,"",""
"Croatia",2023,3895973,"",""
"Cuba",2023,11019881,"",""
"Cyprus",2023,1344937,"",""
"Czechia",2023,10809674,"",""
"Democratic Republic of Congo",2023,105789681,"",""
"Denmark",2023,5948078,"",""
"Djibouti",2023,1152912,"",""
"Dominica",2023,66478,"",""
"Dominican Republic",2023,11331213,"",""
"East Timor",2023,1384234,"",""
"Ecuador",2023,17980034,"",""
"Egypt",2023,114535724,"",""
"El Salvador",2023,6309575,"",""
"Equatorial Guinea",2023,1847501,"",""
"Eritrea",2023,3470344,"",""
"Estonia",2023,1367143,"",""
"Eswatini",2023,1230457,"",""
"Ethiopia",2023,128691654,"",""
"Falkland Islands",2023,3460,"",""
"Faroe Islands",2023,54689,"",""
"Fiji",2023,924114,"",""
"Finland",2023,5601133,"",""
"France",2023,66438774,"",""
"French Guiana",2023,303358,"",""
"French Polynesia",2023,281075,"",""
"Gabon",2023,2484739,"",""
"Gambia",2023,2697797,"",""
"Georgia",2023,3807436,"",""
"Germany",2023,84548184,"",""
"Ghana",2023,33787870,"",""
"Gibraltar",2023,38442,"",""
"Greece",2023,10242850,"",""
"Greenland",2023,55895,"",""
"Grenada",2023,117047,"",""
"Guadeloupe",2023,376468,"",""
"Guam",2023,166477,"",""
"Guatemala",2023,18124791,"",""
"Guernsey",2023,63995,"",""
"Guinea",2023,14405424,"",""
"Guinea-Bissau",2023,2153292,"",""
"Guyana",2023,826310,"",""
"Haiti",2023,11637352,"",""
"Honduras",2023,10644802,"",""
"Hong Kong",2023,7442686,"",""
"Hungary",2023,9686418,"",""
"Iceland",2023,387522,"",""
"India",2023,1438069540,"",""
"Indonesia",2023,281190021,"",""
"Iran",2023,90608663,"",""
"Iraq",2023,45074010,"",""
"Ireland",2023,5196586,"",""
"Isle of Man",2023,84139,"",""
"Israel",2023,9256261,"",""
"Italy",2023,59499408,"",""
"Jamaica",2023,2839729,"",""
"Japan",2023,124370893,"",""
"Jersey",2023,103634,"",""
"Jordan",2023,11439171,"",""
"Kazakhstan",2023,20330063,"",""
"Kenya",2023,55338953,"",""
"Kiribati",2023,132494,"",""
"Kosovo",2023,1699985,"",""
"Kuwait",2023,4838724,"",""
"Kyrgyzstan",2023,7073476,"",""
"Laos",2023,7664955,"",""
"Latvia",2023,1882336,"",""
"Lebanon",2023,5773446,"",""
"Lesotho",2023,2311429,"",""
"Liberia",2023,5492981,"",""
"Libya",2023,7305611,"",""
"Liechtenstein",2023,39574,"",""
"Lithuania",2023,2854061,"",""
"Luxembourg",2023,665058,"",""
"Macao",2023,713868,"",""
"Madagascar",2023,31195885,"",""
"Malawi",2023,21104426,"",""
"Malaysia",2023,35126249,"",""
"Maldives",2023,525955,"",""
"Mali",2023,23769081,"",""
"Malta",2023,532921,"",""
"Marshall Islands",2023,38803,"",""
"Martinique",2023,345950,"",""
"Mauritania",2023,5022397,"",""
"Mauritius",2023,1273543,"",""
"Mayotte",2023,315983,"",""
"Mexico",2023,129739713,"",""
"Micronesia (country)",2023,112602,"",""
"Moldova",2023,3067017,"",""
"Monaco",2023,38929,"",""
"Mongolia",2023,3431887,"",""
"Montenegro",2023,633503,"",""
"Montserrat",2023,4397,"",""
"Morocco",2023,37712463,"",""
"Mozambique",2023,33635119,"",""
"Myanmar",2023,54133741,"",""
"Namibia",2023,2963048,"",""
"Nauru",2023,11850,"",""
"Nepal",2023,29694568,"",""
"Netherlands",2023,18092473,"",""
"New Caledonia",2023,289836,"",""
"New Zealand",2023,5172791,"",""
"Nicaragua",2023,6823569,"",""
"Niger",2023,26159817,"",""
"Nigeria",2023,227882899,"",""
"Niue",2023,1809,"",""
"North Korea",2023,26418146,"",""
"North Macedonia",2023,1831749,"",""
"Northern Mariana Islands",2023,45116,"",""
"Norway",2023,5519123,"",""
"Oman",2023,5049214,"",""
"Pakistan",2023,247504458,"",""
"Palau",2023,17707,"",""
"Palestine",2023,5409153,"",""
"Panama",2023,4458719,"",""
"Papua New Guinea",2023,10389589,"",""
"Paraguay",2023,6844101,"",""
"Peru",2023,33845565,"",""
"Philippines",2023,114891152,"",""
"Poland",2023,38762796,"",""
"Portugal",2023,10430680,"",""
"Puerto Rico",2023,3241974,"",""
"Qatar",2023,2979038,"",""
"Reunion",2023,874837,"",""
"Romania",2023,19118433,"",""
"Russia",2023,145440454,"",""
"Rwanda",2023,13954429,"",""
"Saint Barthelemy",2023,11068,"",""
"Saint Helena",2023,5281,"",""
"Saint Kitts and Nevis",2023,46743,"",""
"Saint Lucia",2023,179241,"",""
"Saint Martin (French part)",2023,27500,"",""
"Saint Pierre and Miquelon",2023,5673,"",""
"Saint Vincent and the Grenadines",2023,101286,"",""
"Samoa",2023,216630,"",""
"San Marino",2023,33705,"",""
"Sao Tome and Principe",2023,230834,"",""
"Saudi Arabia",2023,33264239,"",""
"Senegal",2023,18077527,"",""
"Serbia",2023,6773156,"",""
"Seychelles",2023,127910,"",""
"Sierra Leone",2023,8460469,"",""
"Singapore",2023,5789037,"",""
"Sint Maarten (Dutch part)",2023,42734,"",""
"Slovakia",2023,5518008,"",""
"Slovenia",2023,2118353,"",""
"Solomon Islands",2023,799964,"",""
"Somalia",2023,18358576,"",""
"South Africa",2023,63212339,"",""
"South Korea",2023,51748695,"",""
"South Sudan",2023,11483321,"",""
"Spain",2023,47911535,"",""
"Sri Lanka",2023,22971566,"",""
"Sudan",2023,50042754,"",""
"Suriname",2023,628840,"",""
"Sweden",2023,10551441,"",""
"Switzerland",2023,8870520,"",""
"Syria",2023,23594567,"",""
"Taiwan",2023,23317100,"",""
"Tajikistan",2023,10389764,"",""
"Tanzania",2023,66617556,"",""
"Thailand",2023,71702397,"",""
"Togo",2023,9304289,"",""
"Tokelau",2023,2390,"",""
"Tonga",2023,104565,"",""
"Trinidad and Tobago",2023,1502887,"",""
"Tunisia",2023,12200387,"",""
"Turkey",2023,87270451,"",""
"Turkmenistan",2023,7364394,"",""
"Turks and Caicos Islands",2023,46171,"",""
"Tuvalu",2023,9788,"",""
"Uganda",2023,48656550,"",""
"Ukraine",2023,37732781,"",""
"United Arab Emirates",2023,10642052,"",""
"United Kingdom",2023,68682907,"",""
"United States",2023,343477286,"",""
"United States Virgin Islands",2023,85666,"",""
"Uruguay",2023,3388029,"",""
"Uzbekistan",2023,35652264,"",""
"Vanuatu",2023,320377,"",""
"Venezuela",2023,28300815,"",""
"Vietnam",2023,100352143,"",""
"Wallis and Futuna",2023,11360,"",""
"Western Sahara",2023,579688,"",""
"Yemen",2023,39390750,"",""
"Zambia",2023,20723923,"",""
"Zimbabwe",2023,16340778,"",""
